#
# A fatal error has been detected by the Java Runtime Environment:
#
#  SIGSEGV (0xb) at pc=0x00007e6b6b4d94f3, pid=15204, tid=15663
#
# JRE version: OpenJDK Runtime Environment (21.0.10+7) (build 21.0.10+7-Ubuntu-124.04)
# Java VM: OpenJDK 64-Bit Server VM (21.0.10+7-Ubuntu-124.04, mixed mode, sharing, tiered, compressed oops, compressed class ptrs, g1 gc, linux-amd64)
# Problematic frame:
# C  [_jpype.cpython-312-x86_64-linux-gnu.so+0x424f3]  JPypeException::toJava() [clone .cold]+0x5d
#
# Core dump will be written. Default location: Core dumps may be processed with "/usr/share/apport/apport -p%p -s%s -c%c -d%d -P%P -u%u -g%g -F%F -- %E" (or dumping to /home/vicen/ISDEFE/TurtleBot_DualSim/ros2_ws/install/core.15204)
#
# If you would like to submit a bug report, please visit:
#   https://bugs.launchpad.net/ubuntu/+source/openjdk-21
# The crash happened outside the Java Virtual Machine in native code.
# See problematic frame for where to report the bug.
#

---------------  S U M M A R Y ------------

Command Line: 

Host: 13th Gen Intel(R) Core(TM) i9-13900H, 20 cores, 31G, Ubuntu 24.04.4 LTS
Time: Tue May 12 09:24:21 2026 CEST elapsed time: 401.073568 seconds (0d 0h 6m 41s)

---------------  T H R E A D  ---------------

Current thread (0x00007e69ec001040):  JavaThread "Thread-11"        [_thread_in_native, id=15663, stack(0x00007e69f67fe000,0x00007e69f6ffe000) (8192K)]

Stack: [0x00007e69f67fe000,0x00007e69f6ffe000],  sp=0x00007e69f6ffb980,  free space=8182k
Native frames: (J=compiled Java code, j=interpreted, Vv=VM code, C=native code)
C  [_jpype.cpython-312-x86_64-linux-gnu.so+0x424f3]  JPypeException::toJava() [clone .cold]+0x5d
Java frames: (J=compiled Java code, j=interpreted, Vv=VM code)
J 2444  org.jpype.proxy.JPypeProxy.hostInvoke(JLjava/lang/String;JJ[J[Ljava/lang/Object;Ljava/lang/Object;)Ljava/lang/Object; (0 bytes) @ 0x00007e6af84966d7 [0x00007e6af8496620+0x00000000000000b7]
J 3318 c2 org.jpype.proxy.JPypeProxy.invoke(Ljava/lang/Object;Ljava/lang/reflect/Method;[Ljava/lang/Object;)Ljava/lang/Object; (262 bytes) @ 0x00007e6af85457e0 [0x00007e6af8544f60+0x0000000000000880]
J 3467 c2 se.pitch.prti1516e.lrc.MyFederate.b(Lse/pitch/prti1516e/b/az;)V (157 bytes) @ 0x00007e6af85e0208 [0x00007e6af85dfc40+0x00000000000005c8]
J 2940 c2 se.pitch.prti1516e.lrc.TimeAdvanceStrategyTAR.a(Lse/pitch/prti1516e/lrc/MyFederate;)V (363 bytes) @ 0x00007e6af84f2ecc [0x00007e6af84f0ea0+0x000000000000202c]
J 2953 c2 se.pitch.prti1516e.lrc.MyFederate.bN()V (43 bytes) @ 0x00007e6af8501498 [0x00007e6af8500fc0+0x00000000000004d8]
J 3490 c2 se.pitch.prti1516e.lrc.MyFederate.a(DD)Z (402 bytes) @ 0x00007e6af85fbec4 [0x00007e6af85fb5e0+0x00000000000008e4]
J 3298 c2 se.pitch.prti1516e.lrc.ax.evokeCallback(D)Z (193 bytes) @ 0x00007e6af8534fcc [0x00007e6af8534d40+0x000000000000028c]
v  ~StubRoutines::call_stub 0x00007e6af7c5fcc6

siginfo: si_signo: 11 (SIGSEGV), si_code: 1 (SEGV_MAPERR), si_addr: 0x0000000000000000

Registers:
RAX=0x00007e6b6cc7a7d8, RBX=0x00007e69ec0041a0, RCX=0x00007e6b6cc718d0, RDX=0x00000007e69ec002
RSP=0x00007e69f6ffb980, RBP=0x0000000000000000, RSI=0x0000000000000000, RDI=0x00007e69f6ffb908
R8 =0x00007e69ec0008e0, R9 =0x0000000000000007, R10=0x00007e69ec0028a0, R11=0xdd745538067c9bfb
R12=0x00007e69f6ffb990, R13=0x00007e6b140031a8, R14=0x00007e69f6ffb988, R15=0x00007e69f6ffba30
RIP=0x00007e6b6b4d94f3, EFLAGS=0x0000000000010206, CSGSFS=0x002b000000000033, ERR=0x0000000000000006
  TRAPNO=0x000000000000000e

XMM[0]=0x0000000000000000 0x00007e6b6e004563
XMM[1]=0x00007e6b6e004563 0x00007e6b6e004563
XMM[2]=0xffffffffffffffff 0xffffffffffffffff
XMM[3]=0x0000000000000000 0x00007e6b6b548a81
XMM[4]=0x0000000000000000 0x00007e69ec000090
XMM[5]=0x0000000000000000 0x00007e6a5c12d780
XMM[6]=0x0000000000000000 0x00007e6b623c9870
XMM[7]=0x00007e6b6b5567b0 0x00007e6b6b497000
XMM[8]=0x0000000000000000 0x0000000000000000
XMM[9]=0x0000000000000000 0x0000000000000000
XMM[10]=0x0000000000000000 0x0000000000000000
XMM[11]=0x0000000000000000 0xbdd08db26bf06e31
XMM[12]=0x0000000000000000 0x8000000000000000
XMM[13]=0x0000000000000000 0x0000000000000000
XMM[14]=0x8000000000000000 0x8000000000000000
XMM[15]=0x0000000000000000 0x0000000000000000
  MXCSR=0x00001fa2


Register to memory mapping:

RAX=0x00007e6b6cc7a7d8: <offset 0x000000000027a7d8> in /lib/x86_64-linux-gnu/libstdc++.so.6 at 0x00007e6b6ca00000
RBX=0x00007e69ec0041a0 points into unknown readable memory: 0x00007e6b6b54fa38 | 38 fa 54 6b 6b 7e 00 00
RCX=0x00007e6b6cc718d0: <offset 0x00000000002718d0> in /lib/x86_64-linux-gnu/libstdc++.so.6 at 0x00007e6b6ca00000
RDX=0x00000007e69ec002 is an unallocated location in the heap
RSP=0x00007e69f6ffb980 is pointing into the stack for thread: 0x00007e69ec001040
RBP=0x0 is null
RSI=0x0 is null
RDI=0x00007e69f6ffb908 is pointing into the stack for thread: 0x00007e69ec001040
R8 =0x00007e69ec0008e0 points into unknown readable memory: 0x0005000100060004 | 04 00 06 00 01 00 05 00
R9 =0x0000000000000007 is an unknown value
R10=0x00007e69ec0028a0 points into unknown readable memory: 0x00000007e69ec002 | 02 c0 9e e6 07 00 00 00
R11=0xdd745538067c9bfb is an unknown value
R12=0x00007e69f6ffb990 is pointing into the stack for thread: 0x00007e69ec001040
R13=0x00007e6b140031a8 points into unknown readable memory: 0x726956206176614a | 4a 61 76 61 20 56 69 72
R14=0x00007e69f6ffb988 is pointing into the stack for thread: 0x00007e69ec001040
R15=0x00007e69f6ffba30 is pointing into the stack for thread: 0x00007e69ec001040

Top of Stack: (sp=0x00007e69f6ffb980)
0x00007e69f6ffb980:   0000003100000034 00007e6b6b5287a0
0x00007e69f6ffb990:   00007e6b6b528763 00007e69ec000000
0x00007e69f6ffb9a0:   0000000000000002 00007e6b6caba0f4
0x00007e69f6ffb9b0:   00007e69ec002b90 00007e69ec001400
0x00007e69f6ffb9c0:   0000000000000002 00007e69f6ffba50
0x00007e69f6ffb9d0:   00007e69f6ffba20 00007e6b6b4dbc94
0x00007e69f6ffb9e0:   00007e6900001fa2 00007e69f6ffba28
0x00007e69f6ffb9f0:   00007e69f6ffba38 00007e69ec001040
0x00007e69f6ffba00:   00007e69f6ffb9e8 00007e6af8480000
0x00007e69f6ffba10:   0000000000000000 0000000010c04d00
0x00007e69f6ffba20:   0000000000000001 00007e69ec0024a8
0x00007e69f6ffba30:   0000000000000000 0000000004001030
0x00007e69f6ffba40:   00007e69f6ffbac0 00007e69ec001040
0x00007e69f6ffba50:   00007e69ec001400 00007e69ec000000
0x00007e69f6ffba60:   00007e69f6ffbb00 00007e6b21a039e3
0x00007e69f6ffba70:   00007e6a8c181848 0000000000000002
0x00007e69f6ffba80:   00007e69ec001040 00007e69ec001040
0x00007e69f6ffba90:   00007e69f6ffbb28 0000000000000000
0x00007e69f6ffbaa0:   00007e6b22405b78 0000000000000000
0x00007e69f6ffbab0:   00007e69f6ffbb00 00000000c1f54652
0x00007e69f6ffbac0:   00007e69f6ffbb50 0000000000000000
0x00007e69f6ffbad0:   0000000612bd0ed8 00007e69f6ffbb38
0x00007e69f6ffbae0:   00007e69ec001040 00007e6af8496752
0x00007e69f6ffbaf0:   00007e69f6ffbb28 00007e69f6ffbb30
0x00007e69f6ffbb00:   00007e69f6ffbb60 00007e6af83c34df
0x00007e69f6ffbb10:   000000060fb77b48 0000000610461fb8
0x00007e69f6ffbb20:   0000000612bd0e50 0000000612bd0ed8
0x00007e69f6ffbb30:   0000000612bd0ea8 000000060f402e70
0x00007e69f6ffbb40:   000000060f708578 0000000612bd0a30
0x00007e69f6ffbb50:   000000061043a590 00007e6af85457e0
0x00007e69f6ffbb60:   000000060f41bd68 00000006104082d8
0x00007e69f6ffbb70:   000000061044bca8 000000061043a590 

Instructions: (pc=0x00007e6b6b4d94f3)
0x00007e6b6b4d93f3:   ff ff 48 8b 54 24 30 48 8b 4c 24 38 49 89 c7 48
0x00007e6b6b4d9403:   89 94 24 90 00 00 00 48 8b 52 e8 48 89 8c 14 90
0x00007e6b6b4d9413:   00 00 00 48 c7 84 24 98 00 00 00 00 00 00 00 e9
0x00007e6b6b4d9423:   56 fe ff ff 4c 89 ff e8 21 9c ff ff e9 46 fd ff
0x00007e6b6b4d9433:   ff 4c 89 f7 48 89 c3 48 89 d5 e8 fe a6 ff ff eb
0x00007e6b6b4d9443:   a1 ff d0 48 8d 3d 65 ee 04 00 48 89 c6 e8 fb 90
0x00007e6b6b4d9453:   ff ff e9 27 ff ff ff 48 89 c7 48 89 d0 e9 ab fe
0x00007e6b6b4d9463:   ff ff 48 8b 7c 24 60 e8 71 00 02 00 49 8d 74 24
0x00007e6b6b4d9473:   08 4c 89 f7 e8 94 af ff ff e9 fc fd ff ff e8 ca
0x00007e6b6b4d9483:   b8 ff ff 48 89 c5 e8 f2 b3 ff ff 48 89 ef e8 ba
0x00007e6b6b4d9493:   b8 ff ff 4c 89 f7 e8 f2 a1 ff ff 4c 89 e7 e8 4a
0x00007e6b6b4d94a3:   a7 ff ff 48 89 df 48 83 ed 01 75 59 e8 2c b6 ff
0x00007e6b6b4d94b3:   ff 48 8d 3d 9d ee 04 00 48 89 c3 e8 5d 98 ff ff
0x00007e6b6b4d94c3:   48 8b 43 20 48 8d 74 24 10 48 8d 7c 24 08 48 8b
0x00007e6b6b4d94d3:   50 08 48 8b 08 8b 40 10 48 89 54 24 08 48 8d 54
0x00007e6b6b4d94e3:   24 04 89 44 24 04 48 89 4c 24 10 e8 ed 98 ff ff
0x00007e6b6b4d94f3:   c7 04 25 00 00 00 00 00 00 00 00 e8 7d b3 ff ff
0x00007e6b6b4d9503:   e9 b9 fe 01 00 e8 d3 b5 ff ff 48 8d 3d 44 ee 04
0x00007e6b6b4d9513:   00 e8 07 98 ff ff c7 04 25 00 00 00 00 00 00 00
0x00007e6b6b4d9523:   00 e8 57 b3 ff ff e9 93 fe 01 00 4c 89 f7 e8 5a
0x00007e6b6b4d9533:   a1 ff ff e9 63 ff ff ff 48 89 c3 48 89 d5 e8 3a
0x00007e6b6b4d9543:   b3 ff ff 48 89 df 48 89 e8 48 83 e8 01 75 52 e8
0x00007e6b6b4d9553:   89 b5 ff ff 48 8d 74 24 10 c7 44 24 20 b8 01 00
0x00007e6b6b4d9563:   00 48 89 c7 48 8d 05 75 ed 04 00 48 89 44 24 10
0x00007e6b6b4d9573:   48 8d 05 be ed 04 00 48 89 44 24 18 e8 5c 94 ff
0x00007e6b6b4d9583:   ff e8 17 93 ff ff 48 89 c7 48 89 d0 eb bb 48 89
0x00007e6b6b4d9593:   c3 48 89 d5 e8 e4 b2 ff ff 48 89 df 48 89 e8 eb
0x00007e6b6b4d95a3:   a8 e8 a7 b7 ff ff 48 89 c5 e8 cf b2 ff ff 48 89
0x00007e6b6b4d95b3:   ef e8 97 b7 ff ff 90 48 8b 73 18 48 85 f6 74 0f
0x00007e6b6b4d95c3:   48 8b 05 ee 98 07 00 48 8b 38 e8 0e 93 ff ff 4c
0x00007e6b6b4d95d3:   89 f7 e8 76 9a ff ff 48 89 ef e8 6e b7 ff ff 48
0x00007e6b6b4d95e3:   89 ef e8 06 a6 ff ff 48 89 df 4c 89 e0 48 83 e8 


Stack slot to memory mapping:

stack at sp + 0 slots: 0x0000003100000034 is an unknown value
stack at sp + 1 slots: 0x00007e6b6b5287a0: <offset 0x00000000000917a0> in /home/vicen/.local/lib/python3.12/site-packages/_jpype.cpython-312-x86_64-linux-gnu.so at 0x00007e6b6b497000
stack at sp + 2 slots: 0x00007e6b6b528763: <offset 0x0000000000091763> in /home/vicen/.local/lib/python3.12/site-packages/_jpype.cpython-312-x86_64-linux-gnu.so at 0x00007e6b6b497000
stack at sp + 3 slots: 0x00007e69ec000000 points into unknown readable memory: 0x00007e69ec000030 | 30 00 00 ec 69 7e 00 00
stack at sp + 4 slots: 0x0000000000000002 is an unknown value
stack at sp + 5 slots: 0x00007e6b6caba0f4: __cxa_get_globals+0x0000000000000014 in /lib/x86_64-linux-gnu/libstdc++.so.6 at 0x00007e6b6ca00000
stack at sp + 6 slots: 0x00007e69ec002b90 points into unknown readable memory: 0x474e5543432b2b00 | 00 2b 2b 43 43 55 4e 47
stack at sp + 7 slots: 0x00007e69ec001400 points into unknown readable memory: 0x00007e6b224cd060 | 60 d0 4c 22 6b 7e 00 00


Compiled method (n/a) 401079 2444     n 0       org.jpype.proxy.JPypeProxy::hostInvoke (native)
 total in heap  [0x00007e6af8496490,0x00007e6af8496a60] = 1488
 relocation     [0x00007e6af84965e8,0x00007e6af8496620] = 56
 main code      [0x00007e6af8496620,0x00007e6af8496a54] = 1076
 stub code      [0x00007e6af8496a54,0x00007e6af8496a58] = 4
 oops           [0x00007e6af8496a58,0x00007e6af8496a60] = 8

[Constant Pool (empty)]

[MachCode]
[Entry Point]
  # {method} {0x00007e6a8741e338} 'hostInvoke' '(JLjava/lang/String;JJ[J[Ljava/lang/Object;Ljava/lang/Object;)Ljava/lang/Object;' in 'org/jpype/proxy/JPypeProxy'
  # parm0:    rsi:rsi   = long
  # parm1:    rdx:rdx   = 'java/lang/String'
  # parm2:    rcx:rcx   = long
  # parm3:    r8:r8     = long
  # parm4:    r9:r9     = '[J'
  # parm5:    rdi:rdi   = '[Ljava/lang/Object;'
  # parm6:    [sp+0x70]   = 'java/lang/Object'  (sp of caller)
  0x00007e6af8496620: 448b 5608 | 49bb 0000 | 008b 6a7e | 0000 4d03 | d349 3bc2 | 0f84 0600 

  0x00007e6af8496638: ;   {runtime_call ic_miss_stub}
  0x00007e6af8496638: 0000 e941 | 6a81 ff90 
[Verified Entry Point]
  0x00007e6af8496640: 8984 2400 | c0fe ff55 | 488b ec48 | 83ec 6090 | 4181 7f20 | 0500 0000 

  0x00007e6af8496658: ;   {runtime_call StubRoutines (final stubs)}
  0x00007e6af8496658: 7405 e841 | ce7f ff48 | 837d 1000 | 488d 4510 | 480f 4445 | 1048 8944 | 2410 4889 | 7c24 4048 
  0x00007e6af8496678: 83ff 0048 | 8d44 2440 | 480f 4444 | 2440 4889 | 4424 084c | 894c 2438 | 4983 f900 | 488d 4424 
  0x00007e6af8496698: 3848 0f44 | 4424 3848 | 8904 244d | 8bc8 4c8b | c148 8954 | 2420 4883 | fa00 488d | 4c24 2048 
  0x00007e6af84966b8: 0f44 4c24 | 2048 8bd6 

  0x00007e6af84966c0: ;   {oop(a 'java/lang/Class'{0x000000060f402e70} = 'org/jpype/proxy/JPypeProxy')}
  0x00007e6af84966c0: 49be 702e | 400f 0600 | 0000 4c89 | 7424 484c | 8d74 2448 | 498b f6c5 

  0x00007e6af84966d8: ;   {internal_word}
  0x00007e6af84966d8: f877 49ba | d766 49f8 | 6a7e 0000 | 4d89 97a8 | 0300 0049 | 89a7 a003 

  0x00007e6af84966f0: ;   {external_word}
  0x00007e6af84966f0: 0000 803d | dc59 072a | 000f 843c | 0000 0056 | 5251 4150 

  0x00007e6af8496704: ;   {metadata({method} {0x00007e6a8741e338} 'hostInvoke' '(JLjava/lang/String;JJ[J[Ljava/lang/Object;Ljava/lang/Object;)Ljava/lang/Object;' in 'org/jpype/proxy/JPypeProxy')}
  0x00007e6af8496704: 4151 48be | 38e3 4187 | 6a7e 0000 | 498b ff40 | f6c4 0f0f | 8412 0000 | 0048 83ec 

  0x00007e6af8496720: ;   {runtime_call SharedRuntime::dtrace_method_entry(JavaThread*, Method*)}
  0x00007e6af8496720: 08e8 3ada | 9229 4883 | c408 e905 

  0x00007e6af849672c: ;   {runtime_call SharedRuntime::dtrace_method_entry(JavaThread*, Method*)}
  0x00007e6af849672c: 0000 00e8 | 2cda 9229 | 4159 4158 | 595a 5e49 | 8dbf c003 | 0000 41c7 | 874c 0400 | 0004 0000 
  0x00007e6af849674c: ;   {runtime_call Java_org_jpype_proxy_JPypeProxy_hostInvoke}
  0x00007e6af849674c: 00e8 5e02 | 0773 c5f8 | 7741 c787 | 4c04 0000 | 0500 0000 | f083 4424 | c000 493b | af50 0400 
  0x00007e6af849676c: 000f 870e | 0000 0041 | 83bf 4804 | 0000 000f | 8424 0000 | 00c5 f877 | 4889 45f8 | 498b ff4c 
  0x00007e6af849678c: 8be4 4883 | ec00 4883 

  0x00007e6af8496794: ;   {runtime_call JavaThread::check_special_condition_for_native_trans(JavaThread*)}
  0x00007e6af8496794: e4f0 e865 | 6349 2949 | 8be4 4d33 | e448 8b45 | f841 c787 | 4c04 0000 | 0800 0000 | 4183 bfc8 
  0x00007e6af84967b4: 0400 0002 | 0f84 7002 

  0x00007e6af84967bc: ;   {external_word}
  0x00007e6af84967bc: 0000 803d | 1059 072a | 000f 8436 | 0000 0048 

  0x00007e6af84967cc: ;   {metadata({method} {0x00007e6a8741e338} 'hostInvoke' '(JLjava/lang/String;JJ[J[Ljava/lang/Object;Ljava/lang/Object;)Ljava/lang/Object;' in 'org/jpype/proxy/JPypeProxy')}
  0x00007e6af84967cc: 8945 f848 | be38 e341 | 876a 7e00 | 0049 8bff | 40f6 c40f | 0f84 1200 | 0000 4883 

  0x00007e6af84967e8: ;   {runtime_call SharedRuntime::dtrace_method_exit(JavaThread*, Method*)}
  0x00007e6af84967e8: ec08 e861 | da92 2948 | 83c4 08e9 | 0500 0000 

  0x00007e6af84967f8: ;   {runtime_call SharedRuntime::dtrace_method_exit(JavaThread*, Method*)}
  0x00007e6af84967f8: e853 da92 | 2948 8b45 | f849 c787 | a003 0000 | 0000 0000 | 49c7 87a8 | 0300 0000 | 0000 00c5 
  0x00007e6af8496818: f877 4885 | c00f 84e8 | 0100 00a8 | 030f 8508 | 0000 0048 | 8b00 e9d8 | 0100 00a8 | 010f 8509 
  0x00007e6af8496838: 0000 0048 | 8b40 fee9 | c701 0000 | 488b 40ff | 4180 7f40 | 000f 84b8 | 0100 0048 | 83f8 000f 
  0x00007e6af8496858: 84ae 0100 | 0049 8b4f | 2848 83f9 | 000f 8414 | 0000 0048 | 83e9 0849 | 894f 2849 | 034f 3848 
  0x00007e6af8496878: 8901 e98c | 0100 0048 | 81ec d000 | 0000 4889 | 0424 4889 | 4c24 0848 | 8954 2410 | 4889 7424 
  0x00007e6af8496898: 1848 897c | 2420 4c89 | 4424 284c | 894c 2430 | 4c89 5424 | 384c 895c | 2440 c5fb | 1144 2450 
  0x00007e6af84968b8: c5fb 114c | 2458 c5fb | 1154 2460 | c5fb 115c | 2468 c5fb | 1164 2470 | c5fb 116c | 2478 c5fb 
  0x00007e6af84968d8: 11b4 2480 | 0000 00c5 | fb11 bc24 | 8800 0000 | c57b 1184 | 2490 0000 | 00c5 7b11 

  0x00007e6af84968f4: ;   {no_reloc}
  0x00007e6af84968f4: 8c24 9800 | 0000 c57b | 1194 24a0 | 0000 00c5 | 7b11 9c24 | a800 0000 | c57b 11a4 | 24b0 0000 
  0x00007e6af8496914: 00c5 7b11 | ac24 b800 | 0000 c57b | 11b4 24c0 | 0000 00c5 | 7b11 bc24 | c800 0000 | 498b f748 
  0x00007e6af8496934: 8bf8 40f6 | c40f 0f84 | 1200 0000 | 4883 ec08 

  0x00007e6af8496944: ;   {runtime_call G1BarrierSetRuntime::write_ref_field_pre_entry(oopDesc*, JavaThread*)}
  0x00007e6af8496944: e8a7 1f32 | 2948 83c4 | 08e9 0500 

  0x00007e6af8496950: ;   {runtime_call G1BarrierSetRuntime::write_ref_field_pre_entry(oopDesc*, JavaThread*)}
  0x00007e6af8496950: 0000 e899 | 1f32 29c5 | 7b10 bc24 | c800 0000 | c57b 10b4 | 24c0 0000 | 00c5 7b10 | ac24 b800 
  0x00007e6af8496970: 0000 c57b | 10a4 24b0 | 0000 00c5 | 7b10 9c24 | a800 0000 | c57b 1094 | 24a0 0000 | 00c5 7b10 
  0x00007e6af8496990: 8c24 9800 | 0000 c57b | 1084 2490 | 0000 00c5 | fb10 bc24 | 8800 0000 | c5fb 10b4 | 2480 0000 
  0x00007e6af84969b0: 00c5 fb10 | 6c24 78c5 | fb10 6424 | 70c5 fb10 | 5c24 68c5 | fb10 5424 | 60c5 fb10 | 4c24 58c5 
  0x00007e6af84969d0: fb10 4424 | 504c 8b5c | 2440 4c8b | 5424 384c | 8b4c 2430 | 4c8b 4424 | 2848 8b7c | 2420 488b 
  0x00007e6af84969f0: 7424 1848 | 8b54 2410 | 488b 4c24 | 0848 8b04 | 2448 81c4 | d000 0000 | c5f8 7749 | 8b8f 3004 
  0x00007e6af8496a10: 0000 c781 | 0001 0000 | 0000 0000 | c949 837f | 0800 0f85 | 0100 0000 

  0x00007e6af8496a28: ;   {runtime_call StubRoutines (initial stubs)}
  0x00007e6af8496a28: c3e9 d291 | 7cff c5f8 | 7748 8945 | f84c 8be4 | 4883 ec00 | 4883 e4f0 

  0x00007e6af8496a40: ;   {runtime_call SharedRuntime::reguard_yellow_pages()}
  0x00007e6af8496a40: e87b e792 | 2949 8be4 | 4d33 e448 | 8b45 f8e9 | 6afd ffff 
[Stub Code]
  0x00007e6af8496a54: f4f4 f4f4 
[/MachCode]


Compiled method (c2) 401099 3318   !   4       org.jpype.proxy.JPypeProxy::invoke (262 bytes)
 total in heap  [0x00007e6af8544c90,0x00007e6af85473b8] = 10024
 relocation     [0x00007e6af8544de8,0x00007e6af8544f48] = 352
 main code      [0x00007e6af8544f60,0x00007e6af8546460] = 5376
 stub code      [0x00007e6af8546460,0x00007e6af85464e0] = 128
 oops           [0x00007e6af85464e0,0x00007e6af85464e8] = 8
 metadata       [0x00007e6af85464e8,0x00007e6af85465c0] = 216
 scopes data    [0x00007e6af85465c0,0x00007e6af8546f00] = 2368
 scopes pcs     [0x00007e6af8546f00,0x00007e6af8547230] = 816
 dependencies   [0x00007e6af8547230,0x00007e6af8547258] = 40
 handler table  [0x00007e6af8547258,0x00007e6af8547360] = 264
 nul chk table  [0x00007e6af8547360,0x00007e6af85473b8] = 88

[Constant Pool (empty)]

[MachCode]
[Entry Point]
  # {method} {0x00007e6a8741e210} 'invoke' '(Ljava/lang/Object;Ljava/lang/reflect/Method;[Ljava/lang/Object;)Ljava/lang/Object;' in 'org/jpype/proxy/JPypeProxy'
  # this:     rsi:rsi   = 'org/jpype/proxy/JPypeProxy'
  # parm0:    rdx:rdx   = 'java/lang/Object'
  # parm1:    rcx:rcx   = 'java/lang/reflect/Method'
  # parm2:    r8:r8     = '[Ljava/lang/Object;'
  #           [sp+0xe0]  (sp of caller)
  0x00007e6af8544f60: 448b 5608 | 49bb 0000 | 008b 6a7e | 0000 4d03 | d349 3bc2 

  0x00007e6af8544f74: ;   {runtime_call ic_miss_stub}
  0x00007e6af8544f74: 0f85 0681 | 76ff 6690 | 0f1f 4000 
[Verified Entry Point]
  0x00007e6af8544f80: 8984 2400 | c0fe ff55 | 4881 ecd0 | 0000 0090 | 4181 7f20 | 0500 0000 | 0f85 b414 | 0000 4c89 
  0x00007e6af8544fa0: 4424 2048 | 894c 2418 | 4889 5424 | 1048 8974 | 2408 448b | 560c 478b | 5cd4 2447 | 8b54 dc0c 
  0x00007e6af8544fc0: 4585 d20f | 8f87 0e00 | 0044 8b5e | 0c47 8b54 | dc1c 4489 | 5424 5045 | 85d2 0f84 | cc0b 0000 
  0x00007e6af8544fe0: 4b8d 2cd4 | 488d 9c24 | b000 0000 | 488b 4500 | a802 0f85 | 2400 0000 | 4883 c801 | 4889 03f0 
  0x00007e6af8545000: 480f b15d | 000f 8437 | 0000 0048 | 2bc4 4825 | 07f0 ffff | 4889 03e9 | 2400 0000 | 4c8b d048 
  0x00007e6af8545020: 33c0 f04d | 0fb1 7a3e | 48c7 0303 | 0000 0074 | 114c 3bf8 | 7515 49ff | 8286 0000 | 0048 33c0 
  0x00007e6af8545040: 7509 49ff | 8750 0500 | 0033 c00f | 857f 0b00 | 004c 8b5c | 2418 458b | 532c 4b8b | 5cd4 1044 
  0x00007e6af8545060: 8b4c 2450 | 470f b644 | cc0d 4585 | c00f 8509 

  0x00007e6af8545070: ;   {no_reloc}
  0x00007e6af8545070: 0e00 004b | 8d3c d448 | 85db 741d | 448b 4b10 | 4181 e100 | 1000 0045 | 85c9 0f85 | 5c0e 0000 
  0x00007e6af8545090: 448b 4b08 | 4585 c97c | 4948 897c | 2440 4889 | 5c24 3844 | 8954 2430 | 4889 6c24 | 2848 8bf7 
  0x00007e6af85450b0: ;   {optimized virtual_call}
  0x00007e6af85450b0: 488b efe8 

  0x00007e6af85450b4: ; ImmutableOopMap {rbp=Oop [8]=Oop [16]=Oop [24]=Oop [32]=Oop [40]=Oop [48]=NarrowOop [64]=Oop [80]=NarrowOop }
                      ;*invokevirtual getEnclosingMethod0 {reexecute=0 rethrow=0 return_oop=1}
                      ; - java.lang.Class::hasEnclosingMethodInfo@1 (line 1988)
                      ; - java.lang.Class::isLocalOrAnonymousClass@1 (line 1984)
                      ; - java.lang.Class::isAnonymousClass@8 (line 1922)
                      ; - org.jpype.manager.TypeManager::findClass@52
                      ; - org.jpype.proxy.JPypeProxy::invoke@41
  0x00007e6af85450b4: 88e3 e7ff 

  0x00007e6af85450b8: ;   {other}
  0x00007e6af85450b8: 0f1f 8400 | 2804 0000 | 4885 c00f | 85a7 0e00 | 004c 8b5c | 2418 488b | 6c24 2844 | 8b54 2430 
  0x00007e6af85450d8: 488b 5c24 | 3848 8b7c | 2440 448b | 4c24 5047 | 8b4c cc18 

  0x00007e6af85450ec: ; implicit exception: dispatches to 0x00007e6af8546200
  0x00007e6af85450ec: 478b 44cc 

  0x00007e6af85450f0: ;   {metadata('java/util/HashMap')}
  0x00007e6af85450f0: 0841 81f8 | 78b6 0800 | 0f85 ef0a | 0000 4f8d | 04cc 458b | 4824 4585 | c90f 841c | 0100 0043 
  0x00007e6af8545110: 8b4c cc0c | 85c9 0f86 | e80c 0000 | 4c8b 074b | 8d14 cc4d | 8bc8 4983 | e103 ffc9 | 4983 f901 
  0x00007e6af8545130: 0f85 b207 | 0000 49c1 | e808 418b | c025 ffff | ff7f 85c0 | 0f84 9e07 | 0000 448b | c841 c1e9 
  0x00007e6af8545150: 1044 33c8 | 4123 c98b | 4c8a 1085 | c90f 84c8 | 0000 0045 | 8b44 cc0c | 453b c10f | 8483 0000 
  0x00007e6af8545170: 0041 8b54 | cc18 85d2 | 0f84 ad00 | 0000 418b 

  0x00007e6af8545180: ;   {metadata('java/util/HashMap$TreeNode')}
  0x00007e6af8545180: 74cc 0881 | fe18 e61a | 000f 842d | 0e00 0049 | 8d0c d444 | 8b41 0c45 | 3bc1 7418 | 498b b758 
  0x00007e6af85451a0: 0400 0044 

  0x00007e6af85451a4: ; ImmutableOopMap {r10=NarrowOop r11=Oop r8=NarrowOop rdi=Oop rbp=Oop [8]=Oop [16]=Oop [32]=Oop [80]=NarrowOop }
                      ;*ifnonnull {reexecute=1 rethrow=0 return_oop=0}
                      ; - (reexecute) java.util.HashMap::getNode@145 (line 587)
                      ; - java.util.HashMap::get@2 (line 564)
                      ; - org.jpype.manager.TypeManager::getClass@11
                      ; - org.jpype.manager.TypeManager::findClass@106
                      ; - org.jpype.proxy.JPypeProxy::invoke@41
                      ;   {poll}
  0x00007e6af85451a4: 8b41 1885 | 0645 85c0 | 747d 4b8d | 0cc4 ebdf | 448b 4110 | 453b c274 | 4e45 3bd0 | 7449 33ed 
  0x00007e6af85451c4: 453b d040 | 0f94 c5be | 45ff ffff | 4c89 5c24 | 1844 8954 | 2440 4889 | 4c24 4844 | 894c 2444 
  0x00007e6af85451e4: ;   {runtime_call UncommonTrapBlob}
  0x00007e6af85451e4: 6666 90e8 

  0x00007e6af85451e8: ; ImmutableOopMap {[8]=Oop [16]=Oop [24]=Oop [32]=Oop [64]=NarrowOop [72]=Oop [80]=NarrowOop }
                      ;*ifeq {reexecute=1 rethrow=0 return_oop=0}
                      ; - (reexecute) java.util.HashMap::getNode@131 (line 585)
                      ; - java.util.HashMap::get@2 (line 564)
                      ; - org.jpype.manager.TypeManager::getClass@11
                      ; - org.jpype.manager.TypeManager::findClass@106
                      ; - org.jpype.proxy.JPypeProxy::invoke@41
  0x00007e6af85451e8: 14dd 76ff 

  0x00007e6af85451ec: ;   {other}
  0x00007e6af85451ec: 0f1f 8400 | 5c05 0002 | 418b 54cc | 1041 3bd2 | 7409 443b | d20f 85cd | 0b00 0048 | c1e1 0344 
  0x00007e6af854520c: 8b49 1445 | 85c9 7417 | 438b 4ccc 

  0x00007e6af8545218: ;   {metadata('org/jpype/manager/ClassDescriptor')}
  0x00007e6af8545218: 0881 f940 | 2700 010f | 85d7 0d00 | 004b 8d04 | cceb 6848 | 85db 742a | 448b 5308 | 4585 d27d 
  0x00007e6af8545238: 2148 896c | 2428 4c89 | 5c24 1848 | 8bf5 488b 

  0x00007e6af8545248: ;   {optimized virtual_call}
  0x00007e6af8545248: d766 90e8 

  0x00007e6af854524c: ; ImmutableOopMap {rbp=Oop [8]=Oop [16]=Oop [24]=Oop [32]=Oop [40]=Oop [80]=NarrowOop }
                      ;*invokevirtual createArrayClass {reexecute=0 rethrow=0 return_oop=1}
                      ; - org.jpype.manager.TypeManager::createClass@9
                      ; - org.jpype.manager.TypeManager::getClass@27
                      ; - org.jpype.manager.TypeManager::findClass@106
                      ; - org.jpype.proxy.JPypeProxy::invoke@41
  0x00007e6af854524c: 3081 76ff 

  0x00007e6af8545250: ;   {other}
  0x00007e6af8545250: 0f1f 8400 | c005 0003 | eb26 4889 | 6c24 284c | 895c 2418 | 488b f548 | 8bd7 33c9 | 41b8 0100 
  0x00007e6af8545270: ;   {optimized virtual_call}
  0x00007e6af8545270: 0000 90e8 

  0x00007e6af8545274: ; ImmutableOopMap {rbp=Oop [8]=Oop [16]=Oop [24]=Oop [32]=Oop [40]=Oop [80]=NarrowOop }
                      ;*invokevirtual createOrdinaryClass {reexecute=0 rethrow=0 return_oop=1}
                      ; - org.jpype.manager.TypeManager::createClass@17
                      ; - org.jpype.manager.TypeManager::getClass@27
                      ; - org.jpype.manager.TypeManager::findClass@106
                      ; - org.jpype.proxy.JPypeProxy::invoke@41
  0x00007e6af8545274: 0881 76ff 

  0x00007e6af8545278: ;   {other}
  0x00007e6af8545278: 0f1f 8400 | e805 0004 | 4885 c00f | 84af 0c00 | 004c 8b5c | 2418 488b | 6c24 2845 | 8b53 304c 
  0x00007e6af8545298: 8b48 1047 | 8b44 d40c | 4b8d 3cd4 | 4963 d048 | 8d1c 9500 | 0000 0041 | 81f8 0000 | 0400 0f87 
  0x00007e6af85452b8: b606 0000 | 498b 8fb8 | 0100 0048 | 8d73 1748 | 83e6 f848 | 8bc1 4803 | c649 3b87 | c801 0000 
  0x00007e6af85452d8: 0f83 9406 | 0000 4989 | 87b8 0100 | 000f 0d88 | c000 0000 | 48c7 0101 | 0000 000f | 0d88 0001 
  0x00007e6af85452f8: ;   {metadata('java/lang/Class'[])}
  0x00007e6af85452f8: 0000 c741 | 08a8 6e00 | 0044 8941 | 0c0f 0d88 | 4001 0000 | 0f0d 8880 | 0100 004c | 895c 2418 
  0x00007e6af8545318: 4889 6c24 | 2844 8954 | 2434 4c89 | 4c24 3844 | 8944 2430 | 4889 7c24 | 4048 8954 | 2448 4889 
  0x00007e6af8545338: 5c24 588b | 6c24 3449 | 8d7c ec10 | 488b f148 | 83c6 1048 | 894c 2440 | 488b 5424 | 5848 83c2 
  0x00007e6af8545358: 0748 c1ea | 0349 ba00 | 24c9 f76a | 7e00 0041 

  0x00007e6af8545368: ;   {other}
  0x00007e6af8545368: ffd2 0f1f | 8400 0000 | 0000 448b | 5424 3041 | 81fa 0000 | 0200 0f87 | 3806 0000 | 4d8b afb8 
  0x00007e6af8545388: 0100 004c | 8b5c 2448 | 4f8d 54dd | 104d 3b97 | c801 0000 | 0f83 1a06 | 0000 4d89 | 97b8 0100 
  0x00007e6af85453a8: 0041 0f0d | 8ac0 0000 | 0049 c745 | 0001 0000 | 0041 0f0d | 8a00 0100 

  0x00007e6af85453c0: ;   {metadata({type array long})}
  0x00007e6af85453c0: 0041 c745 | 08f8 2a00 | 0044 8b74 | 2430 4589 | 750c 410f | 0d8a 4001 | 0000 498b | fd48 83c7 
  0x00007e6af85453e0: 1041 0f0d | 8a80 0100 | 0048 8b4c | 2448 4833 | c048 83f9 | 087f 1048 | ffc9 784f | 4889 04cf 
  0x00007e6af8545400: 48ff c97d | f7eb 44c5 | fdef c0e9 | 0d00 0000 | c5fe 7f07 | c5fe 7f47 | 2048 83c7 | 4048 83e9 
  0x00007e6af8545420: 087d ed48 | 83c1 047c | 0cc5 fe7f | 0748 83c7 | 2048 83e9 | 0448 83c1 | 047e 1048 | ffc9 c5f9 
  0x00007e6af8545440: d607 4883 | c708 48ff | c97d f345 | 85f6 0f86 | 9f02 0000 | 4585 f60f | 86bb 0800 | 0045 8d56 
  0x00007e6af8545460: ff45 3bd6 | 0f83 ae08 | 0000 4533 | d2e9 b403 | 0000 4889 | 7424 6848 | 896c 2460 | 4489 5c24 
  0x00007e6af8545480: 5844 8954 | 2454 4c89 | 6c24 4844 | 8974 2430 | 8b6c 2454 | 896c 2434 

  0x00007e6af8545498: ;   {optimized virtual_call}
  0x00007e6af8545498: 488b eee8 

  0x00007e6af854549c: ; ImmutableOopMap {rbp=Oop [8]=Oop [16]=Oop [24]=Oop [32]=Oop [40]=Oop [64]=Oop [72]=Oop [80]=NarrowOop [88]=NarrowOop [104]=Oop }
                      ;*invokevirtual getEnclosingMethod0 {reexecute=0 rethrow=0 return_oop=1}
                      ; - java.lang.Class::hasEnclosingMethodInfo@1 (line 1988)
                      ; - java.lang.Class::isLocalOrAnonymousClass@1 (line 1984)
                      ; - java.lang.Class::isAnonymousClass@8 (line 1922)
                      ; - org.jpype.manager.TypeManager::findClass@52
                      ; - org.jpype.proxy.JPypeProxy::invoke@81
  0x00007e6af854549c: a0df e7ff 

  0x00007e6af85454a0: ;   {other}
  0x00007e6af85454a0: 0f1f 8400 | 1008 0005 | 4885 c00f | 850b 0800 | 0044 8b4c | 2450 448b | 7424 304c | 8b44 2440 
  0x00007e6af85454c0: 4c8b 6c24 | 4844 8b54 | 2434 448b | 5c24 5848 | 8b6c 2460 | 488b 7424 | 6843 8b54 | cc18 418b 
  0x00007e6af85454e0: ;   {metadata('java/util/HashMap')}
  0x00007e6af85454e0: 7cd4 0881 | ff78 b608 | 000f 85f6 | 0400 0049 | 8d0c d48b | 7924 85ff | 0f84 3201 | 0000 418b 
  0x00007e6af8545500: 54fc 0c85 | d20f 8689 | 0500 0048 | 8b0e ffca | 488b c148 | 83e0 0349 | 8d1c fc48 | 83f8 010f 
  0x00007e6af8545520: 8551 0300 | 0048 c1e9 | 088b c125 | ffff ff7f | 85c0 0f84 | 3e03 0000 | 8bf8 c1ef | 1033 f823 
  0x00007e6af8545540: d78b 5493 | 1085 d20f | 84e3 0000 | 0041 8b5c | d40c 3bdf | 0f84 9e00 | 0000 418b | 5cd4 1885 
  0x00007e6af8545560: db0f 84c9 | 0000 0041 | 8b4c d408 

  0x00007e6af854556c: ;   {metadata('java/util/HashMap$TreeNode')}
  0x00007e6af854556c: 81f9 18e6 | 1a00 0f84 | f407 0000 | 498d 0cdc | 8b51 0c3b | d774 1a49 | 8b9f 5804 | 0000 8b51 
  0x00007e6af854558c: ; ImmutableOopMap {r11=NarrowOop r8=Oop r9=NarrowOop rdx=NarrowOop rsi=Oop r13=Oop [8]=Oop [16]=Oop [24]=Oop [32]=Oop [40]=Oop }
                      ;*ifnonnull {reexecute=1 rethrow=0 return_oop=0}
                      ; - (reexecute) java.util.HashMap::getNode@145 (line 587)
                      ; - java.util.HashMap::get@2 (line 564)
                      ; - org.jpype.manager.TypeManager::getClass@11
                      ; - org.jpype.manager.TypeManager::findClass@106
                      ; - org.jpype.proxy.JPypeProxy::invoke@81
                      ;   {poll}
  0x00007e6af854558c: 1885 0385 | d20f 8499 | 0000 0049 | 8d0c d4eb | df8b 5110 | 413b d374 | 6a44 3bda | 7465 33ed 
  0x00007e6af85455ac: 443b da40 | 0f94 c5be | 45ff ffff | 488b 5c24 | 3848 895c | 2430 4489 | 4c24 2c4c | 8944 2440 
  0x00007e6af85455cc: 4c89 6c24 | 5044 8954 | 244c 4489 | 4c24 5844 | 895c 2468 | 4889 4c24 | 7089 7c24 

  0x00007e6af85455e8: ;   {runtime_call UncommonTrapBlob}
  0x00007e6af85455e8: 6c66 90e8 

  0x00007e6af85455ec: ; ImmutableOopMap {[8]=Oop [16]=Oop [24]=Oop [32]=Oop [44]=NarrowOop [64]=Oop [80]=Oop [88]=NarrowOop [104]=NarrowOop [112]=Oop }
                      ;*ifeq {reexecute=1 rethrow=0 return_oop=0}
                      ; - (reexecute) java.util.HashMap::getNode@131 (line 585)
                      ; - java.util.HashMap::get@2 (line 564)
                      ; - org.jpype.manager.TypeManager::getClass@11
                      ; - org.jpype.manager.TypeManager::findClass@106
                      ; - org.jpype.proxy.JPypeProxy::invoke@81
  0x00007e6af85455ec: 10d9 76ff 

  0x00007e6af85455f0: ;   {other}
  0x00007e6af85455f0: 0f1f 8400 | 6009 0007 | 418b 5cd4 | 1041 3bdb | 7409 443b | db0f 853d | 0400 0049 | 8d0c d48b 
  0x00007e6af8545610: 7914 85ff | 741a 418b 

  0x00007e6af8545618: ;   {metadata('org/jpype/manager/ClassDescriptor')}
  0x00007e6af8545618: 4cfc 0881 | f940 2700 | 010f 8511 | 0a00 0049 | 8d04 fce9 | ae00 0000 | 4885 ed74 | 458b 4d08 
  0x00007e6af8545638: 85c9 7d3e | 4c8b de44 | 8954 2454 | 4c89 6c24 | 484c 8944 | 2440 4489 | 7424 3044 | 894c 2450 
  0x00007e6af8545658: 488b 7424 | 2849 8bd3 | 448b 5c24 | 5444 895c 

  0x00007e6af8545668: ;   {optimized virtual_call}
  0x00007e6af8545668: 2434 90e8 

  0x00007e6af854566c: ; ImmutableOopMap {[8]=Oop [16]=Oop [24]=Oop [32]=Oop [40]=Oop [64]=Oop [72]=Oop [80]=NarrowOop }
                      ;*invokevirtual createArrayClass {reexecute=0 rethrow=0 return_oop=1}
                      ; - org.jpype.manager.TypeManager::createClass@9
                      ; - org.jpype.manager.TypeManager::getClass@27
                      ; - org.jpype.manager.TypeManager::findClass@106
                      ; - org.jpype.proxy.JPypeProxy::invoke@81
  0x00007e6af854566c: 107d 76ff 

  0x00007e6af8545670: ;   {other}
  0x00007e6af8545670: 0f1f 8400 | e009 0008 | eb42 4c8b | de44 8954 | 2454 4c89 | 6c24 484c | 8944 2440 | 4489 7424 
  0x00007e6af8545690: 3044 894c | 2450 488b | 7424 2849 | 8bd3 33c9 | 41b8 0100 | 0000 8b6c | 2454 896c 

  0x00007e6af85456ac: ;   {optimized virtual_call}
  0x00007e6af85456ac: 2434 90e8 

  0x00007e6af85456b0: ; ImmutableOopMap {[8]=Oop [16]=Oop [24]=Oop [32]=Oop [40]=Oop [64]=Oop [72]=Oop [80]=NarrowOop }
                      ;*invokevirtual createOrdinaryClass {reexecute=0 rethrow=0 return_oop=1}
                      ; - org.jpype.manager.TypeManager::createClass@17
                      ; - org.jpype.manager.TypeManager::getClass@27
                      ; - org.jpype.manager.TypeManager::findClass@106
                      ; - org.jpype.proxy.JPypeProxy::invoke@81
  0x00007e6af85456b0: cc7c 76ff 

  0x00007e6af85456b4: ;   {other}
  0x00007e6af85456b4: 0f1f 8400 | 240a 0009 | 4885 c00f | 84a1 0500 | 0044 8b4c | 2450 448b | 7424 304c | 8b44 2440 
  0x00007e6af85456d4: 4c8b 6c24 | 4844 8b54 | 2454 4c8b | 5810 4f89 | 5cd5 1041 | ffc2 453b | d60f 8c29 | 0100 004c 
  0x00007e6af85456f4: 8b5c 2428 | 488d 8424 | b000 0000 | 4883 3800 | 0f84 7900 | 0000 4d8b | 1341 f6c2 | 020f 8462 
  0x00007e6af8545714: 0000 0049 | 83ba 8600 | 0000 0074 | 0949 ff8a | 8600 0000 | eb4b 498b | 8296 0000 | 0049 0b82 
  0x00007e6af8545734: 8e00 0000 | 750a 49c7 | 423e 0000 | 0000 eb3d | 4983 ba9e | 0000 0000 | 7422 4833 | c049 c742 
  0x00007e6af8545754: 3e00 0000 | 00f0 8304 | 2400 4983 | ba9e 0000 | 0000 750d | f04d 0fb1 | 7a3e 7505 | 83c8 01eb 
  0x00007e6af8545774: 0ca8 00eb | 084c 8b10 | f04d 0fb1 | 1375 0a49 | ff8f 5005 | 0000 4533 | d20f 85a9 | 0400 004c 
  0x00007e6af8545794: 8b54 2408 | 458b 5a0c 

  0x00007e6af854579c: ; implicit exception: dispatches to 0x00007e6af8546280
  0x00007e6af854579c: 4b8b 74dc | 1049 8b4a | 1048 8b6c | 2418 448b | 5528 498b 

  0x00007e6af85457b0: ;   {no_reloc}
  0x00007e6af85457b0: d248 c1e2 

  0x00007e6af85457b4: ;   {oop(a 'java/lang/Class'{0x000000060f402e70} = 'org/jpype/proxy/JPypeProxy')}
  0x00007e6af85457b4: 0349 ba70 | 2e40 0f06 | 0000 0045 | 8b52 7849 | c1e2 034c | 8b44 2438 | 4d8b cd48 | 8b7c 2420 
  0x00007e6af85457d4: 4c89 1424 

  0x00007e6af85457d8: ;   {static_call}
  0x00007e6af85457d8: 6666 90e8 

  0x00007e6af85457dc: ; ImmutableOopMap {rbp=Oop [16]=Oop [24]=Oop [32]=Oop }
                      ;*invokestatic hostInvoke {reexecute=0 rethrow=0 return_oop=1}
                      ; - org.jpype.proxy.JPypeProxy::invoke@128
  0x00007e6af85457dc: 600e f5ff 

  0x00007e6af85457e0: ;   {other}
  0x00007e6af85457e0: 0f1f 8400 | 500b 000a 

  0x00007e6af85457e8: ;   {oop(a 'java/lang/Class'{0x000000060f402e70} = 'org/jpype/proxy/JPypeProxy')}
  0x00007e6af85457e8: 49ba 702e | 400f 0600 | 0000 458b | 5a78 4d8b | d349 c1e2 | 0349 3bc2 | 0f84 b606 | 0000 4881 
  0x00007e6af8545808: c4d0 0000 

  0x00007e6af854580c: ;   {poll_return}
  0x00007e6af854580c: 005d 493b | a750 0400 | 000f 8721 | 0c00 00c3 | 4489 4c24 | 504c 8944 | 2440 4c8b | 4424 4047 
  0x00007e6af854582c: 8b5c 9010 

  0x00007e6af8545830: ; implicit exception: dispatches to 0x00007e6af85460fc
  0x00007e6af8545830: 4b8b 6cdc | 1044 8b4c | 2450 430f | b65c cc0d | 85db 0f85 | b002 0000 | 4b8d 34dc | 4885 ed0f 
  0x00007e6af8545850: 841d fcff | ff8b 7d10 | 81e7 0010 | 0000 85ff | 0f85 ea02 | 0000 8b5d | 0885 db0f | 8c68 fcff 
  0x00007e6af8545870: ffe9 fcfb | ffff 4889 | 5c24 6889 | 5424 5448 | 8974 2460 | 4889 6c24 | 5844 895c | 2450 4489 
  0x00007e6af8545890: 5424 344c | 896c 2448 | 4c89 4424 | 4044 8974 | 2430 418b 

  0x00007e6af85458a4: ;   {optimized virtual_call}
  0x00007e6af85458a4: e966 90e8 

  0x00007e6af85458a8: ; ImmutableOopMap {rbp=NarrowOop [8]=Oop [16]=Oop [24]=Oop [32]=Oop [40]=Oop [64]=Oop [72]=Oop [80]=NarrowOop [96]=Oop [104]=Oop }
                      ;*invokevirtual hashCode {reexecute=0 rethrow=0 return_oop=0}
                      ; - java.util.HashMap::hash@9 (line 338)
                      ; - java.util.HashMap::getNode@23 (line 576)
                      ; - java.util.HashMap::get@2 (line 564)
                      ; - org.jpype.manager.TypeManager::getClass@11
                      ; - org.jpype.manager.TypeManager::findClass@106
                      ; - org.jpype.proxy.JPypeProxy::invoke@81
  0x00007e6af85458a8: d47a 76ff 

  0x00007e6af85458ac: ;   {other}
  0x00007e6af85458ac: 0f1f 8400 | 1c0c 000b | 448b cd44 | 8b74 2430 | 4c8b 4424 | 404c 8b6c | 2448 448b | 5424 3444 
  0x00007e6af85458cc: 8b5c 2450 | 488b 6c24 | 5848 8b74 | 2460 8b54 | 2454 488b | 5c24 68e9 | 50fc ffff | 4889 5424 
  0x00007e6af85458ec: 5889 4c24 | 4848 897c | 2440 4889 | 5c24 3844 | 8954 2434 | 4889 6c24 | 2848 8944 | 24f8 8b44 
  0x00007e6af854590c: 2450 8944 | 2430 488b | 4424 f84c | 895c 2418 | 488b 6c24 | 0848 8bf7 

  0x00007e6af8545924: ;   {optimized virtual_call}
  0x00007e6af8545924: 6666 90e8 

  0x00007e6af8545928: ; ImmutableOopMap {rbp=Oop [16]=Oop [24]=Oop [32]=Oop [40]=Oop [48]=NarrowOop [52]=NarrowOop [64]=Oop [88]=Oop }
                      ;*invokevirtual hashCode {reexecute=0 rethrow=0 return_oop=0}
                      ; - java.util.HashMap::hash@9 (line 338)
                      ; - java.util.HashMap::getNode@23 (line 576)
                      ; - java.util.HashMap::get@2 (line 564)
                      ; - org.jpype.manager.TypeManager::getClass@11
                      ; - org.jpype.manager.TypeManager::findClass@106
                      ; - org.jpype.proxy.JPypeProxy::invoke@41
  0x00007e6af8545928: 547a 76ff 

  0x00007e6af854592c: ;   {other}
  0x00007e6af854592c: 0f1f 8400 | 9c0c 000c | 4889 6c24 | 084c 8b5c | 2418 4889 | 4424 f88b | 4424 3089 | 4424 5048 
  0x00007e6af854594c: 8b44 24f8 | 488b 6c24 | 2844 8b54 | 2434 488b | 5c24 3848 | 8b7c 2440 | 8b4c 2448 | 488b 5424 
  0x00007e6af854596c: 58e9 d8f7 | ffff 4889 | 5c24 5848 | 8954 2448 | 4889 7c24 | 4044 8944 | 2430 4c89 | 4c24 3844 
  0x00007e6af854598c: 8954 2434 | 4889 6c24 | 284c 895c 

  0x00007e6af8545998: ;   {metadata('java/lang/Class'[])}
  0x00007e6af8545998: 2418 48be | a86e 008b | 6a7e 0000 

  0x00007e6af85459a4: ;   {runtime_call _new_array_Java}
  0x00007e6af85459a4: 418b d0e8 

  0x00007e6af85459a8: ; ImmutableOopMap {[8]=Oop [16]=Oop [24]=Oop [32]=Oop [40]=Oop [52]=NarrowOop [64]=Oop [80]=NarrowOop }
                      ;*invokevirtual clone {reexecute=1 rethrow=0 return_oop=1}
                      ; - (reexecute) java.lang.reflect.Method::getParameterTypes@4 (line 318)
                      ; - org.jpype.proxy.JPypeProxy::invoke@47
  0x00007e6af85459a8: d4d6 83ff 

  0x00007e6af85459ac: ;   {other}
  0x00007e6af85459ac: 0f1f 8400 | 1c0d 000d | 488b c8e9 | 7ff9 ffff 

  0x00007e6af85459bc: ;   {metadata({type array long})}
  0x00007e6af85459bc: 48be f82a | 008b 6a7e | 0000 8b54 

  0x00007e6af85459c8: ;   {runtime_call _new_array_Java}
  0x00007e6af85459c8: 2430 90e8 

  0x00007e6af85459cc: ; ImmutableOopMap {[8]=Oop [16]=Oop [24]=Oop [32]=Oop [40]=Oop [64]=Oop [80]=NarrowOop }
                      ;*newarray {reexecute=0 rethrow=0 return_oop=1}
                      ; - org.jpype.proxy.JPypeProxy::invoke@55
  0x00007e6af85459cc: b0d6 83ff 

  0x00007e6af85459d0: ;   {other}
  0x00007e6af85459d0: 0f1f 8400 | 400d 000e | 448b 7424 | 304c 8be8 | e966 faff | ffbe deff | ffff 488b | 6c24 0848 
  0x00007e6af85459f0: 8b4c 2410 | 4889 4c24 | 0848 8b4c | 2418 4889 | 4c24 1048 | 8b4c 2420 | 4889 4c24 | 1848 8b4c 
  0x00007e6af8545a10: 2438 4889 | 4c24 2844 | 894c 2424 | 4c89 4424 | 384c 896c | 2448 4489 | 5424 4444 | 894c 2450 
  0x00007e6af8545a30: 8954 2460 | 4489 5c24 

  0x00007e6af8545a38: ;   {runtime_call UncommonTrapBlob}
  0x00007e6af8545a38: 6466 90e8 

  0x00007e6af8545a3c: ; ImmutableOopMap {rbp=Oop [8]=Oop [16]=Oop [24]=Oop [36]=NarrowOop [56]=Oop [72]=Oop [80]=NarrowOop [96]=NarrowOop [100]=NarrowOop }
                      ;*invokevirtual get {reexecute=0 rethrow=0 return_oop=0}
                      ; - org.jpype.manager.TypeManager::getClass@11
                      ; - org.jpype.manager.TypeManager::findClass@106
                      ; - org.jpype.proxy.JPypeProxy::invoke@81
  0x00007e6af8545a3c: c0d4 76ff 

  0x00007e6af8545a40: ;   {other}
  0x00007e6af8545a40: 0f1f 8400 | b00d 000f | 33ed 443b | db40 0f94 | c5be 45ff | ffff 488b | 4c24 3848 | 894c 2430 
  0x00007e6af8545a60: 4489 4c24 | 2c4c 8944 | 2440 4c89 | 6c24 5044 | 8954 244c | 4489 4c24 | 5844 895c | 2468 8954 
  0x00007e6af8545a80: 246c 897c 

  0x00007e6af8545a84: ;   {runtime_call UncommonTrapBlob}
  0x00007e6af8545a84: 2470 90e8 

  0x00007e6af8545a88: ; ImmutableOopMap {[8]=Oop [16]=Oop [24]=Oop [32]=Oop [44]=NarrowOop [64]=Oop [80]=Oop [88]=NarrowOop [104]=NarrowOop [108]=NarrowOop }
                      ;*ifeq {reexecute=1 rethrow=0 return_oop=0}
                      ; - (reexecute) java.util.HashMap::getNode@66 (line 578)
                      ; - java.util.HashMap::get@2 (line 564)
                      ; - org.jpype.manager.TypeManager::getClass@11
                      ; - org.jpype.manager.TypeManager::findClass@106
                      ; - org.jpype.proxy.JPypeProxy::invoke@81
  0x00007e6af8545a88: 74d4 76ff 

  0x00007e6af8545a8c: ;   {other}
  0x00007e6af8545a8c: 0f1f 8400 | fc0d 0010 | be45 ffff | ff48 8b6c | 2408 488b | 4c24 1048 | 894c 2408 | 488b 4c24 
  0x00007e6af8545aac: 1848 894c | 2410 488b | 4c24 2048 | 894c 2418 | 488b 4c24 | 3848 894c | 2428 4489 | 4c24 244c 
  0x00007e6af8545acc: 8944 2438 | 4c89 6c24 | 4844 8954 | 2444 4489 | 4c24 5044 | 895c 245c | 8954 2460 

  0x00007e6af8545ae8: ;   {runtime_call UncommonTrapBlob}
  0x00007e6af8545ae8: 6666 90e8 

  0x00007e6af8545aec: ; ImmutableOopMap {rbp=Oop [8]=Oop [16]=Oop [24]=Oop [36]=NarrowOop [56]=Oop [72]=Oop [80]=NarrowOop [92]=NarrowOop }
                      ;*ifle {reexecute=1 rethrow=0 return_oop=0}
                      ; - (reexecute) java.util.HashMap::getNode@14 (line 575)
                      ; - java.util.HashMap::get@2 (line 564)
                      ; - org.jpype.manager.TypeManager::getClass@11
                      ; - org.jpype.manager.TypeManager::findClass@106
                      ; - org.jpype.proxy.JPypeProxy::invoke@81
  0x00007e6af8545aec: 10d4 76ff 

  0x00007e6af8545af0: ;   {other}
  0x00007e6af8545af0: 0f1f 8400 | 600e 0011 | be45 ffff | ff48 8b6c | 2408 4c8b | 5c24 104c | 895c 2408 | 4c8b 5c24 
  0x00007e6af8545b10: 184c 895c | 2410 4c8b | 5c24 204c | 895c 2418 | 4c8b 5c24 | 384c 895c | 2428 48ff | 7424 4048 
  0x00007e6af8545b30: 8f44 2438 | 4c89 6c24 | 4844 8954 | 2444 895c 

  0x00007e6af8545b40: ;   {runtime_call UncommonTrapBlob}
  0x00007e6af8545b40: 2454 90e8 

  0x00007e6af8545b44: ; ImmutableOopMap {rbp=Oop [8]=Oop [16]=Oop [24]=Oop [56]=Oop [72]=Oop [80]=NarrowOop }
                      ;*ifeq {reexecute=1 rethrow=0 return_oop=0}
                      ; - (reexecute) org.jpype.manager.TypeManager::findClass@10
                      ; - org.jpype.proxy.JPypeProxy::invoke@81
  0x00007e6af8545b44: b8d3 76ff 

  0x00007e6af8545b48: ;   {other}
  0x00007e6af8545b48: 0f1f 8400 | b80e 0012 | be45 ffff | ff48 8b6c | 2408 488b | 4c24 1048 | 894c 2408 | 488b 4c24 
  0x00007e6af8545b68: 1848 894c | 2410 488b | 4c24 2048 | 894c 2418 | 488b 4c24 | 3848 894c | 2428 48ff | 7424 4048 
  0x00007e6af8545b88: 8f44 2438 | 4c89 6c24 | 4844 8954 | 2444 4489 | 5c24 5889 

  0x00007e6af8545b9c: ;   {runtime_call UncommonTrapBlob}
  0x00007e6af8545b9c: 7c24 60e8 

  0x00007e6af8545ba0: ; ImmutableOopMap {rbp=Oop [8]=Oop [16]=Oop [24]=Oop [56]=Oop [72]=Oop [80]=NarrowOop [88]=NarrowOop }
                      ;*ifeq {reexecute=1 rethrow=0 return_oop=0}
                      ; - (reexecute) java.lang.Class::isSynthetic@8 (line 878)
                      ; - org.jpype.manager.TypeManager::findClass@16
                      ; - org.jpype.proxy.JPypeProxy::invoke@81
  0x00007e6af8545ba0: 5cd3 76ff 

  0x00007e6af8545ba4: ;   {other}
  0x00007e6af8545ba4: 0f1f 8400 | 140f 0013 | bef6 ffff | ff48 8b6c | 2408 4889 | 5424 0848 | 894c 2410 

  0x00007e6af8545bc0: ;   {runtime_call UncommonTrapBlob}
  0x00007e6af8545bc0: 6666 90e8 

  0x00007e6af8545bc4: ; ImmutableOopMap {rbp=Oop [8]=Oop [16]=Oop [32]=Oop }
                      ;*monitorenter {reexecute=0 rethrow=0 return_oop=0}
                      ; - org.jpype.proxy.JPypeProxy::invoke@34
  0x00007e6af8545bc4: 38d3 76ff 

  0x00007e6af8545bc8: ;   {other}
  0x00007e6af8545bc8: 0f1f 8400 | 380f 0014 | 488b f548 | 8d94 24b0 

  0x00007e6af8545bd8: ;   {runtime_call _complete_monitor_locking_Java}
  0x00007e6af8545bd8: 0000 00e8 

  0x00007e6af8545bdc: ; ImmutableOopMap {rbp=Oop [8]=Oop [16]=Oop [24]=Oop [32]=Oop [80]=NarrowOop }
                      ;*monitorenter {reexecute=0 rethrow=0 return_oop=0}
                      ; - org.jpype.proxy.JPypeProxy::invoke@34
  0x00007e6af8545bdc: 20ea 83ff 

  0x00007e6af8545be0: ;   {other}
  0x00007e6af8545be0: 0f1f 8400 | 500f 0015 | e964 f4ff | ffbe deff | ffff 488b | 6c24 084c | 8b44 2410 | 4c89 4424 
  0x00007e6af8545c00: 084c 895c | 2410 4c8b | 5c24 204c | 895c 2418 | 4889 4424 | f88b 4424 | 5089 4424 | 2048 8b44 
  0x00007e6af8545c20: 24f8 4489 | 4c24 3844 | 8954 243c 

  0x00007e6af8545c2c: ;   {runtime_call UncommonTrapBlob}
  0x00007e6af8545c2c: 6666 90e8 

  0x00007e6af8545c30: ; ImmutableOopMap {rbp=Oop [8]=Oop [16]=Oop [24]=Oop [32]=NarrowOop [56]=NarrowOop [60]=NarrowOop }
                      ;*invokevirtual get {reexecute=0 rethrow=0 return_oop=0}
                      ; - org.jpype.manager.TypeManager::getClass@11
                      ; - org.jpype.manager.TypeManager::findClass@106
                      ; - org.jpype.proxy.JPypeProxy::invoke@41
  0x00007e6af8545c30: ccd2 76ff 

  0x00007e6af8545c34: ;   {other}
  0x00007e6af8545c34: 0f1f 8400 | a40f 0016 | 488b 7c24 | 2848 8db4 | 24b0 0000 | 0049 8bd7 | 49ba 1055 | dc21 6b7e 
  0x00007e6af8545c54: 0000 41ff 

  0x00007e6af8545c58: ;   {other}
  0x00007e6af8545c58: d20f 1f84 | 0000 0000 | 00e9 2dfb | ffff bef6 | ffff ff48 | 8b6c 2408 | 4c8b 5424 | 104c 8954 
  0x00007e6af8545c78: 2408 4c8b | 5424 184c | 8954 2410 | 4c8b 5424 | 204c 8954 | 2418 4c8b | 5424 384c | 8954 2428 
  0x00007e6af8545c98: 4c8b 5424 | 404c 8954 | 2438 448b | 5c24 5444 | 895c 2444 

  0x00007e6af8545cac: ;   {runtime_call UncommonTrapBlob}
  0x00007e6af8545cac: 6666 90e8 

  0x00007e6af8545cb0: ; ImmutableOopMap {rbp=Oop [8]=Oop [16]=Oop [24]=Oop [56]=Oop [72]=Oop [80]=NarrowOop }
                      ;*getfield classPtr {reexecute=1 rethrow=0 return_oop=0}
                      ; - (reexecute) org.jpype.manager.TypeManager::findClass@109
                      ; - org.jpype.proxy.JPypeProxy::invoke@81
  0x00007e6af8545cb0: 4cd2 76ff 

  0x00007e6af8545cb4: ;   {other}
  0x00007e6af8545cb4: 0f1f 8400 | 2410 0017 | be45 ffff | ff48 8b6c | 2408 4c8b | 5424 104c | 8954 2408 | 4c8b 5424 
  0x00007e6af8545cd4: 184c 8954 | 2410 4c8b | 5424 204c | 8954 2418 | 4c8b 5424 | 384c 8954 | 2428 4c8b | 5424 404c 
  0x00007e6af8545cf4: 8954 2438 | 448b 5c24 | 5445 8bd3 | 4489 5424 | 4448 8944 

  0x00007e6af8545d08: ;   {runtime_call UncommonTrapBlob}
  0x00007e6af8545d08: 2470 90e8 

  0x00007e6af8545d0c: ; ImmutableOopMap {rbp=Oop [8]=Oop [16]=Oop [24]=Oop [56]=Oop [72]=Oop [80]=NarrowOop [88]=NarrowOop [112]=Oop }
                      ;*ifnull {reexecute=1 rethrow=0 return_oop=0}
                      ; - (reexecute) java.lang.Class::hasEnclosingMethodInfo@6 (line 1989)
                      ; - java.lang.Class::isLocalOrAnonymousClass@1 (line 1984)
                      ; - java.lang.Class::isAnonymousClass@8 (line 1922)
                      ; - org.jpype.manager.TypeManager::findClass@52
                      ; - org.jpype.proxy.JPypeProxy::invoke@81
  0x00007e6af8545d0c: f0d1 76ff 

  0x00007e6af8545d10: ;   {other}
  0x00007e6af8545d10: 0f1f 8400 | 8010 0018 | be76 ffff | ff48 8b6c | 2408 4c8b | 5424 104c | 8954 2408 | 4c8b 5424 
  0x00007e6af8545d30: 184c 8954 | 2410 4c8b | 5424 204c | 8954 2418 | 4c8b 5424 | 384c 8954 | 2428 4c89 | 6c24 304c 
  0x00007e6af8545d50: 8b54 2440 | 4c89 5424 | 3844 8974 

  0x00007e6af8545d5c: ;   {runtime_call UncommonTrapBlob}
  0x00007e6af8545d5c: 2440 90e8 

  0x00007e6af8545d60: ; ImmutableOopMap {rbp=Oop [8]=Oop [16]=Oop [24]=Oop [48]=Oop [56]=Oop [80]=NarrowOop }
                      ;*if_icmpge {reexecute=1 rethrow=0 return_oop=0}
                      ; - (reexecute) org.jpype.proxy.JPypeProxy::invoke@67
  0x00007e6af8545d60: 9cd1 76ff 

  0x00007e6af8545d64: ;   {other}
  0x00007e6af8545d64: 0f1f 8400 | d410 0019 | be45 ffff | ff48 8b6c | 2408 488b | 4c24 1048 | 894c 2408 | 488b 4c24 
  0x00007e6af8545d84: 1848 894c | 2410 488b | 4c24 2048 | 894c 2418 | 488b 4c24 | 3848 894c | 2428 4489 | 4c24 244c 
  0x00007e6af8545da4: 8944 2438 | 4c89 6c24 | 4844 8954 | 2444 4489 | 4c24 5044 | 895c 2460 | 8954 2464 | 897c 2468 
  0x00007e6af8545dc4: ;   {runtime_call UncommonTrapBlob}
  0x00007e6af8545dc4: 6666 90e8 

  0x00007e6af8545dc8: ; ImmutableOopMap {rbp=Oop [8]=Oop [16]=Oop [24]=Oop [36]=NarrowOop [56]=Oop [72]=Oop [80]=NarrowOop [96]=NarrowOop [100]=NarrowOop }
                      ;*ifeq {reexecute=1 rethrow=0 return_oop=0}
                      ; - (reexecute) java.util.HashMap::getNode@85 (line 581)
                      ; - java.util.HashMap::get@2 (line 564)
                      ; - org.jpype.manager.TypeManager::getClass@11
                      ; - org.jpype.manager.TypeManager::findClass@106
                      ; - org.jpype.proxy.JPypeProxy::invoke@81
  0x00007e6af8545dc8: 34d1 76ff 

  0x00007e6af8545dcc: ;   {other}
  0x00007e6af8545dcc: 0f1f 8400 | 3c11 001a | 33ed 443b | d240 0f94 | c5be 45ff | ffff 4c89 | 5c24 1844 | 8954 2440 
  0x00007e6af8545dec: 894c 2444 | 4489 4c24 

  0x00007e6af8545df4: ;   {runtime_call UncommonTrapBlob}
  0x00007e6af8545df4: 4866 90e8 

  0x00007e6af8545df8: ; ImmutableOopMap {[8]=Oop [16]=Oop [24]=Oop [32]=Oop [64]=NarrowOop [68]=NarrowOop [80]=NarrowOop }
                      ;*ifeq {reexecute=1 rethrow=0 return_oop=0}
                      ; - (reexecute) java.util.HashMap::getNode@66 (line 578)
                      ; - java.util.HashMap::get@2 (line 564)
                      ; - org.jpype.manager.TypeManager::getClass@11
                      ; - org.jpype.manager.TypeManager::findClass@106
                      ; - org.jpype.proxy.JPypeProxy::invoke@41
  0x00007e6af8545df8: 04d1 76ff 

  0x00007e6af8545dfc: ;   {other}
  0x00007e6af8545dfc: 0f1f 8400 | 6c11 001b | be45 ffff | ff48 8b6c | 2408 4c8b | 4424 104c | 8944 2408 | 4c89 5c24 
  0x00007e6af8545e1c: 104c 8b5c | 2420 4c89 | 5c24 1848 | 8944 24f8 | 8b44 2450 | 8944 2420 | 488b 4424 | f844 8954 
  0x00007e6af8545e3c: 2434 894c 

  0x00007e6af8545e40: ;   {runtime_call UncommonTrapBlob}
  0x00007e6af8545e40: 2438 90e8 

  0x00007e6af8545e44: ; ImmutableOopMap {rbp=Oop [8]=Oop [16]=Oop [24]=Oop [32]=NarrowOop [52]=NarrowOop }
                      ;*ifle {reexecute=1 rethrow=0 return_oop=0}
                      ; - (reexecute) java.util.HashMap::getNode@14 (line 575)
                      ; - java.util.HashMap::get@2 (line 564)
                      ; - org.jpype.manager.TypeManager::getClass@11
                      ; - org.jpype.manager.TypeManager::findClass@106
                      ; - org.jpype.proxy.JPypeProxy::invoke@41
  0x00007e6af8545e44: b8d0 76ff 

  0x00007e6af8545e48: ;   {other}
  0x00007e6af8545e48: 0f1f 8400 | b811 001c | be45 ffff | ff48 8b6c | 2408 4889 | 5424 0848 | 894c 2410 | 4c89 4424 
  0x00007e6af8545e68: 1844 8954 

  0x00007e6af8545e6c: ;   {runtime_call UncommonTrapBlob}
  0x00007e6af8545e6c: 2420 90e8 

  0x00007e6af8545e70: ; ImmutableOopMap {rbp=Oop [8]=Oop [16]=Oop [24]=Oop }
                      ;*ifle {reexecute=1 rethrow=0 return_oop=0}
                      ; - (reexecute) org.jpype.JPypeContext::isShutdown@7
                      ; - org.jpype.proxy.JPypeProxy::invoke@4
  0x00007e6af8545e70: 8cd0 76ff 

  0x00007e6af8545e74: ;   {other}
  0x00007e6af8545e74: 0f1f 8400 | e411 001d | be45 ffff | ff48 8b6c | 2408 4c8b | 5424 104c | 8954 2408 | 4c89 5c24 
  0x00007e6af8545e94: 104c 8b54 | 2420 4c89 | 5424 1844 | 894c 2424 | 4489 4c24 | 2844 8944 

  0x00007e6af8545eac: ;   {runtime_call UncommonTrapBlob}
  0x00007e6af8545eac: 242c 90e8 

  0x00007e6af8545eb0: ; ImmutableOopMap {rbp=Oop [8]=Oop [16]=Oop [24]=Oop [36]=NarrowOop [40]=NarrowOop }
                      ;*ifeq {reexecute=1 rethrow=0 return_oop=0}
                      ; - (reexecute) org.jpype.manager.TypeManager::findClass@10
                      ; - org.jpype.proxy.JPypeProxy::invoke@41
  0x00007e6af8545eb0: 4cd0 76ff 

  0x00007e6af8545eb4: ;   {other}
  0x00007e6af8545eb4: 0f1f 8400 | 2412 001e | be45 ffff | ff4c 8b54 | 2410 4c89 | 5424 084c | 8b54 2420 | 4c89 5424 
  0x00007e6af8545ed4: 1048 8944 | 2420 4489 

  0x00007e6af8545edc: ;   {runtime_call UncommonTrapBlob}
  0x00007e6af8545edc: 5c24 28e8 

  0x00007e6af8545ee0: ; ImmutableOopMap {rbp=Oop [8]=Oop [16]=Oop [32]=Oop [40]=NarrowOop }
                      ;*if_acmpeq {reexecute=1 rethrow=0 return_oop=0}
                      ; - (reexecute) org.jpype.proxy.JPypeProxy::invoke@138
  0x00007e6af8545ee0: 1cd0 76ff 

  0x00007e6af8545ee4: ;   {other}
  0x00007e6af8545ee4: 0f1f 8400 | 5412 001f | be45 ffff | ff48 8b6c | 2408 4c8b | 4424 104c | 8944 2408 | 4c89 5c24 
  0x00007e6af8545f04: 104c 8b5c | 2420 4c89 | 5c24 1848 | 8944 24f8 | 8b44 2450 | 8944 2420 | 488b 4424 | f844 8954 
  0x00007e6af8545f24: 2430 4489 

  0x00007e6af8545f28: ;   {runtime_call UncommonTrapBlob}
  0x00007e6af8545f28: 4c24 38e8 

  0x00007e6af8545f2c: ; ImmutableOopMap {rbp=Oop [8]=Oop [16]=Oop [24]=Oop [32]=NarrowOop [48]=NarrowOop }
                      ;*ifeq {reexecute=1 rethrow=0 return_oop=0}
                      ; - (reexecute) java.lang.Class::isSynthetic@8 (line 878)
                      ; - org.jpype.manager.TypeManager::findClass@16
                      ; - org.jpype.proxy.JPypeProxy::invoke@41
  0x00007e6af8545f2c: d0cf 76ff 

  0x00007e6af8545f30: ;   {other}
  0x00007e6af8545f30: 0f1f 8400 | a012 0020 | bef6 ffff | ff48 8b6c | 2408 4c8b | 5424 104c | 8954 2408 | 4c8b 5424 
  0x00007e6af8545f50: 184c 8954 | 2410 4c8b | 5424 204c | 8954 2418 

  0x00007e6af8545f60: ;   {runtime_call UncommonTrapBlob}
  0x00007e6af8545f60: 6666 90e8 

  0x00007e6af8545f64: ; ImmutableOopMap {rbp=Oop [8]=Oop [16]=Oop [24]=Oop [80]=NarrowOop }
                      ;*getfield classPtr {reexecute=1 rethrow=0 return_oop=0}
                      ; - (reexecute) org.jpype.manager.TypeManager::findClass@109
                      ; - org.jpype.proxy.JPypeProxy::invoke@41
  0x00007e6af8545f64: 98cf 76ff 

  0x00007e6af8545f68: ;   {other}
  0x00007e6af8545f68: 0f1f 8400 | d812 0021 | be45 ffff | ff48 8b6c | 2408 4c8b | 5424 104c | 8954 2408 | 4c8b 5424 
  0x00007e6af8545f88: 184c 8954 | 2410 4c8b | 5424 204c | 8954 2418 | 448b 5424 | 5044 8954 | 2424 4489 | 5424 2848 
  0x00007e6af8545fa8: 8944 2448 

  0x00007e6af8545fac: ;   {runtime_call UncommonTrapBlob}
  0x00007e6af8545fac: 6666 90e8 

  0x00007e6af8545fb0: ; ImmutableOopMap {rbp=Oop [8]=Oop [16]=Oop [24]=Oop [36]=NarrowOop [40]=NarrowOop [48]=NarrowOop [72]=Oop }
                      ;*ifnull {reexecute=1 rethrow=0 return_oop=0}
                      ; - (reexecute) java.lang.Class::hasEnclosingMethodInfo@6 (line 1989)
                      ; - java.lang.Class::isLocalOrAnonymousClass@1 (line 1984)
                      ; - java.lang.Class::isAnonymousClass@8 (line 1922)
                      ; - org.jpype.manager.TypeManager::findClass@52
                      ; - org.jpype.proxy.JPypeProxy::invoke@41
  0x00007e6af8545fb0: 4ccf 76ff 

  0x00007e6af8545fb4: ;   {other}
  0x00007e6af8545fb4: 0f1f 8400 | 2413 0022 | be45 ffff | ff48 8b6c | 2408 4c8b | 4424 104c | 8944 2408 | 4c89 5c24 
  0x00007e6af8545fd4: 104c 8b5c | 2420 4c89 | 5c24 1844 | 8954 2438 | 894c 243c | 4489 4c24 

  0x00007e6af8545fec: ;   {runtime_call UncommonTrapBlob}
  0x00007e6af8545fec: 4066 90e8 

  0x00007e6af8545ff0: ; ImmutableOopMap {rbp=Oop [8]=Oop [16]=Oop [24]=Oop [56]=NarrowOop [60]=NarrowOop [80]=NarrowOop }
                      ;*ifeq {reexecute=1 rethrow=0 return_oop=0}
                      ; - (reexecute) java.util.HashMap::getNode@85 (line 581)
                      ; - java.util.HashMap::get@2 (line 564)
                      ; - org.jpype.manager.TypeManager::getClass@11
                      ; - org.jpype.manager.TypeManager::findClass@106
                      ; - org.jpype.proxy.JPypeProxy::invoke@41
  0x00007e6af8545ff0: 0ccf 76ff 

  0x00007e6af8545ff4: ;   {other}
  0x00007e6af8545ff4: 0f1f 8400 | 6413 0023 | bede ffff | ff48 8b6c | 2408 4c8b | 4424 104c | 8944 2408 | 4c89 5c24 
  0x00007e6af8546014: 104c 8b5c | 2420 4c89 | 5c24 1844 | 8954 2434 | 4489 4c24 

  0x00007e6af8546028: ;   {runtime_call UncommonTrapBlob}
  0x00007e6af8546028: 3866 90e8 

  0x00007e6af854602c: ; ImmutableOopMap {rbp=Oop [8]=Oop [16]=Oop [24]=Oop [52]=NarrowOop [56]=NarrowOop [80]=NarrowOop }
                      ;*checkcast {reexecute=0 rethrow=0 return_oop=0}
                      ; - org.jpype.manager.TypeManager::getClass@14
                      ; - org.jpype.manager.TypeManager::findClass@106
                      ; - org.jpype.proxy.JPypeProxy::invoke@41
  0x00007e6af854602c: d0ce 76ff 

  0x00007e6af8546030: ;   {other}
  0x00007e6af8546030: 0f1f 8400 | a013 0024 | bede ffff | ff48 8b6c | 2408 488b | 4c24 1048 | 894c 2408 | 488b 4c24 
  0x00007e6af8546050: 1848 894c | 2410 488b | 4c24 2048 | 894c 2418 | 488b 4c24 | 3848 894c | 2428 4489 | 4c24 244c 
  0x00007e6af8546070: 8944 2438 | 4c89 6c24 | 4844 8954 | 2444 4489 | 4c24 5044 | 895c 245c | 897c 2460 

  0x00007e6af854608c: ;   {runtime_call UncommonTrapBlob}
  0x00007e6af854608c: 6666 90e8 

  0x00007e6af8546090: ; ImmutableOopMap {rbp=Oop [8]=Oop [16]=Oop [24]=Oop [36]=NarrowOop [56]=Oop [72]=Oop [80]=NarrowOop [92]=NarrowOop [96]=NarrowOop }
                      ;*checkcast {reexecute=0 rethrow=0 return_oop=0}
                      ; - org.jpype.manager.TypeManager::getClass@14
                      ; - org.jpype.manager.TypeManager::findClass@106
                      ; - org.jpype.proxy.JPypeProxy::invoke@81
  0x00007e6af8546090: 6cce 76ff 

  0x00007e6af8546094: ;   {other}
  0x00007e6af8546094: 0f1f 8400 | 0414 0025 | bef6 ffff | ff48 8b6c | 2408 488b | 4c24 1048 | 894c 2408 | 488b 4c24 
  0x00007e6af85460b4: 1848 894c | 2410 488b | 4c24 2048 | 894c 2418 | 488b 4c24 | 3848 894c | 2428 4489 | 4c24 244c 
  0x00007e6af85460d4: 8944 2438 | 4c89 6c24 | 4844 8954 | 2444 4489 | 4c24 5044 | 895c 2458 

  0x00007e6af85460ec: ;   {runtime_call UncommonTrapBlob}
  0x00007e6af85460ec: 6666 90e8 

  0x00007e6af85460f0: ; ImmutableOopMap {rbp=Oop [8]=Oop [16]=Oop [24]=Oop [36]=NarrowOop [56]=Oop [72]=Oop [80]=NarrowOop [88]=NarrowOop }
                      ;*invokevirtual get {reexecute=0 rethrow=0 return_oop=0}
                      ; - org.jpype.manager.TypeManager::getClass@11
                      ; - org.jpype.manager.TypeManager::findClass@106
                      ; - org.jpype.proxy.JPypeProxy::invoke@81
  0x00007e6af85460f0: 0cce 76ff 

  0x00007e6af85460f4: ;   {other}
  0x00007e6af85460f4: 0f1f 8400 | 6414 0026 | be45 ffff | ff48 8b6c | 2408 4c8b | 4c24 104c | 894c 2408 | 4c8b 4c24 
  0x00007e6af8546114: 184c 894c | 2410 4c8b | 4c24 204c | 894c 2418 | 4c8b 4c24 | 384c 894c | 2428 48ff | 7424 4048 
  0x00007e6af8546134: 8f44 2438 | 4c89 6c24 | 4844 8954 | 2444 4489 

  0x00007e6af8546144: ;   {runtime_call UncommonTrapBlob}
  0x00007e6af8546144: 5c24 58e8 

  0x00007e6af8546148: ; ImmutableOopMap {rbp=Oop [8]=Oop [16]=Oop [24]=Oop [56]=Oop [72]=Oop [80]=NarrowOop [88]=NarrowOop }
                      ;*ifnonnull {reexecute=1 rethrow=0 return_oop=0}
                      ; - (reexecute) org.jpype.manager.TypeManager::findClass@1
                      ; - org.jpype.proxy.JPypeProxy::invoke@81
  0x00007e6af8546148: b4cd 76ff 

  0x00007e6af854614c: ;   {other}
  0x00007e6af854614c: 0f1f 8400 | bc14 0027 | bef6 ffff | ff48 8b6c | 2408 4889 | 5424 0848 | 894c 2410 

  0x00007e6af8546168: ;   {runtime_call UncommonTrapBlob}
  0x00007e6af8546168: 6666 90e8 

  0x00007e6af854616c: ; ImmutableOopMap {rbp=Oop [8]=Oop [16]=Oop [32]=Oop }
                      ;*invokevirtual isShutdown {reexecute=0 rethrow=0 return_oop=0}
                      ; - org.jpype.proxy.JPypeProxy::invoke@4
  0x00007e6af854616c: 90cd 76ff 

  0x00007e6af8546170: ;   {other}
  0x00007e6af8546170: 0f1f 8400 | e014 0028 | bef6 ffff | ff48 8b6c | 2408 4889 | 5424 0848 | 894c 2410 

  0x00007e6af854618c: ;   {runtime_call UncommonTrapBlob}
  0x00007e6af854618c: 6666 90e8 

  0x00007e6af8546190: ; ImmutableOopMap {rbp=Oop [8]=Oop [16]=Oop [32]=Oop }
                      ;*invokevirtual get {reexecute=0 rethrow=0 return_oop=0}
                      ; - org.jpype.JPypeContext::isShutdown@4
                      ; - org.jpype.proxy.JPypeProxy::invoke@4
  0x00007e6af8546190: 6ccd 76ff 

  0x00007e6af8546194: ;   {other}
  0x00007e6af8546194: 0f1f 8400 | 0415 0029 | bef6 ffff | ff48 8b6c | 2408 4889 | 5424 0848 | 894c 2410 

  0x00007e6af85461b0: ;   {runtime_call UncommonTrapBlob}
  0x00007e6af85461b0: 6666 90e8 

  0x00007e6af85461b4: ; ImmutableOopMap {rbp=Oop [8]=Oop [16]=Oop [32]=Oop }
                      ;*invokevirtual getTypeManager {reexecute=0 rethrow=0 return_oop=0}
                      ; - org.jpype.proxy.JPypeProxy::invoke@24
  0x00007e6af85461b4: 48cd 76ff 

  0x00007e6af85461b8: ;   {other}
  0x00007e6af85461b8: 0f1f 8400 | 2815 002a | bef6 ffff | ff48 8b6c | 2408 4c8b | 5424 104c | 8954 2408 | 4c8b 5424 
  0x00007e6af85461d8: 204c 8954 | 2410 4889 | 4424 f88b | 4424 5089 | 4424 1848 | 8b44 24f8 

  0x00007e6af85461f0: ;   {runtime_call UncommonTrapBlob}
  0x00007e6af85461f0: 6666 90e8 

  0x00007e6af85461f4: ; ImmutableOopMap {rbp=Oop [8]=Oop [16]=Oop [24]=NarrowOop }
                      ;*invokevirtual getReturnType {reexecute=0 rethrow=0 return_oop=0}
                      ; - org.jpype.proxy.JPypeProxy::invoke@38
  0x00007e6af85461f4: 08cd 76ff 

  0x00007e6af85461f8: ;   {other}
  0x00007e6af85461f8: 0f1f 8400 | 6815 002b | bef6 ffff | ff48 8b6c | 2408 4c8b | 4424 104c | 8944 2408 | 4c89 5c24 
  0x00007e6af8546218: 104c 8b5c | 2420 4c89 | 5c24 1848 | 8944 24f8 | 8b44 2450 | 8944 2420 | 488b 4424 | f844 8954 
  0x00007e6af8546238: ;   {runtime_call UncommonTrapBlob}
  0x00007e6af8546238: 2430 90e8 

  0x00007e6af854623c: ; ImmutableOopMap {rbp=Oop [8]=Oop [16]=Oop [24]=Oop [32]=NarrowOop [48]=NarrowOop }
                      ;*invokevirtual get {reexecute=0 rethrow=0 return_oop=0}
                      ; - org.jpype.manager.TypeManager::getClass@11
                      ; - org.jpype.manager.TypeManager::findClass@106
                      ; - org.jpype.proxy.JPypeProxy::invoke@41
  0x00007e6af854623c: c0cc 76ff 

  0x00007e6af8546240: ;   {other}
  0x00007e6af8546240: 0f1f 8400 | b015 002c | bef6 ffff | ff48 8b6c | 2408 4c8b | 5424 104c | 8954 2408 | 4c89 5c24 
  0x00007e6af8546260: 104c 8b54 | 2420 4c89 | 5424 184c | 894c 2428 

  0x00007e6af8546270: ;   {runtime_call UncommonTrapBlob}
  0x00007e6af8546270: 6666 90e8 

  0x00007e6af8546274: ; ImmutableOopMap {rbp=Oop [8]=Oop [16]=Oop [24]=Oop [80]=NarrowOop }
                      ;*invokevirtual clone {reexecute=1 rethrow=0 return_oop=0}
                      ; - (reexecute) java.lang.reflect.Method::getParameterTypes@4 (line 318)
                      ; - org.jpype.proxy.JPypeProxy::invoke@47
  0x00007e6af8546274: 88cc 76ff 

  0x00007e6af8546278: ;   {other}
  0x00007e6af8546278: 0f1f 8400 | e815 002d | bef6 ffff | ff48 8b6c | 2408 4c8b | 5424 104c | 8954 2408 | 4c8b 5424 
  0x00007e6af8546298: 184c 8954 | 2410 4c8b | 5424 204c | 8954 2418 | 4c89 6c24 

  0x00007e6af85462ac: ;   {runtime_call UncommonTrapBlob}
  0x00007e6af85462ac: 2866 90e8 

  0x00007e6af85462b0: ; ImmutableOopMap {rbp=Oop [8]=Oop [16]=Oop [24]=Oop [40]=Oop }
                      ;*invokevirtual getContext {reexecute=0 rethrow=0 return_oop=0}
                      ; - org.jpype.proxy.JPypeProxy::invoke@109
  0x00007e6af85462b0: 4ccc 76ff 

  0x00007e6af85462b4: ;   {other}
  0x00007e6af85462b4: 0f1f 8400 | 2416 002e | be45 ffff | ff48 8b6c | 2408 4c8b | 4424 104c | 8944 2408 | 4c89 5c24 
  0x00007e6af85462d4: 104c 8b5c | 2420 4c89 | 5c24 1848 | 8944 24f8 | 8b44 2450 | 8944 2420 | 488b 4424 | f844 8954 
  0x00007e6af85462f4: ;   {runtime_call UncommonTrapBlob}
  0x00007e6af85462f4: 2430 90e8 

  0x00007e6af85462f8: ; ImmutableOopMap {rbp=Oop [8]=Oop [16]=Oop [24]=Oop [32]=NarrowOop [48]=NarrowOop }
                      ;*ifnonnull {reexecute=1 rethrow=0 return_oop=0}
                      ; - (reexecute) org.jpype.manager.TypeManager::findClass@1
                      ; - org.jpype.proxy.JPypeProxy::invoke@41
  0x00007e6af85462f8: 04cc 76ff 

  0x00007e6af85462fc: ;   {other}
  0x00007e6af85462fc: 0f1f 8400 | 6c16 002f | 488b d8eb | 2648 8bd8 | eb21 488b | d8eb 1c48 | 8bd8 eb17 | 488b d8eb 
  0x00007e6af854631c: 1248 8bd8 | eb0d 488b | d8eb 0848 | 8bd8 eb03 | 488b d84c | 8b5c 2428 | 488d 8424 | b000 0000 
  0x00007e6af854633c: 4883 3800 | 0f84 7900 | 0000 4d8b | 1341 f6c2 | 020f 8462 | 0000 0049 | 83ba 8600 | 0000 0074 
  0x00007e6af854635c: 0949 ff8a | 8600 0000 | eb4b 498b | 8296 0000 | 0049 0b82 | 8e00 0000 | 750a 49c7 | 423e 0000 
  0x00007e6af854637c: 0000 eb3d | 4983 ba9e | 0000 0000 | 7422 4833 | c049 c742 | 3e00 0000 | 00f0 8304 | 2400 4983 
  0x00007e6af854639c: ba9e 0000 | 0000 750d | f04d 0fb1 | 7a3e 7505 | 83c8 01eb | 0ca8 00eb | 084c 8b10 | f04d 0fb1 
  0x00007e6af85463bc: 1375 0a49 | ff8f 5005 | 0000 4533 | d275 1548 | 8bf3 eb03 | 488b f048 | 81c4 d000 

  0x00007e6af85463d8: ;   {runtime_call _rethrow_Java}
  0x00007e6af85463d8: 0000 5de9 | a0c6 95ff | 488b 7c24 | 2848 8db4 | 24b0 0000 | 0049 8bd7 | 49ba 1055 | dc21 6b7e 
  0x00007e6af85463f8: 0000 41ff 

  0x00007e6af85463fc: ;   {other}
  0x00007e6af85463fc: d20f 1f84 | 0000 0000 | 00eb c4be | 97ff ffff | 488b 6c24 | 084c 8b54 | 2410 4c89 | 5424 084c 
  0x00007e6af854641c: 8b54 2418 | 4c89 5424 | 104c 8b54 | 2420 4c89 

  0x00007e6af854642c: ;   {runtime_call UncommonTrapBlob}
  0x00007e6af854642c: 5424 18e8 

  0x00007e6af8546430: ; ImmutableOopMap {rbp=Oop [8]=Oop [16]=Oop [24]=Oop [52]=NarrowOop [80]=NarrowOop }
                      ;*invokevirtual clone {reexecute=1 rethrow=0 return_oop=0}
                      ; - (reexecute) java.lang.reflect.Method::getParameterTypes@4 (line 318)
                      ; - org.jpype.proxy.JPypeProxy::invoke@47
  0x00007e6af8546430: ccca 76ff 

  0x00007e6af8546434: ;   {other}
  0x00007e6af8546434: 0f1f 8400 | a417 0030 

  0x00007e6af854643c: ;   {internal_word}
  0x00007e6af854643c: 49ba 0e58 | 54f8 6a7e | 0000 4d89 | 9768 0400 

  0x00007e6af854644c: ;   {runtime_call SafepointBlob}
  0x00007e6af854644c: 00e9 aedb 

  0x00007e6af8546450: ;   {runtime_call StubRoutines (final stubs)}
  0x00007e6af8546450: 76ff e849 | d074 ffe9 | 42eb ffff | f4f4 f4f4 
[Stub Code]
  0x00007e6af8546460: ;   {no_reloc}
  0x00007e6af8546460: 48bb 0000 | 0000 0000 

  0x00007e6af8546468: ;   {runtime_call nmethod}
  0x00007e6af8546468: 0000 e9fb 

  0x00007e6af854646c: ;   {static_stub}
  0x00007e6af854646c: ffff ff48 | bb00 0000 | 0000 0000 

  0x00007e6af8546478: ;   {runtime_call nmethod}
  0x00007e6af8546478: 00e9 fbff 

  0x00007e6af854647c: ;   {static_stub}
  0x00007e6af854647c: ffff 48bb | 0000 0000 | 0000 0000 

  0x00007e6af8546488: ;   {runtime_call nmethod}
  0x00007e6af8546488: e9fb ffff 

  0x00007e6af854648c: ;   {static_stub}
  0x00007e6af854648c: ff48 bb00 | 0000 0000 

  0x00007e6af8546494: ;   {runtime_call nmethod}
  0x00007e6af8546494: 0000 00e9 | fbff ffff 

  0x00007e6af854649c: ;   {static_stub}
  0x00007e6af854649c: 48bb 0000 | 0000 0000 

  0x00007e6af85464a4: ;   {runtime_call nmethod}
  0x00007e6af85464a4: 0000 e9fb 

  0x00007e6af85464a8: ;   {static_stub}
  0x00007e6af85464a8: ffff ff48 | bb00 0000 | 0000 0000 

  0x00007e6af85464b4: ;   {runtime_call nmethod}
  0x00007e6af85464b4: 00e9 fbff 

  0x00007e6af85464b8: ;   {static_stub}
  0x00007e6af85464b8: ffff 48bb | 0000 0000 | 0000 0000 

  0x00007e6af85464c4: ;   {runtime_call nmethod}
  0x00007e6af85464c4: e9fb ffff 

  0x00007e6af85464c8: ;   {runtime_call ExceptionBlob}
  0x00007e6af85464c8: ffe9 b23e | 83ff e800 | 0000 0048 | 832c 2405 

  0x00007e6af85464d8: ;   {runtime_call DeoptimizationBlob}
  0x00007e6af85464d8: e9c3 cd76 | fff4 f4f4 
[/MachCode]


Compiled method (c2) 401125 3467   !   4       se.pitch.prti1516e.lrc.MyFederate::b (157 bytes)
 total in heap  [0x00007e6af85df890,0x00007e6af85e3218] = 14728
 relocation     [0x00007e6af85df9e8,0x00007e6af85dfc40] = 600
 main code      [0x00007e6af85dfc40,0x00007e6af85e1c88] = 8264
 stub code      [0x00007e6af85e1c88,0x00007e6af85e1d28] = 160
 oops           [0x00007e6af85e1d28,0x00007e6af85e1d40] = 24
 metadata       [0x00007e6af85e1d40,0x00007e6af85e1e50] = 272
 scopes data    [0x00007e6af85e1e50,0x00007e6af85e2a40] = 3056
 scopes pcs     [0x00007e6af85e2a40,0x00007e6af85e3000] = 1472
 dependencies   [0x00007e6af85e3000,0x00007e6af85e3030] = 48
 handler table  [0x00007e6af85e3030,0x00007e6af85e3138] = 264
 nul chk table  [0x00007e6af85e3138,0x00007e6af85e3218] = 224

[Constant Pool (empty)]

[MachCode]
[Entry Point]
  # {method} {0x00007e6a875424b8} 'b' '(Lse/pitch/prti1516e/b/az;)V' in 'se/pitch/prti1516e/lrc/MyFederate'
  # this:     rsi:rsi   = 'se/pitch/prti1516e/lrc/MyFederate'
  # parm0:    rdx:rdx   = 'se/pitch/prti1516e/b/az'
  #           [sp+0x90]  (sp of caller)
  0x00007e6af85dfc40: 448b 5608 | 49bb 0000 | 008b 6a7e | 0000 4d03 | d349 3bc2 

  0x00007e6af85dfc54: ;   {runtime_call ic_miss_stub}
  0x00007e6af85dfc54: 0f85 26d4 | 6cff 6690 | 0f1f 4000 
[Verified Entry Point]
  0x00007e6af85dfc60: 8984 2400 | c0fe ff55 | 4881 ec80 | 0000 0090 | 4181 7f20 | 0500 0000 | 0f85 0020 | 0000 4c8b 
  0x00007e6af85dfc80: f248 8974 | 2438 8b9e | 3001 0000 | 4488 a6ae | 0000 004d | 8b97 8803 | 0000 4d8b | 2a85 db0f 
  0x00007e6af85dfca0: 84c1 0d00 | 0041 807f | 4000 0f85 | 8a0c 0000 | 4d8b d54d | 8d1c dc4d | 8bcd 49c1 | e903 4589 
  0x00007e6af85dfcc0: 4cdc 0c4d | 33d3 49c1 | ea16 4d85 | d274 1a49 | c1eb 0948 | bf00 a007 | 0b6b 7e00 | 0049 03fb 
  0x00007e6af85dfce0: 803f 020f | 85c1 0c00 | 00f0 8344 | 24c0 0049 | ba00 0ed1 | 216b 7e00 | 0041 ffd2 

  0x00007e6af85dfcfc: ;   {other}
  0x00007e6af85dfcfc: 0f1f 8400 | 0000 0000 

  0x00007e6af85dfd04: ;   {oop(a 'java/util/concurrent/TimeUnit'{0x000000060f4ab388})}
  0x00007e6af85dfd04: 49ba 88b3 | 4a0f 0600 | 0000 458b 

  0x00007e6af85dfd10: ;   {oop(a 'java/util/concurrent/TimeUnit'{0x000000060f4ab388})}
  0x00007e6af85dfd10: 5248 49bb | 88b3 4a0f | 0600 0000 | 4d8b 5b18 | 4d63 c249 | 81fb 4042 | 0f00 0f8f | a70b 0000 
  0x00007e6af85dfd30: 4981 fb40 | 420f 0074 | 2545 85d2 | 0f84 f60f | 0000 48ba | 0000 0000 | 0000 0080 | 483b c275 
  0x00007e6af85dfd50: 0833 d249 | 83f8 ff74 | 0548 9949 | f7f8 4889 | 4424 404c | 8b5c 2440 

  0x00007e6af85dfd68: ; implicit exception: dispatches to 0x00007e6af85e1544
  0x00007e6af85dfd68: 4d2b 5e10 | 4c8b 5424 | 3845 8b92 | 5001 0000 | 458b db47 | 8b44 d424 | 4585 c00f | 84ff 0c00 
  0x00007e6af85dfd88: 004f 8d2c | c44b 8d3c | d448 8d5c | 2460 498b | 4500 a802 | 0f85 2400 | 0000 4883 | c801 4889 
  0x00007e6af85dfda8: 03f0 490f | b15d 000f | 8437 0000 | 0048 2bc4 | 4825 07f0 | ffff 4889 | 03e9 2400 | 0000 4c8b 
  0x00007e6af85dfdc8: c848 33c0 | f04d 0fb1 | 793e 48c7 | 0303 0000 | 0074 114c | 3bf8 7515 | 49ff 8186 | 0000 0048 
  0x00007e6af85dfde8: 33c0 7509 | 49ff 8750 | 0500 0033 | c00f 8575 | 0f00 0047 | 8b4c d424 | 4585 c90f | 84a7 0c00 
  0x00007e6af85dfe08: 004b 8d34 | cc48 8d5c 

  0x00007e6af85dfe10: ;   {no_reloc}
  0x00007e6af85dfe10: 2468 488b | 06a8 020f | 8523 0000 | 0048 83c8 | 0148 8903 | f048 0fb1 | 1e0f 8437 | 0000 0048 
  0x00007e6af85dfe30: 2bc4 4825 | 07f0 ffff | 4889 03e9 | 2400 0000 | 488b c848 | 33c0 f04c | 0fb1 793e | 48c7 0303 
  0x00007e6af85dfe50: 0000 0074 | 114c 3bf8 | 7515 48ff | 8186 0000 | 0048 33c0 | 7509 49ff | 8750 0500 | 0033 c00f 
  0x00007e6af85dfe70: 855a 0f00 | 0048 8b44 | 2440 4b2b | 44d4 1848 | 85c0 0f8c | 6c12 0000 | 4b8b 4cd4 | 1048 85c9 
  0x00007e6af85dfe90: 0f84 420c | 0000 48ba | 0000 0000 | 0000 0080 | 483b c275 | 0833 d248 | 83f9 ff74 | 0548 9948 
  0x00007e6af85dfeb0: f7f9 438b | 54d4 0c48 | 63ea 488b | c848 3bc5 | bbff ffff | ff7c 060f | 95c3 0fb6 | db48 3bc5 
  0x00007e6af85dfed0: 0f8c 6612 | 0000 483b | c50f 8587 | 0700 0048 | 8d44 2468 | 4883 3800 | 0f84 7900 | 0000 4c8b 
  0x00007e6af85dfef0: 0e41 f6c1 | 020f 8462 | 0000 0049 | 83b9 8600 | 0000 0074 | 0949 ff89 | 8600 0000 | eb4b 498b 
  0x00007e6af85dff10: ;   {no_reloc}
  0x00007e6af85dff10: 8196 0000 | 0049 0b81 | 8e00 0000 | 750a 49c7 | 413e 0000 | 0000 eb3d | 4983 b99e | 0000 0000 
  0x00007e6af85dff30: 7422 4833 | c049 c741 | 3e00 0000 | 00f0 8304 | 2400 4983 | b99e 0000 | 0000 750d | f04d 0fb1 
  0x00007e6af85dff50: 793e 7505 | 83c8 01eb | 0ca8 00eb | 084c 8b08 | f04c 0fb1 | 0e75 0a49 | ff8f 5005 | 0000 4533 
  0x00007e6af85dff70: c90f 85dc | 0e00 0043 | 8b7c d420 | 85ff 0f84 | 840b 0000 | 438b 5cd4 | 284c 63cf | 488b c148 
  0x00007e6af85dff90: ba00 0000 | 0000 0000 | 8048 3bc2 | 7508 33d2 | 4983 f9ff | 7405 4899 | 49f7 f98b | c245 8b4c 
  0x00007e6af85dffb0: dc0c 413b | c10f 8379 | 0b00 0043 | 8b4c d42c | 4d8d 0cdc | 418b 7c81 | 1041 3bfb | 410f 4cfb 
  0x00007e6af85dffd0: 4189 7c81 | 1041 8b5c | cc0c 3bc3 | 0f83 860b | 0000 478b | 4cd4 3048 | c1e1 038b | 5c81 1041 
  0x00007e6af85dfff0: 3bdb 410f | 4fdb 895c | 8110 438b | 4ccc 0c3b | c10f 8395 | 0b00 0043 | 8b4c d434 

  0x00007e6af85e000c: ;   {no_reloc}
  0x00007e6af85e000c: 4f8d 14cc | 4501 5c82 | 1045 8b54 | cc0c 413b | c20f 83ad | 0b00 004d | 8d14 cc41 | ff44 8210 
  0x00007e6af85e002c: 488d 4424 | 6048 8338 | 000f 847b | 0000 004d | 8b55 0041 | f6c2 020f | 8462 0000 | 0049 83ba 
  0x00007e6af85e004c: 8600 0000 | 0074 0949 | ff8a 8600 | 0000 eb4b | 498b 8296 | 0000 0049 | 0b82 8e00 | 0000 750a 
  0x00007e6af85e006c: 49c7 423e | 0000 0000 | eb3e 4983 | ba9e 0000 | 0000 7422 | 4833 c049 | c742 3e00 | 0000 00f0 
  0x00007e6af85e008c: 8304 2400 | 4983 ba9e | 0000 0000 | 750d f04d | 0fb1 7a3e | 7505 83c8 | 01eb 0da8 | 00eb 094c 
  0x00007e6af85e00ac: 8b10 f04d | 0fb1 5500 | 750a 49ff | 8f50 0500 | 0045 33d2 | 0f85 e20d | 0000 458b 

  0x00007e6af85e00c8: ;   {metadata('se/pitch/prti1516e/b/aq')}
  0x00007e6af85e00c8: 5e08 4181 | fb78 300f | 010f 8521 | 0900 004d | 8bde 4c8b | 5424 3845 | 8b82 3801 | 0000 478b 
  0x00007e6af85e00e8: 54c4 6441 | 8b4b 0c47 | 8b4c d408 

  0x00007e6af85e00f4: ;   {metadata('se/pitch/prti1516e/lrc/k')}
  0x00007e6af85e00f4: 4181 f9e8 | f503 010f | 8501 0f00 | 0049 c1e2 | 0345 8b52 | 0c47 8b4c 

  0x00007e6af85e010c: ;   {metadata('se/pitch/prti1516e/lrc/aa')}
  0x00007e6af85e010c: d408 4181 | f900 d60d | 010f 8509 | 0f00 0049 | c1e2 0345 | 8b42 0c47 | 8b44 c44c 

  0x00007e6af85e0128: ; implicit exception: dispatches to 0x00007e6af85e1798
  0x00007e6af85e0128: 430f b69c | c4b3 0000 | 0085 db0f | 8595 0f00 | 0047 0fb6 | 8cc4 b200 | 0000 4585 | c90f 8595 
  0x00007e6af85e0148: 1000 0045 | 8b4a 1847 | 0fb6 4ccc | 1145 85c9 | 0f85 aa10 | 0000 458b | 4a10 438b 

  0x00007e6af85e0164: ;   {metadata('jdk/proxy2/$Proxy6')}
  0x00007e6af85e0164: 5ccc 0881 | fb78 da03 | 010f 85d1 | 0e00 004d | 8b87 b801 | 0000 498b | d848 83c3 | 184b 8d14 
  0x00007e6af85e0184: cc8b 6a0c | 493b 9fc8 | 0100 000f | 8388 0800 | 0049 899f | b801 0000 | 0f0d 8bc0 | 0000 0049 
  0x00007e6af85e01a4: c700 0100 | 0000 0f0d | 8b00 0100 

  0x00007e6af85e01b0: ;   {metadata('java/lang/Object'[])}
  0x00007e6af85e01b0: 0041 c740 | 0870 1200 | 000f 0d8b | 4001 0000 | 41c7 400c | 0100 0000 | 0f0d 8b80 | 0100 0045 
  0x00007e6af85e01d0: 8960 1441 | 8948 1045 | 8b4c ec08 

  0x00007e6af85e01dc: ;   {metadata('org/jpype/proxy/JPypeProxy')}
  0x00007e6af85e01dc: 4181 f968 | 3800 010f | 8583 0e00 | 004c 8954 | 2420 4c89 | 5c24 1049 

  0x00007e6af85e01f4: ;   {oop(a 'java/lang/reflect/Method'{0x000000061043a590})}
  0x00007e6af85e01f4: 8d34 ec48 | b990 a543 | 1006 0000 

  0x00007e6af85e0200: ;   {optimized virtual_call}
  0x00007e6af85e0200: 0066 90e8 

  0x00007e6af85e0204: ; ImmutableOopMap {[16]=Oop [32]=Oop [56]=Oop }
                      ;*invokeinterface invoke {reexecute=0 rethrow=0 return_oop=1}
                      ; - jdk.proxy2.$Proxy6::timeAdvanceGrant@16
                      ; - se.pitch.prti1516e.lrc.aa::timeAdvanceGrant@76 (line 2250)
                      ; - se.pitch.prti1516e.lrc.k::timeAdvanceGrant@5 (line 655)
                      ; - se.pitch.prti1516e.b.aq::a@12 (line 29)
                      ; - se.pitch.prti1516e.lrc.MyFederate::b@47 (line 5747)
  0x00007e6af85e0204: 784d f6ff 

  0x00007e6af85e0208: ;   {other}
  0x00007e6af85e0208: 0f1f 8400 | 7809 0000 | 488b 5c24 | 3844 0fb6 | 93ae 0000 | 0045 85d2 | 0f85 460f | 0000 8bab 
  0x00007e6af85e0228: 3001 0000 | 85ed 0f84 | c009 0000 | 4180 7f40 | 000f 8533 | 0700 0045 | 8964 ec0c | f083 4424 
  0x00007e6af85e0248: c000 49ba | 000e d121 | 6b7e 0000 

  0x00007e6af85e0254: ;   {other}
  0x00007e6af85e0254: 41ff d20f | 1f84 0000 

  0x00007e6af85e025c: ;   {oop(a 'java/util/concurrent/TimeUnit'{0x000000060f4ab388})}
  0x00007e6af85e025c: 0000 0049 | ba88 b34a | 0f06 0000 | 0045 8b52 

  0x00007e6af85e026c: ;   {oop(a 'java/util/concurrent/TimeUnit'{0x000000060f4ab388})}
  0x00007e6af85e026c: 4849 bb88 | b34a 0f06 | 0000 004d | 8b5b 184d | 63c2 4981 | fb40 420f | 000f 8f80 | 0600 0049 
  0x00007e6af85e028c: 81fb 4042 | 0f00 7425 | 4585 d20f | 84bb 0a00 | 0048 ba00 | 0000 0000 | 0000 8048 | 3bc2 7508 
  0x00007e6af85e02ac: 33d2 4983 | f8ff 7405 | 4899 49f7 | f84c 8bd8 | 4d8b d34c | 2b54 2440 | 448b 83ec | 0100 0045 
  0x00007e6af85e02cc: 85c0 0f84 | 3409 0000 | b901 0000 | 00f0 430f | c14c c40c | 458b d244 | 8954 2428 | 448b ab5c 
  0x00007e6af85e02ec: 0100 0047 | 8b44 ec24 | 4489 4424 | 2c45 85c0 | 0f84 2209 | 0000 4b8d | 3cec 4b8d | 2cc4 488d 
  0x00007e6af85e030c: 5c24 6048 | 8b45 00a8 | 020f 8524 | 0000 0048 | 83c8 0148 | 8903 f048 | 0fb1 5d00 | 0f84 3700 
  0x00007e6af85e032c: 0000 482b | c448 2507 | f0ff ff48 | 8903 e924 | 0000 004c | 8bd0 4833 | c0f0 4d0f | b17a 3e48 
  0x00007e6af85e034c: c703 0300 | 0000 7411 | 4c3b f875 | 1549 ff82 | 8600 0000 | 4833 c075 | 0949 ff87 | 5005 0000 
  0x00007e6af85e036c: ;   {no_reloc}
  0x00007e6af85e036c: 33c0 0f85 | 590b 0000 | 478b 54ec | 2445 85d2 | 0f84 be08 | 0000 4f8d | 0cd4 488d | 5c24 6849 
  0x00007e6af85e038c: 8b01 a802 | 0f85 2300 | 0000 4883 | c801 4889 | 03f0 490f | b119 0f84 | 3700 0000 | 482b c448 
  0x00007e6af85e03ac: 2507 f0ff | ff48 8903 | e924 0000 | 004c 8bc0 | 4833 c0f0 | 4d0f b178 | 3e48 c703 | 0300 0000 
  0x00007e6af85e03cc: 7411 4c3b | f875 1549 | ff80 8600 | 0000 4833 | c075 0949 | ff87 5005 | 0000 33c0 | 0f85 310b 
  0x00007e6af85e03ec: 0000 498b | c34b 2b44 | ec18 4885 | c00f 8c85 | 0d00 004f | 8b5c ec10 | 4d85 db0f | 8463 0800 
  0x00007e6af85e040c: 0048 ba00 | 0000 0000 | 0000 8048 | 3bc2 7508 | 33d2 4983 | fbff 7405 | 4899 49f7 | fb47 8b5c 
  0x00007e6af85e042c: ec0c 4963 | cb48 8bd8 | 483b c141 | b8ff ffff | ff7c 0841 | 0f95 c045 | 0fb6 c048 | 3bc1 0f8c 
  0x00007e6af85e044c: 6c0d 0000 | 483b c10f | 855d 0300 | 0048 8d44 | 2468 4883 | 3800 0f84 | 7900 0000 

  0x00007e6af85e0468: ;   {no_reloc}
  0x00007e6af85e0468: 4d8b 1141 | f6c2 020f | 8462 0000 | 0049 83ba | 8600 0000 | 0074 0949 | ff8a 8600 | 0000 eb4b 
  0x00007e6af85e0488: 498b 8296 | 0000 0049 | 0b82 8e00 | 0000 750a | 49c7 423e | 0000 0000 | eb3d 4983 | ba9e 0000 
  0x00007e6af85e04a8: 0000 7422 | 4833 c049 | c742 3e00 | 0000 00f0 | 8304 2400 | 4983 ba9e | 0000 0000 | 750d f04d 
  0x00007e6af85e04c8: 0fb1 7a3e | 7505 83c8 | 01eb 0ca8 | 00eb 084c | 8b10 f04d | 0fb1 1175 | 0a49 ff8f | 5005 0000 
  0x00007e6af85e04e8: 4533 d20f | 85c7 0a00 | 0047 8b5c | ec20 4585 | db0f 8495 | 0700 0047 | 8b54 ec28 | 4d63 db48 
  0x00007e6af85e0508: 8bc3 48ba | 0000 0000 | 0000 0080 | 483b c275 | 0833 d249 | 83fb ff74 | 0548 9949 | f7fb 448b 
  0x00007e6af85e0528: da47 8b4c | d40c 453b | d90f 8379 | 0700 0047 | 8b4c ec2c | 49c1 e203 | 478b 449a | 1044 3b44 
  0x00007e6af85e0548: 2428 8b4c | 2428 440f | 4cc1 4789 | 449a 1047 | 8b54 cc0c | 453b da0f | 836f 0700 | 0047 8b54 
  0x00007e6af85e0568: ;   {no_reloc}
  0x00007e6af85e0568: ec30 4f8d | 04cc 438b | 4c98 103b | 4c24 288b | 5c24 280f | 4fcb 4389 | 4c98 1047 | 8b4c d40c 
  0x00007e6af85e0588: 453b d90f | 8367 0700 | 0047 8b4c | ec34 49c1 | e203 4301 | 5c9a 1047 | 8b44 cc0c | 453b d80f 
  0x00007e6af85e05a8: 836f 0700 | 004f 8d14 | cc43 ff44 | 9a10 488d | 4424 6048 | 8338 000f | 847b 0000 | 004c 8b55 
  0x00007e6af85e05c8: 0041 f6c2 | 020f 8462 | 0000 0049 | 83ba 8600 | 0000 0074 | 0949 ff8a | 8600 0000 | eb4b 498b 
  0x00007e6af85e05e8: 8296 0000 | 0049 0b82 | 8e00 0000 | 750a 49c7 | 423e 0000 | 0000 eb3e | 4983 ba9e | 0000 0000 
  0x00007e6af85e0608: 7422 4833 | c049 c742 | 3e00 0000 | 00f0 8304 | 2400 4983 | ba9e 0000 | 0000 750d | f04d 0fb1 
  0x00007e6af85e0628: 7a3e 7505 | 83c8 01eb | 0da8 00eb | 094c 8b10 | f04c 0fb1 | 5500 750a | 49ff 8f50 | 0500 0045 
  0x00007e6af85e0648: 33d2 0f85 | 8d09 0000 | 4881 c480 | 0000 005d 

  0x00007e6af85e0658: ;   {poll_return}
  0x00007e6af85e0658: 493b a750 | 0400 000f | 8703 1600 | 00c3 438b | 44d4 20c5 | 796e e885 | c00f 84cc | 0d00 0089 
  0x00007e6af85e0678: 1424 c461 | f96e c1c4 | e1f9 6ef6 | c4c1 796e | f9c4 e1f9 | 6eef c4c1 | f96e e5c4 | c179 6ec8 
  0x00007e6af85e0698: c4c1 796e | dbc4 c1f9 | 6ec6 478b | 5cd4 28c4 | 4179 6ecb | c4c1 796e | d247 8b74 | dc0c 478b 
  0x00007e6af85e06b8: 54d4 2cc4 | 4179 6eda 

  0x00007e6af85e06c0: ; implicit exception: dispatches to 0x00007e6af85e1434
  0x00007e6af85e06c0: 478b 54d4 | 0cc4 c179 | 7ed0 478b | 5cc4 30c4 | 4179 6ed3 

  0x00007e6af85e06d4: ; implicit exception: dispatches to 0x00007e6af85e17c0
  0x00007e6af85e06d4: 478b 44dc | 0cc4 c179 | 7ed1 438b | 6ccc 3445 | 8b4c ec0c | 498d 0cec | c579 7ecb | 498d 3cdc 
  0x00007e6af85e06f4: c441 797e | db4b 8d34 | dcc5 797e | d34d 8d2c | dc44 8b1c | 2441 ffc3 | 4489 1c24 | c4c1 797e 
  0x00007e6af85e0714: d38b 1c24 | 4389 5cdc | 0c8b c3c4 | 4179 7eeb | 3d00 0000 | 8075 0833 | d241 83fb | ff74 0499 
  0x00007e6af85e0734: 41f7 fb41 | 3bd6 0f83 | f00a 0000 | c744 9710 | 0000 0080 | 413b d20f | 8323 0b00 | 00c7 4496 
  0x00007e6af85e0754: ;   {no_reloc}
  0x00007e6af85e0754: 10ff ffff | 7f41 3bd0 | 0f83 560b | 0000 4589 | 6495 1041 | 3bd1 0f83 | 8c0b 0000 | 4489 6491 
  0x00007e6af85e0774: 1049 8b9f 

  0x00007e6af85e0778: ; ImmutableOopMap {rcx=Oop rdi=Oop rsi=Oop rbp=NarrowOop r13=Oop xmm0=Oop xmm1=NarrowOop xmm2=NarrowOop xmm4=Oop xmm5=Oop xmm6=Oop xmm7=NarrowOop xmm9=NarrowOop xmm10=NarrowOop xmm11=NarrowOop [56]=Oop }
                      ;*goto {reexecute=1 rethrow=0 return_oop=0}
                      ; - (reexecute) se.pitch.prti1516e.util.RollingMax::c@123 (line 102)
                      ; - se.pitch.prti1516e.util.RollingMax::a@10 (line 72)
                      ; - se.pitch.prti1516e.lrc.MyFederate::b@42 (line 5746)
  0x00007e6af85e0778: 5804 0000 

  0x00007e6af85e077c: ;   {poll}
  0x00007e6af85e077c: 8503 4863 | 1c24 c461 | f97e c248 | 3bd3 0f85 | 75ff ffff | c4c1 f97e | c6c4 c179 | 7ed2 c4c1 
  0x00007e6af85e079c: 797e dbc4 | c179 7ec8 | c4c1 f97e | e5c4 e1f9 | 7ef6 488b | cae9 29f7 | ffff 438b | 44ec 2085 
  0x00007e6af85e07bc: c00f 84ba | 0c00 0043 | 8b4c ec28 

  0x00007e6af85e07c8: ; implicit exception: dispatches to 0x00007e6af85e147d
  0x00007e6af85e07c8: 458b 74cc | 0c8b d043 | 8b44 ec2c 

  0x00007e6af85e07d4: ; implicit exception: dispatches to 0x00007e6af85e147d
  0x00007e6af85e07d4: 418b 74c4 | 0cc5 f96e | f0c5 f96e | f944 891c | 24c4 e1f9 | 6eeb c4c1 | f96e e1c4 | c179 6eda 
  0x00007e6af85e07f4: c4e1 f96e | d5c4 e1f9 | 6ecf c4c1 | 796e c547 | 8b5c ec30 | c441 796e | cb47 8b54 | dc0c 438b 
  0x00007e6af85e0814: 6cec 3445 | 8b6c ec0c | 4d8d 04ec | 48c1 e103 | 498d 1cc4 | c441 797e | c94b 8d3c | cc44 8b1c 
  0x00007e6af85e0834: 2441 ffc3 | 4489 1c24 | c4c1 797e | c344 8b0c | 2447 894c | dc0c 418b | c144 8bca | 3d00 0000 
  0x00007e6af85e0854: 8075 0833 | d241 83f9 | ff74 0499 | 41f7 f941 | 3bd6 0f83 | d40a 0000 | c744 9110 | 0000 0080 
  0x00007e6af85e0874: 3bd6 0f83 

  0x00007e6af85e0878: ;   {no_reloc}
  0x00007e6af85e0878: 040b 0000 | c744 9310 | ffff ff7f | 413b d20f | 8333 0b00 | 0044 8964 | 9710 413b | d50f 8365 
  0x00007e6af85e0898: 0b00 0045 | 8964 9010 | 4d8b 9f58 

  0x00007e6af85e08a4: ; ImmutableOopMap {r8=Oop rcx=Oop rbx=Oop rdi=Oop rbp=NarrowOop xmm0=NarrowOop xmm1=Oop xmm2=Oop xmm3=NarrowOop xmm4=Oop xmm6=NarrowOop xmm7=NarrowOop xmm9=NarrowOop [44]=NarrowOop }
                      ;*goto {reexecute=1 rethrow=0 return_oop=0}
                      ; - (reexecute) se.pitch.prti1516e.util.RollingMax::c@123 (line 102)
                      ; - se.pitch.prti1516e.util.RollingMax::a@10 (line 72)
                      ; - se.pitch.prti1516e.lrc.MyFederate::b@105 (line 5757)
                      ;   {poll}
  0x00007e6af85e08a4: 0400 0041 | 8503 4c63 | 1c24 c4e1 | f97e ea49 | 3bd3 7517 | c4c1 797e | c5c4 e1f9 | 7ed5 c4c1 
  0x00007e6af85e08c4: f97e e148 | 8bda e98a | fbff ff41 | 8bd1 e95a 

  0x00007e6af85e08d4: ;   {oop(a 'java/util/concurrent/TimeUnit'{0x000000060f4ab388})}
  0x00007e6af85e08d4: ffff ff49 | ba88 b34a | 0f06 0000 | 004d 8b52 | 3049 3bc2 | 0f8f b60b | 0000 49f7 | da49 3bc2 
  0x00007e6af85e08f4: 0f8c d60b | 0000 4c8b | d04d 0faf | d04c 8954 | 2440 e958 

  0x00007e6af85e0908: ;   {oop(a 'java/util/concurrent/TimeUnit'{0x000000060f4ab388})}
  0x00007e6af85e0908: f4ff ff49 | ba88 b34a | 0f06 0000 | 004d 8b52 | 304c 8bd8 | 493b c20f | 8fd7 0b00 | 0049 f7da 
  0x00007e6af85e0928: 493b c20f | 8cef 0b00 | 004d 0faf | d8e9 82f9 | ffff 458b | 5cdc 0c45 | 85db 0f84 | 68f3 ffff 
  0x00007e6af85e0948: 4d8b 5728 | 498b fb48 | c1e7 034d | 85d2 0f84 | 3807 0000 | 4d8b 5f38 | 4b89 7c13 | f849 83c2 
  0x00007e6af85e0968: f84d 8957 | 28e9 3ef3 | ffff 458b | 54ec 0c45 | 85d2 0f84 | bff8 ffff | 4d8b 5f28 | 498b fa48 
  0x00007e6af85e0988: c1e7 034d | 85db 0f84 | 1d07 0000 | 4d8b 5738 | 4b89 7c1a | f849 83c3 | f84d 895f | 28e9 95f8 
  0x00007e6af85e09a8: ffff 4d8b | 5748 4d8b | 5f58 f083 | 4424 c000 | 803f 000f | 8428 f3ff | ff44 8827 | 4d85 d275 
  0x00007e6af85e09c8: 1d49 8bf7 | 49ba 2089 | 7b21 6b7e | 0000 41ff 

  0x00007e6af85e09d8: ;   {other}
  0x00007e6af85e09d8: d20f 1f84 | 0000 0000 | 00e9 03f3 | ffff 4b89 | 7c13 f849 | 83c2 f84d | 8957 48e9 | f1f2 ffff 
  0x00007e6af85e09f8: 498b f648 | 8b54 2438 | 9048 b8ff | ffff ffff 

  0x00007e6af85e0a08: ;   {virtual_call}
  0x00007e6af85e0a08: ffff ffe8 

  0x00007e6af85e0a0c: ; ImmutableOopMap {[56]=Oop }
                      ;*invokevirtual a {reexecute=0 rethrow=0 return_oop=0}
                      ; - se.pitch.prti1516e.lrc.MyFederate::b@47 (line 5747)
  0x00007e6af85e0a0c: 4003 8dff 

  0x00007e6af85e0a10: ;   {other}
  0x00007e6af85e0a10: 0f1f 8400 | 8011 0003 | e9f3 f7ff | ff48 8954 | 2408 4c89 | 5424 2089 | 0c24 4c89 

  0x00007e6af85e0a2c: ;   {metadata('java/lang/Object'[])}
  0x00007e6af85e0a2c: 5c24 1048 | be70 1200 | 8b6a 7e00 | 00ba 0100 

  0x00007e6af85e0a3c: ;   {runtime_call _new_array_Java}
  0x00007e6af85e0a3c: 0000 90e8 

  0x00007e6af85e0a40: ; ImmutableOopMap {rbp=NarrowOop [0]=NarrowOop [8]=Oop [16]=Oop [32]=Oop [56]=Oop }
                      ;*anewarray {reexecute=0 rethrow=0 return_oop=1}
                      ; - jdk.proxy2.$Proxy6::timeAdvanceGrant@9
                      ; - se.pitch.prti1516e.lrc.aa::timeAdvanceGrant@76 (line 2250)
                      ; - se.pitch.prti1516e.lrc.k::timeAdvanceGrant@5 (line 655)
                      ; - se.pitch.prti1516e.b.aq::a@12 (line 29)
                      ; - se.pitch.prti1516e.lrc.MyFederate::b@47 (line 5747)
  0x00007e6af85e0a40: 3c26 7aff 

  0x00007e6af85e0a44: ;   {other}
  0x00007e6af85e0a44: 0f1f 8400 | b411 0004 | 4c8b c04c | 8b5c 2410 | 8b0c 244c | 8b54 2420 | 488b 5424 | 08e9 6df7 
  0x00007e6af85e0a64: ffff bef6 | ffff ff48 | 8b6c 2438 | 4889 1424 | 4c89 6c24 

  0x00007e6af85e0a78: ;   {runtime_call UncommonTrapBlob}
  0x00007e6af85e0a78: 0866 90e8 

  0x00007e6af85e0a7c: ; ImmutableOopMap {rbp=Oop [0]=Oop [8]=Oop }
                      ;*invokevirtual set {reexecute=0 rethrow=0 return_oop=0}
                      ; - se.pitch.prti1516e.lrc.MyFederate::b@14 (line 5742)
  0x00007e6af85e0a7c: 8024 6dff 

  0x00007e6af85e0a80: ;   {other}
  0x00007e6af85e0a80: 0f1f 8400 | f011 0005 | bef6 ffff | ff48 8b6c | 2438 4c89 | 3424 4489 | 5424 1044 | 895c 2414 
  0x00007e6af85e0aa0: ;   {runtime_call UncommonTrapBlob}
  0x00007e6af85e0aa0: 6666 90e8 

  0x00007e6af85e0aa4: ; ImmutableOopMap {rbp=Oop [0]=Oop [16]=NarrowOop }
                      ;*monitorenter {reexecute=0 rethrow=0 return_oop=0}
                      ; - se.pitch.prti1516e.util.RollingMax::a@7 (line 71)
                      ; - se.pitch.prti1516e.lrc.MyFederate::b@42 (line 5746)
  0x00007e6af85e0aa4: 5824 6dff 

  0x00007e6af85e0aa8: ;   {other}
  0x00007e6af85e0aa8: 0f1f 8400 | 1812 0006 | bef6 ffff | ff4c 8934 | 2444 895c | 2414 4489 | 4424 1c44 | 8954 2420 
  0x00007e6af85e0ac8: ;   {runtime_call UncommonTrapBlob}
  0x00007e6af85e0ac8: 6666 90e8 

  0x00007e6af85e0acc: ; ImmutableOopMap {[0]=Oop [28]=NarrowOop [32]=NarrowOop [56]=Oop }
                      ;*monitorenter {reexecute=0 rethrow=0 return_oop=0}
                      ; - se.pitch.prti1516e.util.RollingMax::c@6 (line 83)
                      ; - se.pitch.prti1516e.util.RollingMax::a@10 (line 72)
                      ; - se.pitch.prti1516e.lrc.MyFederate::b@42 (line 5746)
  0x00007e6af85e0acc: 3024 6dff 

  0x00007e6af85e0ad0: ;   {other}
  0x00007e6af85e0ad0: 0f1f 8400 | 4012 0007 | be86 ffff | ff4c 8934 | 2444 895c | 2414 4489 | 4424 1c44 | 8954 2420 
  0x00007e6af85e0af0: 4889 4424 | 2844 894c 

  0x00007e6af85e0af8: ;   {runtime_call UncommonTrapBlob}
  0x00007e6af85e0af8: 2430 90e8 

  0x00007e6af85e0afc: ; ImmutableOopMap {[0]=Oop [28]=NarrowOop [32]=NarrowOop [48]=NarrowOop [56]=Oop }
                      ;*ldiv {reexecute=0 rethrow=0 return_oop=0}
                      ; - se.pitch.prti1516e.util.RollingMax::c@36 (line 90)
                      ; - se.pitch.prti1516e.util.RollingMax::a@10 (line 72)
                      ; - se.pitch.prti1516e.lrc.MyFederate::b@42 (line 5746)
  0x00007e6af85e0afc: 0024 6dff 

  0x00007e6af85e0b00: ;   {other}
  0x00007e6af85e0b00: 0f1f 8400 | 7012 0008 | be86 ffff | ff4c 8934 | 2444 8954 | 2410 4489 | 5c24 1448 | 894c 2420 
  0x00007e6af85e0b20: 4489 4424 

  0x00007e6af85e0b24: ;   {runtime_call UncommonTrapBlob}
  0x00007e6af85e0b24: 1c66 90e8 

  0x00007e6af85e0b28: ; ImmutableOopMap {[0]=Oop [16]=NarrowOop [28]=NarrowOop [56]=Oop }
                      ;*lrem {reexecute=0 rethrow=0 return_oop=0}
                      ; - se.pitch.prti1516e.util.RollingMax::a@22 (line 73)
                      ; - se.pitch.prti1516e.lrc.MyFederate::b@42 (line 5746)
  0x00007e6af85e0b28: d423 6dff 

  0x00007e6af85e0b2c: ;   {other}
  0x00007e6af85e0b2c: 0f1f 8400 | 9c12 0009 | bee4 ffff | ff4c 8934 | 2444 8954 | 2410 4489 | 5c24 1489 | 4424 2489 
  0x00007e6af85e0b4c: 5c24 2889 | 4424 2c44 | 8944 2430 

  0x00007e6af85e0b58: ;   {runtime_call UncommonTrapBlob}
  0x00007e6af85e0b58: 6666 90e8 

  0x00007e6af85e0b5c: ; ImmutableOopMap {[0]=Oop [16]=NarrowOop [40]=NarrowOop [48]=NarrowOop [56]=Oop }
                      ;*iaload {reexecute=0 rethrow=0 return_oop=0}
                      ; - se.pitch.prti1516e.util.RollingMax::a@38 (line 74)
                      ; - se.pitch.prti1516e.lrc.MyFederate::b@42 (line 5746)
  0x00007e6af85e0b5c: a023 6dff 

  0x00007e6af85e0b60: ;   {other}
  0x00007e6af85e0b60: 0f1f 8400 | d012 000a | bee4 ffff | ff4c 8934 | 2444 8954 | 2410 4489 | 5c24 1489 | 4424 2489 
  0x00007e6af85e0b80: 4c24 2889 | 4424 2c44 | 8944 2430 

  0x00007e6af85e0b8c: ;   {runtime_call UncommonTrapBlob}
  0x00007e6af85e0b8c: 6666 90e8 

  0x00007e6af85e0b90: ; ImmutableOopMap {[0]=Oop [16]=NarrowOop [40]=NarrowOop [48]=NarrowOop [56]=Oop }
                      ;*iaload {reexecute=0 rethrow=0 return_oop=0}
                      ; - se.pitch.prti1516e.util.RollingMax::a@56 (line 75)
                      ; - se.pitch.prti1516e.lrc.MyFederate::b@42 (line 5746)
  0x00007e6af85e0b90: 6c23 6dff 

  0x00007e6af85e0b94: ;   {other}
  0x00007e6af85e0b94: 0f1f 8400 | 0413 000b | bee4 ffff | ff4c 8934 | 2444 8954 | 2410 4489 | 5c24 1489 | 4424 2444 
  0x00007e6af85e0bb4: 894c 2428 | 8944 242c | 4489 4424 

  0x00007e6af85e0bc0: ;   {runtime_call UncommonTrapBlob}
  0x00007e6af85e0bc0: 3066 90e8 

  0x00007e6af85e0bc4: ; ImmutableOopMap {[0]=Oop [16]=NarrowOop [40]=NarrowOop [48]=NarrowOop [56]=Oop }
                      ;*iaload {reexecute=0 rethrow=0 return_oop=0}
                      ; - se.pitch.prti1516e.util.RollingMax::a@69 (line 76)
                      ; - se.pitch.prti1516e.lrc.MyFederate::b@42 (line 5746)
  0x00007e6af85e0bc4: 3823 6dff 

  0x00007e6af85e0bc8: ;   {other}
  0x00007e6af85e0bc8: 0f1f 8400 | 3813 000c | bee4 ffff | ff4c 8934 | 2489 4c24 | 1c89 4424 | 2044 8944 

  0x00007e6af85e0be4: ;   {runtime_call UncommonTrapBlob}
  0x00007e6af85e0be4: 2424 90e8 

  0x00007e6af85e0be8: ; ImmutableOopMap {[0]=Oop [28]=NarrowOop [36]=NarrowOop [56]=Oop }
                      ;*iaload {reexecute=0 rethrow=0 return_oop=0}
                      ; - se.pitch.prti1516e.util.RollingMax::a@80 (line 77)
                      ; - se.pitch.prti1516e.lrc.MyFederate::b@42 (line 5746)
  0x00007e6af85e0be8: 1423 6dff 

  0x00007e6af85e0bec: ;   {other}
  0x00007e6af85e0bec: 0f1f 8400 | 5c13 000d | bef6 ffff 

  0x00007e6af85e0bf8: ;   {runtime_call UncommonTrapBlob}
  0x00007e6af85e0bf8: ff66 90e8 

  0x00007e6af85e0bfc: ; ImmutableOopMap {[56]=Oop }
                      ;*invokevirtual set {reexecute=0 rethrow=0 return_oop=0}
                      ; - se.pitch.prti1516e.lrc.MyFederate::b@73 (line 5752)
  0x00007e6af85e0bfc: 0023 6dff 

  0x00007e6af85e0c00: ;   {other}
  0x00007e6af85e0c00: 0f1f 8400 | 7013 000e | bef6 ffff | ff4c 891c | 244c 8954 

  0x00007e6af85e0c14: ;   {runtime_call UncommonTrapBlob}
  0x00007e6af85e0c14: 2408 90e8 

  0x00007e6af85e0c18: ; ImmutableOopMap {[56]=Oop }
                      ;*invokevirtual getAndIncrement {reexecute=0 rethrow=0 return_oop=0}
                      ; - se.pitch.prti1516e.lrc.MyFederate::b@92 (line 5756)
  0x00007e6af85e0c18: e422 6dff 

  0x00007e6af85e0c1c: ;   {other}
  0x00007e6af85e0c1c: 0f1f 8400 | 8c13 000f | bef6 ffff | ff41 8bed | 4c89 5c24 

  0x00007e6af85e0c30: ;   {runtime_call UncommonTrapBlob}
  0x00007e6af85e0c30: 0866 90e8 

  0x00007e6af85e0c34: ; ImmutableOopMap {rbp=NarrowOop }
                      ;*monitorenter {reexecute=0 rethrow=0 return_oop=0}
                      ; - se.pitch.prti1516e.util.RollingMax::a@7 (line 71)
                      ; - se.pitch.prti1516e.lrc.MyFederate::b@105 (line 5757)
  0x00007e6af85e0c34: c822 6dff 

  0x00007e6af85e0c38: ;   {other}
  0x00007e6af85e0c38: 0f1f 8400 | a813 0010 | bef6 ffff | ff48 8944 | 24f8 8b44 | 242c 8944 | 2404 488b | 4424 f844 
  0x00007e6af85e0c58: 896c 240c | 4c89 5c24 

  0x00007e6af85e0c60: ;   {runtime_call UncommonTrapBlob}
  0x00007e6af85e0c60: 1066 90e8 

  0x00007e6af85e0c64: ; ImmutableOopMap {[4]=NarrowOop [12]=NarrowOop }
                      ;*monitorenter {reexecute=0 rethrow=0 return_oop=0}
                      ; - se.pitch.prti1516e.util.RollingMax::c@6 (line 83)
                      ; - se.pitch.prti1516e.util.RollingMax::a@10 (line 72)
                      ; - se.pitch.prti1516e.lrc.MyFederate::b@105 (line 5757)
  0x00007e6af85e0c64: 9822 6dff 

  0x00007e6af85e0c68: ;   {other}
  0x00007e6af85e0c68: 0f1f 8400 | d813 0011 | be86 ffff | ff44 896c | 240c 4889 | 4424 1844 | 8954 2414 

  0x00007e6af85e0c84: ;   {runtime_call UncommonTrapBlob}
  0x00007e6af85e0c84: 6666 90e8 

  0x00007e6af85e0c88: ; ImmutableOopMap {[12]=NarrowOop [20]=NarrowOop [44]=NarrowOop }
                      ;*ldiv {reexecute=0 rethrow=0 return_oop=0}
                      ; - se.pitch.prti1516e.util.RollingMax::c@36 (line 90)
                      ; - se.pitch.prti1516e.util.RollingMax::a@10 (line 72)
                      ; - se.pitch.prti1516e.lrc.MyFederate::b@105 (line 5757)
  0x00007e6af85e0c88: 7422 6dff 

  0x00007e6af85e0c8c: ;   {other}
  0x00007e6af85e0c8c: 0f1f 8400 | fc13 0012 | be86 ffff | ff41 8bed | 4889 5c24 

  0x00007e6af85e0ca0: ;   {runtime_call UncommonTrapBlob}
  0x00007e6af85e0ca0: 0866 90e8 

  0x00007e6af85e0ca4: ; ImmutableOopMap {rbp=NarrowOop [44]=NarrowOop }
                      ;*lrem {reexecute=0 rethrow=0 return_oop=0}
                      ; - se.pitch.prti1516e.util.RollingMax::a@22 (line 73)
                      ; - se.pitch.prti1516e.lrc.MyFederate::b@105 (line 5757)
  0x00007e6af85e0ca4: 5822 6dff 

  0x00007e6af85e0ca8: ;   {other}
  0x00007e6af85e0ca8: 0f1f 8400 | 1814 0013 | bee4 ffff | ff41 8bed | 4489 5c24 | 1044 8954 | 2414 4489 

  0x00007e6af85e0cc4: ;   {runtime_call UncommonTrapBlob}
  0x00007e6af85e0cc4: 5c24 18e8 

  0x00007e6af85e0cc8: ; ImmutableOopMap {rbp=NarrowOop [20]=NarrowOop [44]=NarrowOop }
                      ;*iaload {reexecute=0 rethrow=0 return_oop=0}
                      ; - se.pitch.prti1516e.util.RollingMax::a@38 (line 74)
                      ; - se.pitch.prti1516e.lrc.MyFederate::b@105 (line 5757)
  0x00007e6af85e0cc8: 3422 6dff 

  0x00007e6af85e0ccc: ;   {other}
  0x00007e6af85e0ccc: 0f1f 8400 | 3c14 0014 | bee4 ffff | ff41 8bed | 4489 5c24 | 1044 894c | 2414 4489 

  0x00007e6af85e0ce8: ;   {runtime_call UncommonTrapBlob}
  0x00007e6af85e0ce8: 5c24 18e8 

  0x00007e6af85e0cec: ; ImmutableOopMap {rbp=NarrowOop [20]=NarrowOop [44]=NarrowOop }
                      ;*iaload {reexecute=0 rethrow=0 return_oop=0}
                      ; - se.pitch.prti1516e.util.RollingMax::a@56 (line 75)
                      ; - se.pitch.prti1516e.lrc.MyFederate::b@105 (line 5757)
  0x00007e6af85e0cec: 1022 6dff 

  0x00007e6af85e0cf0: ;   {other}
  0x00007e6af85e0cf0: 0f1f 8400 | 6014 0015 | bee4 ffff | ff41 8bed | 4489 5c24 | 1044 8954 | 2414 4489 

  0x00007e6af85e0d0c: ;   {runtime_call UncommonTrapBlob}
  0x00007e6af85e0d0c: 5c24 18e8 

  0x00007e6af85e0d10: ; ImmutableOopMap {rbp=NarrowOop [20]=NarrowOop [44]=NarrowOop }
                      ;*iaload {reexecute=0 rethrow=0 return_oop=0}
                      ; - se.pitch.prti1516e.util.RollingMax::a@69 (line 76)
                      ; - se.pitch.prti1516e.lrc.MyFederate::b@105 (line 5757)
  0x00007e6af85e0d10: ec21 6dff 

  0x00007e6af85e0d14: ;   {other}
  0x00007e6af85e0d14: 0f1f 8400 | 8414 0016 | bee4 ffff | ff44 894c | 2408 4489 

  0x00007e6af85e0d28: ;   {runtime_call UncommonTrapBlob}
  0x00007e6af85e0d28: 5c24 0ce8 

  0x00007e6af85e0d2c: ; ImmutableOopMap {[8]=NarrowOop [44]=NarrowOop }
                      ;*iaload {reexecute=0 rethrow=0 return_oop=0}
                      ; - se.pitch.prti1516e.util.RollingMax::a@80 (line 77)
                      ; - se.pitch.prti1516e.lrc.MyFederate::b@105 (line 5757)
  0x00007e6af85e0d2c: d021 6dff 

  0x00007e6af85e0d30: ;   {other}
  0x00007e6af85e0d30: 0f1f 8400 | a014 0017 | be86 ffff | ff48 8b6c | 2438 4c89 | 3424 4889 

  0x00007e6af85e0d48: ;   {runtime_call UncommonTrapBlob}
  0x00007e6af85e0d48: 4424 08e8 

  0x00007e6af85e0d4c: ; ImmutableOopMap {rbp=Oop [0]=Oop }
                      ;*ldiv {reexecute=0 rethrow=0 return_oop=0}
                      ; - java.util.concurrent.TimeUnit::toMillis@31 (line 294)
                      ; - se.pitch.prti1516e.util.q::a@6 (line 15)
                      ; - se.pitch.prti1516e.lrc.MyFederate::E@0 (line 861)
                      ; - se.pitch.prti1516e.lrc.MyFederate::b@18 (line 5743)
  0x00007e6af85e0d4c: b021 6dff 

  0x00007e6af85e0d50: ;   {other}
  0x00007e6af85e0d50: 0f1f 8400 | c014 0018 | be86 ffff | ff48 8944 

  0x00007e6af85e0d60: ;   {runtime_call UncommonTrapBlob}
  0x00007e6af85e0d60: 2408 90e8 

  0x00007e6af85e0d64: ; ImmutableOopMap {[56]=Oop }
                      ;*ldiv {reexecute=0 rethrow=0 return_oop=0}
                      ; - java.util.concurrent.TimeUnit::toMillis@31 (line 294)
                      ; - se.pitch.prti1516e.util.q::a@6 (line 15)
                      ; - se.pitch.prti1516e.lrc.MyFederate::E@0 (line 861)
                      ; - se.pitch.prti1516e.lrc.MyFederate::b@77 (line 5754)
  0x00007e6af85e0d64: 9821 6dff 

  0x00007e6af85e0d68: ;   {other}
  0x00007e6af85e0d68: 0f1f 8400 | d814 0019 | 4889 7c24 | 284c 896c | 2420 4489 | 4424 1844 | 895c 2414 | 4489 5424 
  0x00007e6af85e0d88: 104c 8934 | 2448 8b6c | 2438 498b | f548 8d54 

  0x00007e6af85e0d98: ;   {runtime_call _complete_monitor_locking_Java}
  0x00007e6af85e0d98: 2460 90e8 

  0x00007e6af85e0d9c: ; ImmutableOopMap {rbp=Oop [0]=Oop [16]=NarrowOop [24]=NarrowOop [32]=Oop [40]=Oop }
                      ;*monitorenter {reexecute=0 rethrow=0 return_oop=0}
                      ; - se.pitch.prti1516e.util.RollingMax::a@7 (line 71)
                      ; - se.pitch.prti1516e.lrc.MyFederate::b@42 (line 5746)
  0x00007e6af85e0d9c: 6038 7aff 

  0x00007e6af85e0da0: ;   {other}
  0x00007e6af85e0da0: 0f1f 8400 | 1015 001a | 4889 6c24 | 384c 8b34 | 2444 8b54 | 2410 448b | 5c24 1444 | 8b44 2418 
  0x00007e6af85e0dc0: 4c8b 6c24 | 2048 8b7c | 2428 e92c | f0ff ff48 | 8974 2430 | 4489 4c24 | 1c48 897c | 2428 4c89 
  0x00007e6af85e0de0: 6c24 2044 | 8944 2418 | 4489 5c24 | 1444 8954 | 2410 48ff | 7424 4048 | 8f44 2408 | 4c89 3424 
  0x00007e6af85e0e00: 488b 6c24 | 3848 8d54 

  0x00007e6af85e0e08: ;   {runtime_call _complete_monitor_locking_Java}
  0x00007e6af85e0e08: 2468 90e8 

  0x00007e6af85e0e0c: ; ImmutableOopMap {rbp=Oop [0]=Oop [16]=NarrowOop [24]=NarrowOop [28]=NarrowOop [32]=Oop [40]=Oop [48]=Oop }
                      ;*monitorenter {reexecute=0 rethrow=0 return_oop=0}
                      ; - se.pitch.prti1516e.util.RollingMax::c@6 (line 83)
                      ; - se.pitch.prti1516e.util.RollingMax::a@10 (line 72)
                      ; - se.pitch.prti1516e.lrc.MyFederate::b@42 (line 5746)
  0x00007e6af85e0e0c: f037 7aff 

  0x00007e6af85e0e10: ;   {other}
  0x00007e6af85e0e10: 0f1f 8400 | 8015 001b | 4889 6c24 | 384c 8b34 | 2448 ff74 | 2408 488f | 4424 4044 | 8b54 2410 
  0x00007e6af85e0e30: 448b 5c24 | 1444 8b44 | 2418 4c8b | 6c24 2048 | 8b7c 2428 | 448b 4c24 | 1c48 8b74 | 2430 e922 
  0x00007e6af85e0e50: f0ff ff48 | 894c 2418 | 4c89 6c24 | 1044 8944 | 2408 4489 | 5c24 0444 | 8914 2448 | 8bfe 488d 
  0x00007e6af85e0e70: 7424 6849 | 8bd7 49ba | 1055 dc21 | 6b7e 0000 

  0x00007e6af85e0e80: ;   {other}
  0x00007e6af85e0e80: 41ff d20f | 1f84 0000 | 0000 0044 | 8b14 2444 | 8b5c 2404 | 448b 4424 | 084c 8b6c | 2410 488b 
  0x00007e6af85e0ea0: 4c24 18e9 | cff0 ffff | 498b fd48 | 8d74 2460 | 498b d749 | ba10 55dc | 216b 7e00 | 0041 ffd2 
  0x00007e6af85e0ec0: ;   {other}
  0x00007e6af85e0ec0: 0f1f 8400 | 0000 0000 | e9f9 f1ff | ff48 896c | 2418 4889 | 7c24 1044 | 896c 2404 | 4889 4424 
  0x00007e6af85e0ee0: f88b 4424 | 2889 0424 | 488b 4424 | f849 8beb | 488b 7424 | 1848 8d54 

  0x00007e6af85e0ef8: ;   {runtime_call _complete_monitor_locking_Java}
  0x00007e6af85e0ef8: 2460 90e8 

  0x00007e6af85e0efc: ; ImmutableOopMap {[4]=NarrowOop [16]=Oop [24]=Oop [44]=NarrowOop }
                      ;*monitorenter {reexecute=0 rethrow=0 return_oop=0}
                      ; - se.pitch.prti1516e.util.RollingMax::a@7 (line 71)
                      ; - se.pitch.prti1516e.lrc.MyFederate::b@105 (line 5757)
  0x00007e6af85e0efc: 0037 7aff 

  0x00007e6af85e0f00: ;   {other}
  0x00007e6af85e0f00: 0f1f 8400 | 7016 001c | 4c8b dd44 | 8b6c 2404 | 488b 7c24 | 1048 8b6c | 2418 e955 | f4ff ff4c 
  0x00007e6af85e0f20: 894c 2420 | 4489 5424 | 0c48 896c | 2418 4889 | 7c24 1048 | 8944 24f8 | 8b44 242c | 8944 2408 
  0x00007e6af85e0f40: 488b 4424 | f844 896c | 2404 4889 | 4424 f88b | 4424 2889 | 0424 488b | 4424 f849 | 8beb 498b 
  0x00007e6af85e0f60: f148 8d54 

  0x00007e6af85e0f64: ;   {runtime_call _complete_monitor_locking_Java}
  0x00007e6af85e0f64: 2468 90e8 

  0x00007e6af85e0f68: ; ImmutableOopMap {[4]=NarrowOop [8]=NarrowOop [12]=NarrowOop [16]=Oop [24]=Oop [32]=Oop }
                      ;*monitorenter {reexecute=0 rethrow=0 return_oop=0}
                      ; - se.pitch.prti1516e.util.RollingMax::c@6 (line 83)
                      ; - se.pitch.prti1516e.util.RollingMax::a@10 (line 72)
                      ; - se.pitch.prti1516e.lrc.MyFederate::b@105 (line 5757)
  0x00007e6af85e0f68: 9436 7aff 

  0x00007e6af85e0f6c: ;   {other}
  0x00007e6af85e0f6c: 0f1f 8400 | dc16 001d | 4c8b dd48 | 8944 24f8 | 8b04 2489 | 4424 2848 | 8b44 24f8 | 448b 6c24 
  0x00007e6af85e0f8c: 0448 8944 | 24f8 8b44 | 2408 8944 | 242c 488b | 4424 f848 | 8b7c 2410 | 488b 6c24 | 1844 8b54 
  0x00007e6af85e0fac: 240c 4c8b | 4c24 20e9 | 36f4 ffff | 498b f948 | 8d74 2468 | 498b d749 | ba10 55dc | 216b 7e00 
  0x00007e6af85e0fcc: 0041 ffd2 

  0x00007e6af85e0fd0: ;   {other}
  0x00007e6af85e0fd0: 0f1f 8400 | 0000 0000 | e914 f5ff | ff48 8bfd | 488d 7424 | 6049 8bd7 | 49ba 1055 | dc21 6b7e 
  0x00007e6af85e0ff0: 0000 41ff 

  0x00007e6af85e0ff4: ;   {other}
  0x00007e6af85e0ff4: d20f 1f84 | 0000 0000 | 00e9 4ef6 | ffff bede | ffff ff4c | 895c 2408 | 4489 5424 | 1889 4c24 
  0x00007e6af85e1014: ;   {runtime_call UncommonTrapBlob}
  0x00007e6af85e1014: 1c66 90e8 

  0x00007e6af85e1018: ; ImmutableOopMap {[8]=Oop [24]=NarrowOop [28]=NarrowOop [56]=Oop }
                      ;*invokeinterface timeAdvanceGrant {reexecute=0 rethrow=0 return_oop=0}
                      ; - se.pitch.prti1516e.b.aq::a@12 (line 29)
                      ; - se.pitch.prti1516e.lrc.MyFederate::b@47 (line 5747)
  0x00007e6af85e1018: e41e 6dff 

  0x00007e6af85e101c: ;   {other}
  0x00007e6af85e101c: 0f1f 8400 | 8c17 001e | bede ffff | ff4c 895c | 2408 4489 | 5424 1889 

  0x00007e6af85e1034: ;   {runtime_call UncommonTrapBlob}
  0x00007e6af85e1034: 4c24 1ce8 

  0x00007e6af85e1038: ; ImmutableOopMap {[8]=Oop [24]=NarrowOop [28]=NarrowOop [56]=Oop }
                      ;*invokeinterface timeAdvanceGrant {reexecute=0 rethrow=0 return_oop=0}
                      ; - se.pitch.prti1516e.lrc.k::timeAdvanceGrant@5 (line 655)
                      ; - se.pitch.prti1516e.b.aq::a@12 (line 29)
                      ; - se.pitch.prti1516e.lrc.MyFederate::b@47 (line 5747)
  0x00007e6af85e1038: c41e 6dff 

  0x00007e6af85e103c: ;   {other}
  0x00007e6af85e103c: 0f1f 8400 | ac17 001f | bede ffff | ff4c 895c | 2408 4c89 | 5424 1844 | 894c 2420 | 894c 2424 
  0x00007e6af85e105c: ;   {runtime_call UncommonTrapBlob}
  0x00007e6af85e105c: 6666 90e8 

  0x00007e6af85e1060: ; ImmutableOopMap {[8]=Oop [24]=Oop [32]=NarrowOop [36]=NarrowOop [56]=Oop }
                      ;*invokeinterface timeAdvanceGrant {reexecute=0 rethrow=0 return_oop=0}
                      ; - se.pitch.prti1516e.lrc.aa::timeAdvanceGrant@76 (line 2250)
                      ; - se.pitch.prti1516e.lrc.k::timeAdvanceGrant@5 (line 655)
                      ; - se.pitch.prti1516e.b.aq::a@12 (line 29)
                      ; - se.pitch.prti1516e.lrc.MyFederate::b@47 (line 5747)
  0x00007e6af85e1060: 9c1e 6dff 

  0x00007e6af85e1064: ;   {other}
  0x00007e6af85e1064: 0f1f 8400 | d417 0020 | bede ffff | ff4c 895c | 2410 4c89 | 5424 2048 | 8954 2428 | 4c89 4424 
  0x00007e6af85e1084: ;   {runtime_call UncommonTrapBlob}
  0x00007e6af85e1084: 3066 90e8 

  0x00007e6af85e1088: ; ImmutableOopMap {rbp=NarrowOop [16]=Oop [32]=Oop [40]=Oop [48]=Oop [56]=Oop }
                      ;*invokeinterface invoke {reexecute=0 rethrow=0 return_oop=0}
                      ; - jdk.proxy2.$Proxy6::timeAdvanceGrant@16
                      ; - se.pitch.prti1516e.lrc.aa::timeAdvanceGrant@76 (line 2250)
                      ; - se.pitch.prti1516e.lrc.k::timeAdvanceGrant@5 (line 655)
                      ; - se.pitch.prti1516e.b.aq::a@12 (line 29)
                      ; - se.pitch.prti1516e.lrc.MyFederate::b@47 (line 5747)
  0x00007e6af85e1088: 741e 6dff 

  0x00007e6af85e108c: ;   {other}
  0x00007e6af85e108c: 0f1f 8400 | fc17 0021 | 498b f749 | baf0 887b | 216b 7e00 | 0041 ffd2 

  0x00007e6af85e10a4: ;   {other}
  0x00007e6af85e10a4: 0f1f 8400 | 0000 0000 | e9ff ebff | ff49 8bf7 | 49ba f088 | 7b21 6b7e | 0000 41ff 

  0x00007e6af85e10c0: ;   {other}
  0x00007e6af85e10c0: d20f 1f84 | 0000 0000 | 00e9 71f1 | ffff be45 | ffff ff4c | 895c 2408 | 4c89 5424 | 1889 4c24 
  0x00007e6af85e10e0: 2089 5c24 

  0x00007e6af85e10e4: ;   {runtime_call UncommonTrapBlob}
  0x00007e6af85e10e4: 2466 90e8 

  0x00007e6af85e10e8: ; ImmutableOopMap {[8]=Oop [24]=Oop [32]=NarrowOop [56]=Oop }
                      ;*ifne {reexecute=1 rethrow=0 return_oop=0}
                      ; - (reexecute) se.pitch.prti1516e.lrc.z::b@10 (line 227)
                      ; - se.pitch.prti1516e.lrc.aa::timeAdvanceGrant@13 (line 2240)
                      ; - se.pitch.prti1516e.lrc.k::timeAdvanceGrant@5 (line 655)
                      ; - se.pitch.prti1516e.b.aq::a@12 (line 29)
                      ; - se.pitch.prti1516e.lrc.MyFederate::b@47 (line 5747)
  0x00007e6af85e10e8: 141e 6dff 

  0x00007e6af85e10ec: ;   {other}
  0x00007e6af85e10ec: 0f1f 8400 | 5c18 0022 | 33c9 483b | c1bd ffff | ffff 7c08 | 400f 95c5 | 400f b6ed | be45 ffff 
  0x00007e6af85e110c: ff48 ff74 | 2438 488f | 0424 4c89 | 7424 0844 | 895c 241c | 4489 4424 | 2444 8954 | 2428 4489 
  0x00007e6af85e112c: ;   {runtime_call UncommonTrapBlob}
  0x00007e6af85e112c: 4c24 38e8 

  0x00007e6af85e1130: ; ImmutableOopMap {[0]=Oop [8]=Oop [36]=NarrowOop [40]=NarrowOop [56]=NarrowOop }
                      ;*ifge {reexecute=1 rethrow=0 return_oop=0}
                      ; - (reexecute) se.pitch.prti1516e.util.RollingMax::c@19 (line 85)
                      ; - se.pitch.prti1516e.util.RollingMax::a@10 (line 72)
                      ; - se.pitch.prti1516e.lrc.MyFederate::b@42 (line 5746)
  0x00007e6af85e1130: cc1d 6dff 

  0x00007e6af85e1134: ;   {other}
  0x00007e6af85e1134: 0f1f 8400 | a418 0023 | be45 ffff | ff4c 8934 | 2444 895c | 2414 4489 | 4424 1c44 | 8954 2420 
  0x00007e6af85e1154: 895c 2428 | 4489 4c24 

  0x00007e6af85e115c: ;   {runtime_call UncommonTrapBlob}
  0x00007e6af85e115c: 2c66 90e8 

  0x00007e6af85e1160: ; ImmutableOopMap {[0]=Oop [28]=NarrowOop [32]=NarrowOop [44]=NarrowOop [56]=Oop }
                      ;*ifge {reexecute=1 rethrow=0 return_oop=0}
                      ; - (reexecute) se.pitch.prti1516e.util.RollingMax::c@47 (line 91)
                      ; - se.pitch.prti1516e.util.RollingMax::a@10 (line 72)
                      ; - se.pitch.prti1516e.lrc.MyFederate::b@42 (line 5746)
  0x00007e6af85e1160: 9c1d 6dff 

  0x00007e6af85e1164: ;   {other}
  0x00007e6af85e1164: 0f1f 8400 | d418 0024 | be45 ffff | ff44 8954 

  0x00007e6af85e1174: ;   {runtime_call UncommonTrapBlob}
  0x00007e6af85e1174: 2408 90e8 

  0x00007e6af85e1178: ; ImmutableOopMap {[56]=Oop }
                      ;*ifeq {reexecute=1 rethrow=0 return_oop=0}
                      ; - (reexecute) se.pitch.prti1516e.lrc.MyFederate::b@54 (line 5748)
  0x00007e6af85e1178: 841d 6dff 

  0x00007e6af85e117c: ;   {other}
  0x00007e6af85e117c: 0f1f 8400 | ec18 0025 | 4533 c049 | 3bc0 bdff | ffff ff7c | 0840 0f95 | c540 0fb6 | edbe 45ff 
  0x00007e6af85e119c: ffff 4489 | 6c24 104c | 895c 2418 | 4489 5424 

  0x00007e6af85e11ac: ;   {runtime_call UncommonTrapBlob}
  0x00007e6af85e11ac: 2066 90e8 

  0x00007e6af85e11b0: ; ImmutableOopMap {[16]=NarrowOop [32]=NarrowOop [44]=NarrowOop }
                      ;*ifge {reexecute=1 rethrow=0 return_oop=0}
                      ; - (reexecute) se.pitch.prti1516e.util.RollingMax::c@19 (line 85)
                      ; - se.pitch.prti1516e.util.RollingMax::a@10 (line 72)
                      ; - se.pitch.prti1516e.lrc.MyFederate::b@105 (line 5757)
  0x00007e6af85e11b0: 4c1d 6dff 

  0x00007e6af85e11b4: ;   {other}
  0x00007e6af85e11b4: 0f1f 8400 | 2419 0026 | be45 ffff | ff44 896c | 240c 4489 | 4424 1444 | 8954 2418 

  0x00007e6af85e11d0: ;   {runtime_call UncommonTrapBlob}
  0x00007e6af85e11d0: 6666 90e8 

  0x00007e6af85e11d4: ; ImmutableOopMap {[12]=NarrowOop [24]=NarrowOop [44]=NarrowOop }
                      ;*ifge {reexecute=1 rethrow=0 return_oop=0}
                      ; - (reexecute) se.pitch.prti1516e.util.RollingMax::c@47 (line 91)
                      ; - se.pitch.prti1516e.util.RollingMax::a@10 (line 72)
                      ; - se.pitch.prti1516e.lrc.MyFederate::b@105 (line 5757)
  0x00007e6af85e11d4: 281d 6dff 

  0x00007e6af85e11d8: ;   {other}
  0x00007e6af85e11d8: 0f1f 8400 | 4819 0027 | be45 ffff | ff4c 895c | 2408 4c89 | 5424 1889 | 4c24 2044 | 894c 2424 
  0x00007e6af85e11f8: ;   {runtime_call UncommonTrapBlob}
  0x00007e6af85e11f8: 6666 90e8 

  0x00007e6af85e11fc: ; ImmutableOopMap {[8]=Oop [24]=Oop [32]=NarrowOop [56]=Oop }
                      ;*ifeq {reexecute=1 rethrow=0 return_oop=0}
                      ; - (reexecute) se.pitch.prti1516e.lrc.z::b@17 (line 228)
                      ; - se.pitch.prti1516e.lrc.aa::timeAdvanceGrant@13 (line 2240)
                      ; - se.pitch.prti1516e.lrc.k::timeAdvanceGrant@5 (line 655)
                      ; - se.pitch.prti1516e.b.aq::a@12 (line 29)
                      ; - se.pitch.prti1516e.lrc.MyFederate::b@47 (line 5747)
  0x00007e6af85e11fc: 001d 6dff 

  0x00007e6af85e1200: ;   {other}
  0x00007e6af85e1200: 0f1f 8400 | 7019 0028 | be45 ffff | ff4c 895c | 2408 4c89 | 5424 1889 | 4c24 2044 | 894c 2424 
  0x00007e6af85e1220: ;   {runtime_call UncommonTrapBlob}
  0x00007e6af85e1220: 6666 90e8 

  0x00007e6af85e1224: ; ImmutableOopMap {[8]=Oop [24]=Oop [32]=NarrowOop [56]=Oop }
                      ;*ifeq {reexecute=1 rethrow=0 return_oop=0}
                      ; - (reexecute) se.pitch.prti1516e.lrc.aa::timeAdvanceGrant@26 (line 2240)
                      ; - se.pitch.prti1516e.lrc.k::timeAdvanceGrant@5 (line 655)
                      ; - se.pitch.prti1516e.b.aq::a@12 (line 29)
                      ; - se.pitch.prti1516e.lrc.MyFederate::b@47 (line 5747)
  0x00007e6af85e1224: d81c 6dff 

  0x00007e6af85e1228: ;   {other}
  0x00007e6af85e1228: 0f1f 8400 | 9819 0029 | bee4 ffff | ff48 8b6c | 2438 c5fb | 1104 24c5 | fa11 5c24 | 14c5 fa11 
  0x00007e6af85e1248: 4c24 1cc5 | fa11 5424 | 20c5 7b11 | 4424 2889 | 5424 34c5 | fa11 7c24 | 38c5 7a11 

  0x00007e6af85e1264: ;   {runtime_call UncommonTrapBlob}
  0x00007e6af85e1264: 4c24 3ce8 

  0x00007e6af85e1268: ; ImmutableOopMap {rbp=Oop [0]=Oop [28]=NarrowOop [32]=NarrowOop [56]=NarrowOop [60]=NarrowOop }
                      ;*iastore {reexecute=0 rethrow=0 return_oop=0}
                      ; - se.pitch.prti1516e.util.RollingMax::c@97 (line 98)
                      ; - se.pitch.prti1516e.util.RollingMax::a@10 (line 72)
                      ; - se.pitch.prti1516e.lrc.MyFederate::b@42 (line 5746)
  0x00007e6af85e1268: 941c 6dff 

  0x00007e6af85e126c: ;   {other}
  0x00007e6af85e126c: 0f1f 8400 | dc19 002a | bee4 ffff | ff48 8b6c | 2438 c5fb | 1104 24c5 | fa11 5c24 | 14c5 fa11 
  0x00007e6af85e128c: 4c24 1cc5 | fa11 5424 | 20c5 7b11 | 4424 2889 | 5424 34c5 | fa11 7c24 | 38c5 7a11 

  0x00007e6af85e12a8: ;   {runtime_call UncommonTrapBlob}
  0x00007e6af85e12a8: 5c24 3ce8 

  0x00007e6af85e12ac: ; ImmutableOopMap {rbp=Oop [0]=Oop [28]=NarrowOop [32]=NarrowOop [56]=NarrowOop [60]=NarrowOop }
                      ;*iastore {reexecute=0 rethrow=0 return_oop=0}
                      ; - se.pitch.prti1516e.util.RollingMax::c@106 (line 99)
                      ; - se.pitch.prti1516e.util.RollingMax::a@10 (line 72)
                      ; - se.pitch.prti1516e.lrc.MyFederate::b@42 (line 5746)
  0x00007e6af85e12ac: 501c 6dff 

  0x00007e6af85e12b0: ;   {other}
  0x00007e6af85e12b0: 0f1f 8400 | 201a 002b | bee4 ffff | ff48 8b6c | 2438 c5fb | 1104 24c5 | fa11 5c24 | 14c5 fa11 
  0x00007e6af85e12d0: 4c24 1cc5 | fa11 5424 | 20c5 7b11 | 4424 2889 | 5424 34c5 | fa11 7c24 | 38c5 7a11 

  0x00007e6af85e12ec: ;   {runtime_call UncommonTrapBlob}
  0x00007e6af85e12ec: 5424 3ce8 

  0x00007e6af85e12f0: ; ImmutableOopMap {rbp=Oop [0]=Oop [28]=NarrowOop [32]=NarrowOop [56]=NarrowOop [60]=NarrowOop }
                      ;*iastore {reexecute=0 rethrow=0 return_oop=0}
                      ; - se.pitch.prti1516e.util.RollingMax::c@114 (line 100)
                      ; - se.pitch.prti1516e.util.RollingMax::a@10 (line 72)
                      ; - se.pitch.prti1516e.lrc.MyFederate::b@42 (line 5746)
  0x00007e6af85e12f0: 0c1c 6dff 

  0x00007e6af85e12f4: ;   {other}
  0x00007e6af85e12f4: 0f1f 8400 | 641a 002c | bee4 ffff | ff48 ff74 | 2438 488f | 0424 c5fb | 1144 2408 | c5fa 115c 
  0x00007e6af85e1314: 241c c5fa | 114c 2424 | c5fa 1154 | 2428 c57b | 1144 2430 | 8954 2438 | c5fa 117c 

  0x00007e6af85e1330: ;   {runtime_call UncommonTrapBlob}
  0x00007e6af85e1330: 243c 90e8 

  0x00007e6af85e1334: ; ImmutableOopMap {rbp=NarrowOop [0]=Oop [8]=Oop [36]=NarrowOop [40]=NarrowOop [60]=NarrowOop }
                      ;*iastore {reexecute=0 rethrow=0 return_oop=0}
                      ; - se.pitch.prti1516e.util.RollingMax::c@122 (line 101)
                      ; - se.pitch.prti1516e.util.RollingMax::a@10 (line 72)
                      ; - se.pitch.prti1516e.lrc.MyFederate::b@42 (line 5746)
  0x00007e6af85e1334: c81b 6dff 

  0x00007e6af85e1338: ;   {other}
  0x00007e6af85e1338: 0f1f 8400 | a81a 002d | bee4 ffff | ffc5 f97e | c548 8944 | 24f8 8b44 | 2428 8904 | 2448 8b44 
  0x00007e6af85e1358: 24f8 c5fb | 116c 2418 | c5fa 115c | 2414 c5fa | 117c 2424 | 8954 2428 

  0x00007e6af85e1370: ;   {runtime_call UncommonTrapBlob}
  0x00007e6af85e1370: 6666 90e8 

  0x00007e6af85e1374: ; ImmutableOopMap {rbp=NarrowOop [20]=NarrowOop [36]=NarrowOop [44]=NarrowOop }
                      ;*iastore {reexecute=0 rethrow=0 return_oop=0}
                      ; - se.pitch.prti1516e.util.RollingMax::c@97 (line 98)
                      ; - se.pitch.prti1516e.util.RollingMax::a@10 (line 72)
                      ; - se.pitch.prti1516e.lrc.MyFederate::b@105 (line 5757)
  0x00007e6af85e1374: 881b 6dff 

  0x00007e6af85e1378: ;   {other}
  0x00007e6af85e1378: 0f1f 8400 | e81a 002e | bee4 ffff | ffc5 f97e | c548 8944 | 24f8 8b44 | 2428 8904 | 2448 8b44 
  0x00007e6af85e1398: 24f8 c5fb | 116c 2418 | c5fa 115c | 2414 c5fa | 1174 2424 | 8954 2428 

  0x00007e6af85e13b0: ;   {runtime_call UncommonTrapBlob}
  0x00007e6af85e13b0: 6666 90e8 

  0x00007e6af85e13b4: ; ImmutableOopMap {rbp=NarrowOop [20]=NarrowOop [36]=NarrowOop [44]=NarrowOop }
                      ;*iastore {reexecute=0 rethrow=0 return_oop=0}
                      ; - se.pitch.prti1516e.util.RollingMax::c@106 (line 99)
                      ; - se.pitch.prti1516e.util.RollingMax::a@10 (line 72)
                      ; - se.pitch.prti1516e.lrc.MyFederate::b@105 (line 5757)
  0x00007e6af85e13b4: 481b 6dff 

  0x00007e6af85e13b8: ;   {other}
  0x00007e6af85e13b8: 0f1f 8400 | 281b 002f | bee4 ffff | ffc5 f97e | c548 8944 | 24f8 8b44 | 2428 8904 | 2448 8b44 
  0x00007e6af85e13d8: 24f8 c5fb | 116c 2418 | c5fa 115c | 2414 c57a | 114c 2424 | 8954 2428 

  0x00007e6af85e13f0: ;   {runtime_call UncommonTrapBlob}
  0x00007e6af85e13f0: 6666 90e8 

  0x00007e6af85e13f4: ; ImmutableOopMap {rbp=NarrowOop [20]=NarrowOop [36]=NarrowOop [44]=NarrowOop }
                      ;*iastore {reexecute=0 rethrow=0 return_oop=0}
                      ; - se.pitch.prti1516e.util.RollingMax::c@114 (line 100)
                      ; - se.pitch.prti1516e.util.RollingMax::a@10 (line 72)
                      ; - se.pitch.prti1516e.lrc.MyFederate::b@105 (line 5757)
  0x00007e6af85e13f4: 081b 6dff 

  0x00007e6af85e13f8: ;   {other}
  0x00007e6af85e13f8: 0f1f 8400 | 681b 0030 | bee4 ffff | ffc5 fa11 | 4424 10c5 | fb11 6c24 | 18c5 fa11 | 5c24 2089 
  0x00007e6af85e1418: ;   {runtime_call UncommonTrapBlob}
  0x00007e6af85e1418: 5424 24e8 

  0x00007e6af85e141c: ; ImmutableOopMap {rbp=NarrowOop [16]=NarrowOop [32]=NarrowOop [44]=NarrowOop }
                      ;*iastore {reexecute=0 rethrow=0 return_oop=0}
                      ; - se.pitch.prti1516e.util.RollingMax::c@122 (line 101)
                      ; - se.pitch.prti1516e.util.RollingMax::a@10 (line 72)
                      ; - se.pitch.prti1516e.lrc.MyFederate::b@105 (line 5757)
  0x00007e6af85e141c: e01a 6dff 

  0x00007e6af85e1420: ;   {other}
  0x00007e6af85e1420: 0f1f 8400 | 901b 0031 | c4c1 f97e | c6c4 c179 | 7edb eb0f | c4c1 f97e | c6c4 c179 | 7ed2 c4c1 
  0x00007e6af85e1440: 797e dbbe | 76ff ffff | 4c89 3424 | 4489 5c24 | 1444 8944 | 241c 4489 | 5424 2048 | 894c 2428 
  0x00007e6af85e1460: 895c 2430 | 4489 4c24 

  0x00007e6af85e1468: ;   {runtime_call UncommonTrapBlob}
  0x00007e6af85e1468: 3466 90e8 

  0x00007e6af85e146c: ; ImmutableOopMap {[0]=Oop [28]=NarrowOop [32]=NarrowOop [52]=NarrowOop [56]=Oop }
                      ;*ifeq {reexecute=1 rethrow=0 return_oop=0}
                      ; - (reexecute) se.pitch.prti1516e.util.RollingMax::c@65 (line 95)
                      ; - se.pitch.prti1516e.util.RollingMax::a@10 (line 72)
                      ; - se.pitch.prti1516e.lrc.MyFederate::b@42 (line 5746)
  0x00007e6af85e146c: 901a 6dff 

  0x00007e6af85e1470: ;   {other}
  0x00007e6af85e1470: 0f1f 8400 | e01b 0032 | c4c1 797e | dabe 76ff | ffff 4489 | 6c24 0c48 | 895c 2418 | 4489 4424 
  0x00007e6af85e1490: 1444 8954 

  0x00007e6af85e1494: ;   {runtime_call UncommonTrapBlob}
  0x00007e6af85e1494: 2420 90e8 

  0x00007e6af85e1498: ; ImmutableOopMap {[12]=NarrowOop [32]=NarrowOop [44]=NarrowOop }
                      ;*ifeq {reexecute=1 rethrow=0 return_oop=0}
                      ; - (reexecute) se.pitch.prti1516e.util.RollingMax::c@65 (line 95)
                      ; - se.pitch.prti1516e.util.RollingMax::a@10 (line 72)
                      ; - se.pitch.prti1516e.lrc.MyFederate::b@105 (line 5757)
  0x00007e6af85e1498: 641a 6dff 

  0x00007e6af85e149c: ;   {other}
  0x00007e6af85e149c: 0f1f 8400 | 0c1c 0033 | 493b c2bd | ffff ffff | 7c08 400f | 95c5 400f | b6ed be45 | ffff ff4c 
  0x00007e6af85e14bc: 8974 2408 

  0x00007e6af85e14c0: ;   {runtime_call UncommonTrapBlob}
  0x00007e6af85e14c0: 6666 90e8 

  0x00007e6af85e14c4: ; ImmutableOopMap {[8]=Oop [56]=Oop }
                      ;*ifle {reexecute=1 rethrow=0 return_oop=0}
                      ; - (reexecute) java.util.concurrent.TimeUnit::toMillis@42 (line 295)
                      ; - se.pitch.prti1516e.util.q::a@6 (line 15)
                      ; - se.pitch.prti1516e.lrc.MyFederate::E@0 (line 861)
                      ; - se.pitch.prti1516e.lrc.MyFederate::b@18 (line 5743)
  0x00007e6af85e14c4: 381a 6dff 

  0x00007e6af85e14c8: ;   {other}
  0x00007e6af85e14c8: 0f1f 8400 | 381c 0034 | 493b c2bd | ffff ffff | 7c08 400f | 95c5 400f | b6ed be45 | ffff ff4c 
  0x00007e6af85e14e8: 8974 2408 

  0x00007e6af85e14ec: ;   {runtime_call UncommonTrapBlob}
  0x00007e6af85e14ec: 6666 90e8 

  0x00007e6af85e14f0: ; ImmutableOopMap {[8]=Oop [56]=Oop }
                      ;*ifge {reexecute=1 rethrow=0 return_oop=0}
                      ; - (reexecute) java.util.concurrent.TimeUnit::toMillis@54 (line 297)
                      ; - se.pitch.prti1516e.util.q::a@6 (line 15)
                      ; - se.pitch.prti1516e.lrc.MyFederate::E@0 (line 861)
                      ; - se.pitch.prti1516e.lrc.MyFederate::b@18 (line 5743)
  0x00007e6af85e14f0: 0c1a 6dff 

  0x00007e6af85e14f4: ;   {other}
  0x00007e6af85e14f4: 0f1f 8400 | 641c 0035 | 493b c2bd | ffff ffff | 7c08 400f | 95c5 400f | b6ed be45 

  0x00007e6af85e1510: ;   {runtime_call UncommonTrapBlob}
  0x00007e6af85e1510: ffff ffe8 

  0x00007e6af85e1514: ; ImmutableOopMap {[56]=Oop }
                      ;*ifle {reexecute=1 rethrow=0 return_oop=0}
                      ; - (reexecute) java.util.concurrent.TimeUnit::toMillis@42 (line 295)
                      ; - se.pitch.prti1516e.util.q::a@6 (line 15)
                      ; - se.pitch.prti1516e.lrc.MyFederate::E@0 (line 861)
                      ; - se.pitch.prti1516e.lrc.MyFederate::b@77 (line 5754)
  0x00007e6af85e1514: e819 6dff 

  0x00007e6af85e1518: ;   {other}
  0x00007e6af85e1518: 0f1f 8400 | 881c 0036 | 493b c2bd | ffff ffff | 7c08 400f | 95c5 400f | b6ed be45 

  0x00007e6af85e1534: ;   {runtime_call UncommonTrapBlob}
  0x00007e6af85e1534: ffff ffe8 

  0x00007e6af85e1538: ; ImmutableOopMap {[56]=Oop }
                      ;*ifge {reexecute=1 rethrow=0 return_oop=0}
                      ; - (reexecute) java.util.concurrent.TimeUnit::toMillis@54 (line 297)
                      ; - se.pitch.prti1516e.util.q::a@6 (line 15)
                      ; - se.pitch.prti1516e.lrc.MyFederate::E@0 (line 861)
                      ; - se.pitch.prti1516e.lrc.MyFederate::b@77 (line 5754)
  0x00007e6af85e1538: c419 6dff 

  0x00007e6af85e153c: ;   {other}
  0x00007e6af85e153c: 0f1f 8400 | ac1c 0037 | bef6 ffff | ff48 8b6c 

  0x00007e6af85e154c: ;   {runtime_call UncommonTrapBlob}
  0x00007e6af85e154c: 2438 90e8 

  0x00007e6af85e1550: ; ImmutableOopMap {rbp=Oop }
                      ;*invokevirtual a {reexecute=0 rethrow=0 return_oop=0}
                      ; - se.pitch.prti1516e.lrc.MyFederate::b@23 (line 5744)
  0x00007e6af85e1550: ac19 6dff 

  0x00007e6af85e1554: ;   {other}
  0x00007e6af85e1554: 0f1f 8400 | c41c 0038 | bef6 ffff | ff48 8b6c | 2438 4c89 | 3424 4489 

  0x00007e6af85e156c: ;   {runtime_call UncommonTrapBlob}
  0x00007e6af85e156c: 5c24 10e8 

  0x00007e6af85e1570: ; ImmutableOopMap {rbp=Oop [0]=Oop }
                      ;*invokevirtual a {reexecute=0 rethrow=0 return_oop=0}
                      ; - se.pitch.prti1516e.lrc.MyFederate::b@42 (line 5746)
  0x00007e6af85e1570: 8c19 6dff 

  0x00007e6af85e1574: ;   {other}
  0x00007e6af85e1574: 0f1f 8400 | e41c 0039 | bef6 ffff | ff4c 8934 | 2444 8954 | 2410 4489 | 5c24 1489 | 4424 2089 
  0x00007e6af85e1594: 4424 2444 | 8944 2428 

  0x00007e6af85e159c: ;   {runtime_call UncommonTrapBlob}
  0x00007e6af85e159c: 6666 90e8 

  0x00007e6af85e15a0: ; ImmutableOopMap {[0]=Oop [16]=NarrowOop [40]=NarrowOop [56]=Oop }
                      ;*iaload {reexecute=0 rethrow=0 return_oop=0}
                      ; - se.pitch.prti1516e.util.RollingMax::a@38 (line 74)
                      ; - se.pitch.prti1516e.lrc.MyFederate::b@42 (line 5746)
  0x00007e6af85e15a0: 5c19 6dff 

  0x00007e6af85e15a4: ;   {other}
  0x00007e6af85e15a4: 0f1f 8400 | 141d 003a | bef6 ffff | ff4c 8934 | 2444 8954 | 2410 4489 | 5c24 1489 | 4424 2089 
  0x00007e6af85e15c4: 4424 2444 | 8944 2428 

  0x00007e6af85e15cc: ;   {runtime_call UncommonTrapBlob}
  0x00007e6af85e15cc: 6666 90e8 

  0x00007e6af85e15d0: ; ImmutableOopMap {[0]=Oop [16]=NarrowOop [40]=NarrowOop [56]=Oop }
                      ;*iaload {reexecute=0 rethrow=0 return_oop=0}
                      ; - se.pitch.prti1516e.util.RollingMax::a@56 (line 75)
                      ; - se.pitch.prti1516e.lrc.MyFederate::b@42 (line 5746)
  0x00007e6af85e15d0: 2c19 6dff 

  0x00007e6af85e15d4: ;   {other}
  0x00007e6af85e15d4: 0f1f 8400 | 441d 003b | bef6 ffff | ff4c 8934 | 2444 8954 | 2410 4489 | 5c24 1489 | 4424 2089 
  0x00007e6af85e15f4: 4424 2444 | 8944 2428 

  0x00007e6af85e15fc: ;   {runtime_call UncommonTrapBlob}
  0x00007e6af85e15fc: 6666 90e8 

  0x00007e6af85e1600: ; ImmutableOopMap {[0]=Oop [16]=NarrowOop [40]=NarrowOop [56]=Oop }
                      ;*iaload {reexecute=0 rethrow=0 return_oop=0}
                      ; - se.pitch.prti1516e.util.RollingMax::a@69 (line 76)
                      ; - se.pitch.prti1516e.lrc.MyFederate::b@42 (line 5746)
  0x00007e6af85e1600: fc18 6dff 

  0x00007e6af85e1604: ;   {other}
  0x00007e6af85e1604: 0f1f 8400 | 741d 003c | bef6 ffff | ff4c 8934 | 2489 4424 | 1844 8944 

  0x00007e6af85e161c: ;   {runtime_call UncommonTrapBlob}
  0x00007e6af85e161c: 241c 90e8 

  0x00007e6af85e1620: ; ImmutableOopMap {[0]=Oop [28]=NarrowOop [56]=Oop }
                      ;*iaload {reexecute=0 rethrow=0 return_oop=0}
                      ; - se.pitch.prti1516e.util.RollingMax::a@80 (line 77)
                      ; - se.pitch.prti1516e.lrc.MyFederate::b@42 (line 5746)
  0x00007e6af85e1620: dc18 6dff 

  0x00007e6af85e1624: ;   {other}
  0x00007e6af85e1624: 0f1f 8400 | 941d 003d | bef6 ffff | ff41 8bea | 4c89 1c24 

  0x00007e6af85e1638: ;   {runtime_call UncommonTrapBlob}
  0x00007e6af85e1638: 6666 90e8 

  0x00007e6af85e163c: ; ImmutableOopMap {}
                      ;*invokevirtual a {reexecute=0 rethrow=0 return_oop=0}
                      ; - se.pitch.prti1516e.lrc.MyFederate::b@105 (line 5757)
  0x00007e6af85e163c: c018 6dff 

  0x00007e6af85e1640: ;   {other}
  0x00007e6af85e1640: 0f1f 8400 | b01d 003e | bef6 ffff | ff41 8bed | 4489 5c24 | 0c44 895c 

  0x00007e6af85e1658: ;   {runtime_call UncommonTrapBlob}
  0x00007e6af85e1658: 2410 90e8 

  0x00007e6af85e165c: ; ImmutableOopMap {rbp=NarrowOop [44]=NarrowOop }
                      ;*iaload {reexecute=0 rethrow=0 return_oop=0}
                      ; - se.pitch.prti1516e.util.RollingMax::a@38 (line 74)
                      ; - se.pitch.prti1516e.lrc.MyFederate::b@105 (line 5757)
  0x00007e6af85e165c: a018 6dff 

  0x00007e6af85e1660: ;   {other}
  0x00007e6af85e1660: 0f1f 8400 | d01d 003f | bef6 ffff | ff41 8bed | 4489 5c24 | 0c44 895c 

  0x00007e6af85e1678: ;   {runtime_call UncommonTrapBlob}
  0x00007e6af85e1678: 2410 90e8 

  0x00007e6af85e167c: ; ImmutableOopMap {rbp=NarrowOop [44]=NarrowOop }
                      ;*iaload {reexecute=0 rethrow=0 return_oop=0}
                      ; - se.pitch.prti1516e.util.RollingMax::a@56 (line 75)
                      ; - se.pitch.prti1516e.lrc.MyFederate::b@105 (line 5757)
  0x00007e6af85e167c: 8018 6dff 

  0x00007e6af85e1680: ;   {other}
  0x00007e6af85e1680: 0f1f 8400 | f01d 0040 | bef6 ffff | ff41 8bed | 4489 5c24 | 0c44 895c 

  0x00007e6af85e1698: ;   {runtime_call UncommonTrapBlob}
  0x00007e6af85e1698: 2410 90e8 

  0x00007e6af85e169c: ; ImmutableOopMap {rbp=NarrowOop [44]=NarrowOop }
                      ;*iaload {reexecute=0 rethrow=0 return_oop=0}
                      ; - se.pitch.prti1516e.util.RollingMax::a@69 (line 76)
                      ; - se.pitch.prti1516e.lrc.MyFederate::b@105 (line 5757)
  0x00007e6af85e169c: 6018 6dff 

  0x00007e6af85e16a0: ;   {other}
  0x00007e6af85e16a0: 0f1f 8400 | 101e 0041 | bef6 ffff | ff44 895c 

  0x00007e6af85e16b0: ;   {runtime_call UncommonTrapBlob}
  0x00007e6af85e16b0: 2404 90e8 

  0x00007e6af85e16b4: ; ImmutableOopMap {[44]=NarrowOop }
                      ;*iaload {reexecute=0 rethrow=0 return_oop=0}
                      ; - se.pitch.prti1516e.util.RollingMax::a@80 (line 77)
                      ; - se.pitch.prti1516e.lrc.MyFederate::b@105 (line 5757)
  0x00007e6af85e16b4: 4818 6dff 

  0x00007e6af85e16b8: ;   {other}
  0x00007e6af85e16b8: 0f1f 8400 | 281e 0042 | bef6 ffff | ff4c 895c 

  0x00007e6af85e16c8: ;   {runtime_call UncommonTrapBlob}
  0x00007e6af85e16c8: 2408 90e8 

  0x00007e6af85e16cc: ; ImmutableOopMap {[8]=Oop [56]=Oop }
                      ;*invokevirtual f {reexecute=0 rethrow=0 return_oop=0}
                      ; - se.pitch.prti1516e.lrc.MyFederate::a@4 (line 1009)
                      ; - se.pitch.prti1516e.b.aq::a@1 (line 27)
                      ; - se.pitch.prti1516e.lrc.MyFederate::b@47 (line 5747)
  0x00007e6af85e16cc: 3018 6dff 

  0x00007e6af85e16d0: ;   {other}
  0x00007e6af85e16d0: 0f1f 8400 | 401e 0043 | bef6 ffff | ff4c 895c | 2408 894c 

  0x00007e6af85e16e4: ;   {runtime_call UncommonTrapBlob}
  0x00007e6af85e16e4: 2418 90e8 

  0x00007e6af85e16e8: ; ImmutableOopMap {[8]=Oop [24]=NarrowOop [56]=Oop }
                      ;*invokeinterface timeAdvanceGrant {reexecute=0 rethrow=0 return_oop=0}
                      ; - se.pitch.prti1516e.b.aq::a@12 (line 29)
                      ; - se.pitch.prti1516e.lrc.MyFederate::b@47 (line 5747)
  0x00007e6af85e16e8: 1418 6dff 

  0x00007e6af85e16ec: ;   {other}
  0x00007e6af85e16ec: 0f1f 8400 | 5c1e 0044 | bef6 ffff | ff4c 895c | 2408 894c 

  0x00007e6af85e1700: ;   {runtime_call UncommonTrapBlob}
  0x00007e6af85e1700: 2418 90e8 

  0x00007e6af85e1704: ; ImmutableOopMap {[8]=Oop [24]=NarrowOop [56]=Oop }
                      ;*invokeinterface timeAdvanceGrant {reexecute=0 rethrow=0 return_oop=0}
                      ; - se.pitch.prti1516e.lrc.k::timeAdvanceGrant@5 (line 655)
                      ; - se.pitch.prti1516e.b.aq::a@12 (line 29)
                      ; - se.pitch.prti1516e.lrc.MyFederate::b@47 (line 5747)
  0x00007e6af85e1704: f817 6dff 

  0x00007e6af85e1708: ;   {other}
  0x00007e6af85e1708: 0f1f 8400 | 781e 0045 | bef6 ffff | ff4c 895c | 2408 4c89 | 5424 1889 

  0x00007e6af85e1720: ;   {runtime_call UncommonTrapBlob}
  0x00007e6af85e1720: 4c24 20e8 

  0x00007e6af85e1724: ; ImmutableOopMap {[8]=Oop [24]=Oop [32]=NarrowOop [56]=Oop }
                      ;*invokevirtual l {reexecute=0 rethrow=0 return_oop=0}
                      ; - se.pitch.prti1516e.lrc.aa::timeAdvanceGrant@10 (line 2240)
                      ; - se.pitch.prti1516e.lrc.k::timeAdvanceGrant@5 (line 655)
                      ; - se.pitch.prti1516e.b.aq::a@12 (line 29)
                      ; - se.pitch.prti1516e.lrc.MyFederate::b@47 (line 5747)
  0x00007e6af85e1724: d817 6dff 

  0x00007e6af85e1728: ;   {other}
  0x00007e6af85e1728: 0f1f 8400 | 981e 0046 | bef6 ffff | ff4c 895c | 2408 4c89 | 5424 1889 

  0x00007e6af85e1740: ;   {runtime_call UncommonTrapBlob}
  0x00007e6af85e1740: 4c24 20e8 

  0x00007e6af85e1744: ; ImmutableOopMap {[8]=Oop [24]=Oop [32]=NarrowOop [56]=Oop }
                      ;*invokevirtual b {reexecute=0 rethrow=0 return_oop=0}
                      ; - se.pitch.prti1516e.lrc.aa::timeAdvanceGrant@23 (line 2240)
                      ; - se.pitch.prti1516e.lrc.k::timeAdvanceGrant@5 (line 655)
                      ; - se.pitch.prti1516e.b.aq::a@12 (line 29)
                      ; - se.pitch.prti1516e.lrc.MyFederate::b@47 (line 5747)
  0x00007e6af85e1744: b817 6dff 

  0x00007e6af85e1748: ;   {other}
  0x00007e6af85e1748: 0f1f 8400 | b81e 0047 | bef6 ffff | ff4c 895c | 2408 4c89 | 5424 1889 

  0x00007e6af85e1760: ;   {runtime_call UncommonTrapBlob}
  0x00007e6af85e1760: 4c24 20e8 

  0x00007e6af85e1764: ; ImmutableOopMap {[8]=Oop [24]=Oop [32]=NarrowOop [56]=Oop }
                      ;*invokeinterface timeAdvanceGrant {reexecute=0 rethrow=0 return_oop=0}
                      ; - se.pitch.prti1516e.lrc.aa::timeAdvanceGrant@76 (line 2250)
                      ; - se.pitch.prti1516e.lrc.k::timeAdvanceGrant@5 (line 655)
                      ; - se.pitch.prti1516e.b.aq::a@12 (line 29)
                      ; - se.pitch.prti1516e.lrc.MyFederate::b@47 (line 5747)
  0x00007e6af85e1764: 9817 6dff 

  0x00007e6af85e1768: ;   {other}
  0x00007e6af85e1768: 0f1f 8400 | d81e 0048 | bef6 ffff | ff4c 895c | 2408 4c89 | 5424 1848 | 8954 2420 | 4c89 4424 
  0x00007e6af85e1788: ;   {runtime_call UncommonTrapBlob}
  0x00007e6af85e1788: 2866 90e8 

  0x00007e6af85e178c: ; ImmutableOopMap {[8]=Oop [24]=Oop [32]=Oop [40]=Oop [56]=Oop }
                      ;*invokeinterface invoke {reexecute=0 rethrow=0 return_oop=0}
                      ; - jdk.proxy2.$Proxy6::timeAdvanceGrant@16
                      ; - se.pitch.prti1516e.lrc.aa::timeAdvanceGrant@76 (line 2250)
                      ; - se.pitch.prti1516e.lrc.k::timeAdvanceGrant@5 (line 655)
                      ; - se.pitch.prti1516e.b.aq::a@12 (line 29)
                      ; - se.pitch.prti1516e.lrc.MyFederate::b@47 (line 5747)
  0x00007e6af85e178c: 7017 6dff 

  0x00007e6af85e1790: ;   {other}
  0x00007e6af85e1790: 0f1f 8400 | 001f 0049 | be45 ffff | ff4c 895c | 2408 4c89 | 5424 1889 | 4c24 2044 | 8944 2428 
  0x00007e6af85e17b0: ;   {runtime_call UncommonTrapBlob}
  0x00007e6af85e17b0: 6666 90e8 

  0x00007e6af85e17b4: ; ImmutableOopMap {[8]=Oop [24]=Oop [32]=NarrowOop [40]=NarrowOop [56]=Oop }
                      ;*ifnonnull {reexecute=1 rethrow=0 return_oop=0}
                      ; - (reexecute) se.pitch.prti1516e.lrc.z::b@1 (line 223)
                      ; - se.pitch.prti1516e.lrc.aa::timeAdvanceGrant@13 (line 2240)
                      ; - se.pitch.prti1516e.lrc.k::timeAdvanceGrant@5 (line 655)
                      ; - se.pitch.prti1516e.b.aq::a@12 (line 29)
                      ; - se.pitch.prti1516e.lrc.MyFederate::b@47 (line 5747)
  0x00007e6af85e17b4: 4817 6dff 

  0x00007e6af85e17b8: ;   {other}
  0x00007e6af85e17b8: 0f1f 8400 | 281f 004a | c4c1 f97e | c6c4 c179 | 7ed2 c4c1 | 797e dbc4 | c179 7ec8 | e96a fcff 
  0x00007e6af85e17d8: ffc4 c1f9 | 7ec6 c4c1 | 797e d2c4 | c179 7edb | c4c1 797e | c8c4 c179 | 7ef9 e94c | fcff ffc4 
  0x00007e6af85e17f8: c179 7ec5 | c4c1 797e | dae9 77fc | ffff 498b | f749 baf0 | 887b 216b | 7e00 0041 

  0x00007e6af85e1814: ;   {other}
  0x00007e6af85e1814: ffd2 0f1f | 8400 0000 | 0000 e90e | 0200 0048 | 8bf0 e9f5 | 0200 0048 | 8bf0 e9ed | 0200 0044 
  0x00007e6af85e1834: ;   {metadata('hla/rti1516e/exceptions/FederateInternalError')}
  0x00007e6af85e1834: 8b58 0841 | 81fb 9041 | 0301 0f84 | 8001 0000 | eb4c eb4a | 448b 5008 

  0x00007e6af85e184c: ;   {metadata('hla/rti1516e/exceptions/FederateInternalError')}
  0x00007e6af85e184c: 4181 fa90 | 4103 010f | 846b 0100 | 00eb 3744 

  0x00007e6af85e185c: ;   {metadata('hla/rti1516e/exceptions/FederateInternalError')}
  0x00007e6af85e185c: 8b50 0841 | 81fa 9041 | 0301 0f84 | 5801 0000 | eb24 448b 

  0x00007e6af85e1870: ;   {metadata('hla/rti1516e/exceptions/FederateInternalError')}
  0x00007e6af85e1870: 5808 4181 | fb90 4103 | 010f 8445 | 0100 00eb | 1144 8b58 

  0x00007e6af85e1884: ;   {metadata('hla/rti1516e/exceptions/FederateInternalError')}
  0x00007e6af85e1884: 0841 81fb | 9041 0301 | 0f84 3201 | 0000 4889 | 0424 e977 | 0100 0044 | 8b40 0849 | ba00 0000 
  0x00007e6af85e18a4: 8b6a 7e00 | 004d 03d0 | 4d8b 5a40 

  0x00007e6af85e18b0: ;   {metadata('java/lang/Error')}
  0x00007e6af85e18b0: 49b9 a009 | 018b 6a7e | 0000 4d3b | d90f 852a | 0100 0048 | 8944 2428 | eb29 448b | 4808 49ba 
  0x00007e6af85e18d0: 0000 008b | 6a7e 0000 | 4d03 d14d 

  0x00007e6af85e18dc: ;   {metadata('java/lang/Error')}
  0x00007e6af85e18dc: 8b5a 4049 | b8a0 0901 | 8b6a 7e00 | 004d 3bd8 | 7547 4889 | 4424 2848 | 8b74 2420 

  0x00007e6af85e18f8: ;   {oop(a 'se/pitch/prti1516e/lrc/bb'{0x000000061046b4f0})}
  0x00007e6af85e18f8: 33d2 48b9 | f0b4 4610 | 0600 0000 | 4c8b 4424 

  0x00007e6af85e1908: ;   {optimized virtual_call}
  0x00007e6af85e1908: 2866 90e8 

  0x00007e6af85e190c: ; ImmutableOopMap {[16]=Oop [32]=Oop [40]=Oop [56]=Oop }
                      ;*invokevirtual a {reexecute=0 rethrow=0 return_oop=0}
                      ; - se.pitch.prti1516e.lrc.aa::timeAdvanceGrant@123 (line 2259)
                      ; - se.pitch.prti1516e.lrc.k::timeAdvanceGrant@5 (line 655)
                      ; - se.pitch.prti1516e.b.aq::a@12 (line 29)
                      ; - se.pitch.prti1516e.lrc.MyFederate::b@47 (line 5747)
  0x00007e6af85e190c: 70ba 6cff 

  0x00007e6af85e1910: ;   {other}
  0x00007e6af85e1910: 0f1f 8400 | 8020 004b | 488b 7424 | 2048 8b54 

  0x00007e6af85e1920: ;   {optimized virtual_call}
  0x00007e6af85e1920: 2428 90e8 

  0x00007e6af85e1924: ; ImmutableOopMap {[16]=Oop [32]=Oop [56]=Oop }
                      ;*invokespecial a {reexecute=0 rethrow=0 return_oop=0}
                      ; - se.pitch.prti1516e.lrc.aa::timeAdvanceGrant@129 (line 2260)
                      ; - se.pitch.prti1516e.lrc.k::timeAdvanceGrant@5 (line 655)
                      ; - se.pitch.prti1516e.b.aq::a@12 (line 29)
                      ; - se.pitch.prti1516e.lrc.MyFederate::b@47 (line 5747)
  0x00007e6af85e1924: 58ba 6cff 

  0x00007e6af85e1928: ;   {other}
  0x00007e6af85e1928: 0f1f 8400 | 9820 004c | e9db e8ff | ff4d 8b52 

  0x00007e6af85e1938: ;   {metadata('java/lang/RuntimeException')}
  0x00007e6af85e1938: 4849 bbb8 | c405 8b6a | 7e00 004d | 3bd3 7545 | 4889 4424 | 2848 8b74 | 2420 33d2 

  0x00007e6af85e1954: ;   {oop(a 'se/pitch/prti1516e/lrc/bb'{0x000000061046b4f0})}
  0x00007e6af85e1954: 48b9 f0b4 | 4610 0600 | 0000 4c8b 

  0x00007e6af85e1960: ;   {optimized virtual_call}
  0x00007e6af85e1960: 4424 28e8 

  0x00007e6af85e1964: ; ImmutableOopMap {[16]=Oop [32]=Oop [40]=Oop [56]=Oop }
                      ;*invokevirtual a {reexecute=0 rethrow=0 return_oop=0}
                      ; - se.pitch.prti1516e.lrc.aa::timeAdvanceGrant@104 (line 2256)
                      ; - se.pitch.prti1516e.lrc.k::timeAdvanceGrant@5 (line 655)
                      ; - se.pitch.prti1516e.b.aq::a@12 (line 29)
                      ; - se.pitch.prti1516e.lrc.MyFederate::b@47 (line 5747)
  0x00007e6af85e1964: 18ba 6cff 

  0x00007e6af85e1968: ;   {other}
  0x00007e6af85e1968: 0f1f 8400 | d820 004d | 488b 7424 | 2048 8b54 

  0x00007e6af85e1978: ;   {optimized virtual_call}
  0x00007e6af85e1978: 2428 90e8 

  0x00007e6af85e197c: ; ImmutableOopMap {[16]=Oop [32]=Oop [56]=Oop }
                      ;*invokespecial a {reexecute=0 rethrow=0 return_oop=0}
                      ; - se.pitch.prti1516e.lrc.aa::timeAdvanceGrant@110 (line 2257)
                      ; - se.pitch.prti1516e.lrc.k::timeAdvanceGrant@5 (line 655)
                      ; - se.pitch.prti1516e.b.aq::a@12 (line 29)
                      ; - se.pitch.prti1516e.lrc.MyFederate::b@47 (line 5747)
  0x00007e6af85e197c: 00ba 6cff 

  0x00007e6af85e1980: ;   {other}
  0x00007e6af85e1980: 0f1f 8400 | f020 004e | e983 e8ff 

  0x00007e6af85e198c: ;   {metadata('hla/rti1516e/exceptions/FederateInternalError')}
  0x00007e6af85e198c: ff41 81f9 | 9041 0301 | 0f85 1102 | 0000 4c8b | d048 8b74 | 2420 33d2 

  0x00007e6af85e19a4: ;   {oop(a 'se/pitch/prti1516e/lrc/bb'{0x000000061046b4f0})}
  0x00007e6af85e19a4: 48b9 f0b4 | 4610 0600 | 0000 4d8b | c24c 8954 

  0x00007e6af85e19b4: ;   {optimized virtual_call}
  0x00007e6af85e19b4: 2420 90e8 

  0x00007e6af85e19b8: ; ImmutableOopMap {[16]=Oop [32]=Oop [56]=Oop }
                      ;*invokevirtual a {reexecute=0 rethrow=0 return_oop=0}
                      ; - se.pitch.prti1516e.lrc.aa::timeAdvanceGrant@91 (line 2253)
                      ; - se.pitch.prti1516e.lrc.k::timeAdvanceGrant@5 (line 655)
                      ; - se.pitch.prti1516e.b.aq::a@12 (line 29)
                      ; - se.pitch.prti1516e.lrc.MyFederate::b@47 (line 5747)
  0x00007e6af85e19b8: c4b9 6cff 

  0x00007e6af85e19bc: ;   {other}
  0x00007e6af85e19bc: 0f1f 8400 | 2c21 004f 

  0x00007e6af85e19c4: ;   {oop("FederateInternalError"{0x0000000610c159c8})}
  0x00007e6af85e19c4: 48ba c859 | c110 0600 | 0000 488b | 7424 1048 | 8b4c 2438 

  0x00007e6af85e19d8: ;   {optimized virtual_call}
  0x00007e6af85e19d8: 6666 90e8 

  0x00007e6af85e19dc: ; ImmutableOopMap {[56]=Oop }
                      ;*invokevirtual a {reexecute=0 rethrow=0 return_oop=0}
                      ; - se.pitch.prti1516e.b.aq::a@25 (line 32)
                      ; - se.pitch.prti1516e.lrc.MyFederate::b@47 (line 5747)
  0x00007e6af85e19dc: a0b9 6cff 

  0x00007e6af85e19e0: ;   {other}
  0x00007e6af85e19e0: 0f1f 8400 | 5021 0050 | e923 e8ff | ff4d 8b52 

  0x00007e6af85e19f0: ;   {metadata('java/lang/RuntimeException')}
  0x00007e6af85e19f0: 4849 bbb8 | c405 8b6a | 7e00 004d | 3bd3 0f85 | 5a01 0000 | 4889 4424 | 28e9 3fff | ffff 4889 
  0x00007e6af85e1a10: 0424 4c8b | 5424 3841 | 8b9a 3001 | 0000 85db | 0f84 9a01 | 0000 4180 | 7f40 000f | 8542 0100 
  0x00007e6af85e1a30: 0045 8964 | dc0c f083 | 4424 c000 | 49ba 000e | d121 6b7e | 0000 41ff 

  0x00007e6af85e1a48: ;   {other}
  0x00007e6af85e1a48: d20f 1f84 | 0000 0000 | 004c 8bd0 

  0x00007e6af85e1a54: ;   {oop(a 'java/util/concurrent/TimeUnit'{0x000000060f4ab388})}
  0x00007e6af85e1a54: 49bb 88b3 | 4a0f 0600 | 0000 458b 

  0x00007e6af85e1a60: ;   {oop(a 'java/util/concurrent/TimeUnit'{0x000000060f4ab388})}
  0x00007e6af85e1a60: 5b48 49b8 | 88b3 4a0f | 0600 0000 | 4d8b 4018 | 4d63 cb49 | 81f8 4042 | 0f00 0f8f | ad00 0000 
  0x00007e6af85e1a80: 4981 f840 | 420f 0074 | 2845 85db | 0f84 6e01 | 0000 48ba | 0000 0000 | 0000 0080 | 483b c275 
  0x00007e6af85e1aa0: 0833 d249 | 83f9 ff74 | 0548 9949 | f7f9 4c8b | d04c 8954 | 2418 488b | 6c24 1848 | 2b6c 2440 
  0x00007e6af85e1ac0: 4c8b 5424 | 3845 8b92 | ec01 0000 | 4585 d20f | 84ff 0000 | 004b 8d34 

  0x00007e6af85e1ad8: ;   {optimized virtual_call}
  0x00007e6af85e1ad8: d466 90e8 

  0x00007e6af85e1adc: ; ImmutableOopMap {[0]=Oop [56]=Oop }
                      ;*invokevirtual getAndIncrement {reexecute=0 rethrow=0 return_oop=0}
                      ; - se.pitch.prti1516e.lrc.MyFederate::b@137 (line 5756)
  0x00007e6af85e1adc: a0b8 6cff 

  0x00007e6af85e1ae0: ;   {other}
  0x00007e6af85e1ae0: 0f1f 8400 | 5022 0051 | 4c8b 5424 | 3845 8b9a | 5c01 0000 | 448b c545 | 85db 0f84 | e800 0000 
  0x00007e6af85e1b00: 4b8d 34dc | 418b d048 | 8b4c 2418 

  0x00007e6af85e1b0c: ;   {optimized virtual_call}
  0x00007e6af85e1b0c: 6666 90e8 

  0x00007e6af85e1b10: ; ImmutableOopMap {[0]=Oop }
                      ;*invokevirtual a {reexecute=0 rethrow=0 return_oop=0}
                      ; - se.pitch.prti1516e.lrc.MyFederate::b@150 (line 5757)
  0x00007e6af85e1b10: 6cb8 6cff 

  0x00007e6af85e1b14: ;   {other}
  0x00007e6af85e1b14: 0f1f 8400 | 8422 0052 | 488b 3424 | 4881 c480 | 0000 005d 

  0x00007e6af85e1b28: ;   {runtime_call _rethrow_Java}
  0x00007e6af85e1b28: e953 0f8c 

  0x00007e6af85e1b2c: ;   {oop(a 'java/util/concurrent/TimeUnit'{0x000000060f4ab388})}
  0x00007e6af85e1b2c: ff49 bb88 | b34a 0f06 | 0000 004d | 8b5b 3049 | 3bc3 0f8f | d900 0000 | 49f7 db49 | 3bc3 0f8c 
  0x00007e6af85e1b4c: f400 0000 | 4d0f afd1 | 4c89 5424 | 18e9 58ff 

  0x00007e6af85e1b5c: ;   {metadata('hla/rti1516e/exceptions/FederateInternalError')}
  0x00007e6af85e1b5c: ffff 4181 | f890 4103 | 010f 85ad | 0000 004c | 8bd0 e92a | feff ff45 | 8b54 dc0c | 4585 d20f 
  0x00007e6af85e1b7c: 84b0 feff | ff4d 8b5f | 2849 8bfa | 48c1 e703 | 4d85 db0f | 8471 fcff | ff4d 8b57 | 384b 897c 
  0x00007e6af85e1b9c: 1af8 4983 | c3f8 4d89 | 5f28 e986 | feff ff48 | 8be8 be27 

  0x00007e6af85e1bb0: ;   {runtime_call UncommonTrapBlob}
  0x00007e6af85e1bb0: 0000 00e8 

  0x00007e6af85e1bb4: ; ImmutableOopMap {rbp=Oop [16]=Oop [32]=Oop [56]=Oop }
                      ;*new {reexecute=0 rethrow=0 return_oop=0}
                      ; - jdk.proxy2.$Proxy6::timeAdvanceGrant@25
                      ; - se.pitch.prti1516e.lrc.aa::timeAdvanceGrant@76 (line 2250)
                      ; - se.pitch.prti1516e.lrc.k::timeAdvanceGrant@5 (line 655)
                      ; - se.pitch.prti1516e.b.aq::a@12 (line 29)
                      ; - se.pitch.prti1516e.lrc.MyFederate::b@47 (line 5747)
  0x00007e6af85e1bb4: 4813 6dff 

  0x00007e6af85e1bb8: ;   {other}
  0x00007e6af85e1bb8: 0f1f 8400 | 2823 0053 | bef6 ffff 

  0x00007e6af85e1bc4: ;   {runtime_call UncommonTrapBlob}
  0x00007e6af85e1bc4: ff66 90e8 

  0x00007e6af85e1bc8: ; ImmutableOopMap {[0]=Oop [56]=Oop }
                      ;*invokevirtual set {reexecute=0 rethrow=0 return_oop=0}
                      ; - se.pitch.prti1516e.lrc.MyFederate::b@118 (line 5752)
  0x00007e6af85e1bc8: 3413 6dff 

  0x00007e6af85e1bcc: ;   {other}
  0x00007e6af85e1bcc: 0f1f 8400 | 3c23 0054 | bef6 ffff 

  0x00007e6af85e1bd8: ;   {runtime_call UncommonTrapBlob}
  0x00007e6af85e1bd8: ff66 90e8 

  0x00007e6af85e1bdc: ; ImmutableOopMap {[0]=Oop [56]=Oop }
                      ;*invokevirtual getAndIncrement {reexecute=0 rethrow=0 return_oop=0}
                      ; - se.pitch.prti1516e.lrc.MyFederate::b@137 (line 5756)
  0x00007e6af85e1bdc: 2013 6dff 

  0x00007e6af85e1be0: ;   {other}
  0x00007e6af85e1be0: 0f1f 8400 | 5023 0055 | bef6 ffff | ff41 8be8 

  0x00007e6af85e1bf0: ;   {runtime_call UncommonTrapBlob}
  0x00007e6af85e1bf0: 6666 90e8 

  0x00007e6af85e1bf4: ; ImmutableOopMap {[0]=Oop }
                      ;*invokevirtual a {reexecute=0 rethrow=0 return_oop=0}
                      ; - se.pitch.prti1516e.lrc.MyFederate::b@150 (line 5757)
  0x00007e6af85e1bf4: 0813 6dff 

  0x00007e6af85e1bf8: ;   {other}
  0x00007e6af85e1bf8: 0f1f 8400 | 6823 0056 | be86 ffff | ff48 8944 

  0x00007e6af85e1c08: ;   {runtime_call UncommonTrapBlob}
  0x00007e6af85e1c08: 2410 90e8 

  0x00007e6af85e1c0c: ; ImmutableOopMap {[0]=Oop [56]=Oop }
                      ;*ldiv {reexecute=0 rethrow=0 return_oop=0}
                      ; - java.util.concurrent.TimeUnit::toMillis@31 (line 294)
                      ; - se.pitch.prti1516e.util.q::a@6 (line 15)
                      ; - se.pitch.prti1516e.lrc.MyFederate::E@0 (line 861)
                      ; - se.pitch.prti1516e.lrc.MyFederate::b@122 (line 5754)
  0x00007e6af85e1c0c: f012 6dff 

  0x00007e6af85e1c10: ;   {other}
  0x00007e6af85e1c10: 0f1f 8400 | 8023 0057 | 488b e8eb | 9149 3bc3 | bdff ffff | ff7c 0840 | 0f95 c540 | 0fb6 edbe 
  0x00007e6af85e1c30: 45ff ffff 

  0x00007e6af85e1c34: ;   {runtime_call UncommonTrapBlob}
  0x00007e6af85e1c34: 6666 90e8 

  0x00007e6af85e1c38: ; ImmutableOopMap {[0]=Oop [56]=Oop }
                      ;*ifle {reexecute=1 rethrow=0 return_oop=0}
                      ; - (reexecute) java.util.concurrent.TimeUnit::toMillis@42 (line 295)
                      ; - se.pitch.prti1516e.util.q::a@6 (line 15)
                      ; - se.pitch.prti1516e.lrc.MyFederate::E@0 (line 861)
                      ; - se.pitch.prti1516e.lrc.MyFederate::b@122 (line 5754)
  0x00007e6af85e1c38: c412 6dff 

  0x00007e6af85e1c3c: ;   {other}
  0x00007e6af85e1c3c: 0f1f 8400 | ac23 0058 | 493b c3bd | ffff ffff | 7c08 400f | 95c5 400f | b6ed be45 

  0x00007e6af85e1c58: ;   {runtime_call UncommonTrapBlob}
  0x00007e6af85e1c58: ffff ffe8 

  0x00007e6af85e1c5c: ; ImmutableOopMap {[0]=Oop [56]=Oop }
                      ;*ifge {reexecute=1 rethrow=0 return_oop=0}
                      ; - (reexecute) java.util.concurrent.TimeUnit::toMillis@54 (line 297)
                      ; - se.pitch.prti1516e.util.q::a@6 (line 15)
                      ; - se.pitch.prti1516e.lrc.MyFederate::E@0 (line 861)
                      ; - se.pitch.prti1516e.lrc.MyFederate::b@122 (line 5754)
  0x00007e6af85e1c5c: a012 6dff 

  0x00007e6af85e1c60: ;   {other}
  0x00007e6af85e1c60: 0f1f 8400 | d023 0059 

  0x00007e6af85e1c68: ;   {internal_word}
  0x00007e6af85e1c68: 49ba 5806 | 5ef8 6a7e | 0000 4d89 | 9768 0400 

  0x00007e6af85e1c78: ;   {runtime_call SafepointBlob}
  0x00007e6af85e1c78: 00e9 8223 

  0x00007e6af85e1c7c: ;   {runtime_call StubRoutines (final stubs)}
  0x00007e6af85e1c7c: 6dff e81d | 186b ffe9 | f6df ffff 
[Stub Code]
  0x00007e6af85e1c88: ;   {no_reloc}
  0x00007e6af85e1c88: 48bb 0000 | 0000 0000 

  0x00007e6af85e1c90: ;   {runtime_call nmethod}
  0x00007e6af85e1c90: 0000 e9fb 

  0x00007e6af85e1c94: ;   {static_stub}
  0x00007e6af85e1c94: ffff ff48 | bb00 0000 | 0000 0000 

  0x00007e6af85e1ca0: ;   {runtime_call nmethod}
  0x00007e6af85e1ca0: 00e9 fbff 

  0x00007e6af85e1ca4: ;   {static_stub}
  0x00007e6af85e1ca4: ffff 48bb | 0000 0000 | 0000 0000 

  0x00007e6af85e1cb0: ;   {runtime_call nmethod}
  0x00007e6af85e1cb0: e9fb ffff 

  0x00007e6af85e1cb4: ;   {static_stub}
  0x00007e6af85e1cb4: ff48 bb00 | 0000 0000 

  0x00007e6af85e1cbc: ;   {runtime_call nmethod}
  0x00007e6af85e1cbc: 0000 00e9 | fbff ffff 

  0x00007e6af85e1cc4: ;   {static_stub}
  0x00007e6af85e1cc4: 48bb 0000 | 0000 0000 

  0x00007e6af85e1ccc: ;   {runtime_call nmethod}
  0x00007e6af85e1ccc: 0000 e9fb 

  0x00007e6af85e1cd0: ;   {static_stub}
  0x00007e6af85e1cd0: ffff ff48 | bb00 0000 | 0000 0000 

  0x00007e6af85e1cdc: ;   {runtime_call nmethod}
  0x00007e6af85e1cdc: 00e9 fbff 

  0x00007e6af85e1ce0: ;   {static_stub}
  0x00007e6af85e1ce0: ffff 48bb | 0000 0000 | 0000 0000 

  0x00007e6af85e1cec: ;   {runtime_call nmethod}
  0x00007e6af85e1cec: e9fb ffff 

  0x00007e6af85e1cf0: ;   {static_stub}
  0x00007e6af85e1cf0: ff48 bb00 | 0000 0000 

  0x00007e6af85e1cf8: ;   {runtime_call nmethod}
  0x00007e6af85e1cf8: 0000 00e9 | fbff ffff 

  0x00007e6af85e1d00: ;   {static_stub}
  0x00007e6af85e1d00: 48bb 0000 | 0000 0000 

  0x00007e6af85e1d08: ;   {runtime_call nmethod}
  0x00007e6af85e1d08: 0000 e9fb 

  0x00007e6af85e1d0c: ;   {runtime_call ExceptionBlob}
  0x00007e6af85e1d0c: ffff ffe9 | 6c86 79ff 
[Deopt Handler Code]
  0x00007e6af85e1d14: e800 0000 | 0048 832c 

  0x00007e6af85e1d1c: ;   {runtime_call DeoptimizationBlob}
  0x00007e6af85e1d1c: 2405 e97d | 156d fff4 | f4f4 f4f4 
[/MachCode]


---------------  P R O C E S S  ---------------

Threads class SMR info:
_java_thread_list=0x00007e6a10005520, length=33, elements={
0x0000000023f24ab0, 0x00000000240daa80, 0x00000000240dc090, 0x00000000240dd9e0,
0x00000000240df0c0, 0x00000000240e0700, 0x00000000240e2360, 0x00000000240e3ac0,
0x00000000240ef2d0, 0x00000000240fb590, 0x00000000247af570, 0x00000000247df060,
0x00007e6a48392530, 0x00007e6a50284ea0, 0x00007e6a542c6140, 0x00007e6a3c13a170,
0x00007e6a00001250, 0x00007e6a04001350, 0x00007e69f8000c60, 0x00007e69fc000e60,
0x00007e69f0000c60, 0x00007e69ec001040, 0x00007e69e8001280, 0x00007e69c4000e60,
0x00007e69b8000c60, 0x00007e69b0000c60, 0x00007e69bc001b40, 0x00007e69ac000df0,
0x00007e69a8000df0, 0x00007e69a4001780, 0x00007e6a38239170, 0x00007e6a5c2c21b0,
0x00007e6a70009110
}

Java Threads: ( => current thread )
  0x0000000023f24ab0 JavaThread "main"                              [_thread_in_native, id=15204, stack(0x00007ffcb197a000,0x00007ffcb1a7a000) (1024K)]
  0x00000000240daa80 JavaThread "Reference Handler"          daemon [_thread_blocked, id=15366, stack(0x00007e6b0d7ec000,0x00007e6b0d8ec000) (1024K)]
  0x00000000240dc090 JavaThread "Finalizer"                  daemon [_thread_blocked, id=15367, stack(0x00007e6b0d6ec000,0x00007e6b0d7ec000) (1024K)]
  0x00000000240dd9e0 JavaThread "Signal Dispatcher"          daemon [_thread_blocked, id=15368, stack(0x00007e6b0d5ec000,0x00007e6b0d6ec000) (1024K)]
  0x00000000240df0c0 JavaThread "Service Thread"             daemon [_thread_blocked, id=15369, stack(0x00007e6b0d4ec000,0x00007e6b0d5ec000) (1024K)]
  0x00000000240e0700 JavaThread "Monitor Deflation Thread"   daemon [_thread_blocked, id=15370, stack(0x00007e6b0d3ec000,0x00007e6b0d4ec000) (1024K)]
  0x00000000240e2360 JavaThread "C2 CompilerThread0"         daemon [_thread_blocked, id=15371, stack(0x00007e6b0d2ec000,0x00007e6b0d3ec000) (1024K)]
  0x00000000240e3ac0 JavaThread "C1 CompilerThread0"         daemon [_thread_blocked, id=15372, stack(0x00007e6b0d1ec000,0x00007e6b0d2ec000) (1024K)]
  0x00000000240ef2d0 JavaThread "Notification Thread"        daemon [_thread_blocked, id=15373, stack(0x00007e6b0d0ec000,0x00007e6b0d1ec000) (1024K)]
  0x00000000240fb590 JavaThread "Common-Cleaner"             daemon [_thread_blocked, id=15374, stack(0x00007e6b0cfec000,0x00007e6b0d0ec000) (1024K)]
  0x00000000247af570 JavaThread "Tuning Timer"               daemon [_thread_blocked, id=15408, stack(0x00007e6ae88d0000,0x00007e6ae89d0000) (1024K)]
  0x00000000247df060 JavaThread "prti1516e: Reference cleaner thread" daemon [_thread_blocked, id=15411, stack(0x00007e6ae87d0000,0x00007e6ae88d0000) (1024K)]
  0x00007e6a48392530 JavaThread "Thread-2"                          [_thread_in_native, id=15595, stack(0x00007e6ad9800000,0x00007e6ada000000) (8192K)]
  0x00007e6a50284ea0 JavaThread "Thread-3"                          [_thread_in_native, id=15596, stack(0x00007e6ad8fff000,0x00007e6ad97ff000) (8192K)]
  0x00007e6a542c6140 JavaThread "Thread-4"                          [_thread_in_native, id=15598, stack(0x00007e6ad87fe000,0x00007e6ad8ffe000) (8192K)]
  0x00007e6a3c13a170 JavaThread "Thread-5"                          [_thread_in_native, id=15599, stack(0x00007e6a86800000,0x00007e6a87000000) (8192K)]
  0x00007e6a00001250 JavaThread "Thread-6"                          [_thread_in_native, id=15616, stack(0x00007e6a85fff000,0x00007e6a867ff000) (8192K)]
  0x00007e6a04001350 JavaThread "Thread-7"                          [_thread_in_native, id=15645, stack(0x00007e6a857fe000,0x00007e6a85ffe000) (8192K)]
  0x00007e69f8000c60 JavaThread "Thread-8"                          [_thread_in_native, id=15648, stack(0x00007e6a84ffd000,0x00007e6a857fd000) (8192K)]
  0x00007e69fc000e60 JavaThread "Thread-9"                          [_thread_in_native, id=15652, stack(0x00007e6a847fc000,0x00007e6a84ffc000) (8192K)]
  0x00007e69f0000c60 JavaThread "Thread-10"                         [_thread_in_native, id=15653, stack(0x00007e69f7800000,0x00007e69f8000000) (8192K)]
=>0x00007e69ec001040 JavaThread "Thread-11"                         [_thread_in_native, id=15663, stack(0x00007e69f67fe000,0x00007e69f6ffe000) (8192K)]
  0x00007e69e8001280 JavaThread "Thread-12"                         [_thread_in_native, id=15662, stack(0x00007e69f6fff000,0x00007e69f77ff000) (8192K)]
  0x00007e69c4000e60 JavaThread "Thread-13"                         [_thread_in_native, id=15674, stack(0x00007e69f5ffd000,0x00007e69f67fd000) (8192K)]
  0x00007e69b8000c60 JavaThread "Thread-14"                         [_thread_in_native, id=15676, stack(0x00007e69f57fc000,0x00007e69f5ffc000) (8192K)]
  0x00007e69b0000c60 JavaThread "Thread-15"                         [_thread_in_native, id=15678, stack(0x00007e69f47fa000,0x00007e69f4ffa000) (8192K)]
  0x00007e69bc001b40 JavaThread "Thread-16"                         [_thread_in_native, id=15677, stack(0x00007e69f4ffb000,0x00007e69f57fb000) (8192K)]
  0x00007e69ac000df0 JavaThread "Thread-17"                         [_thread_in_native, id=15685, stack(0x00007e69b6fff000,0x00007e69b77ff000) (8192K)]
  0x00007e69a8000df0 JavaThread "Thread-18"                         [_thread_in_native, id=15687, stack(0x00007e69b5ffd000,0x00007e69b67fd000) (8192K)]
  0x00007e69a4001780 JavaThread "Thread-19"                         [_thread_in_native, id=15686, stack(0x00007e69b67fe000,0x00007e69b6ffe000) (8192K)]
  0x00007e6a38239170 JavaThread "Thread-20"                         [_thread_in_native, id=15684, stack(0x00007e69b7800000,0x00007e69b8000000) (8192K)]
  0x00007e6a5c2c21b0 JavaThread "Thread-21"                         [_thread_in_native, id=15696, stack(0x00007e69b57fc000,0x00007e69b5ffc000) (8192K)]
  0x00007e6a70009110 JavaThread "SIGINT handler"             daemon [_thread_blocked, id=17648, stack(0x00007e6b0ceec000,0x00007e6b0cfec000) (1024K)]
Total: 33

Other Threads:
  0x0000000023d2bf50 VMThread "VM Thread"                           [id=15365, stack(0x00007e6b0d8ed000,0x00007e6b0d9ed000) (1024K)]
  0x00000000238c62e0 WatcherThread "VM Periodic Task Thread"        [id=15359, stack(0x00007e6b0d9ee000,0x00007e6b0daee000) (1024K)]
  0x0000000023d2bba0 WorkerThread "GC Thread#0"                     [id=15354, stack(0x00007e6b20dff000,0x00007e6b20eff000) (1024K)]
  0x00007e6a80001070 WorkerThread "GC Thread#1"                     [id=15380, stack(0x00007e6b0c9ec000,0x00007e6b0caec000) (1024K)]
  0x00007e6a80001c40 WorkerThread "GC Thread#2"                     [id=15381, stack(0x00007e6b0c8eb000,0x00007e6b0c9eb000) (1024K)]
  0x00007e6a80013080 WorkerThread "GC Thread#3"                     [id=15391, stack(0x00007e6b0c5ea000,0x00007e6b0c6ea000) (1024K)]
  0x00007e6a80011e40 WorkerThread "GC Thread#4"                     [id=15392, stack(0x00007e6b0c4e9000,0x00007e6b0c5e9000) (1024K)]
  0x00007e6a80012890 WorkerThread "GC Thread#5"                     [id=15393, stack(0x00007e6b0c3e8000,0x00007e6b0c4e8000) (1024K)]
  0x00007e6a8000dca0 WorkerThread "GC Thread#6"                     [id=15664, stack(0x00007e6ae85d0000,0x00007e6ae86d0000) (1024K)]
  0x00007e6a8000d580 WorkerThread "GC Thread#7"                     [id=15665, stack(0x00007e6ae84cf000,0x00007e6ae85cf000) (1024K)]
  0x00007e6a8000e6e0 WorkerThread "GC Thread#8"                     [id=15666, stack(0x00007e6ae83ce000,0x00007e6ae84ce000) (1024K)]
  0x00007e6a80004230 WorkerThread "GC Thread#9"                     [id=15667, stack(0x00007e6ae82cd000,0x00007e6ae83cd000) (1024K)]
  0x00007e6a80004d00 WorkerThread "GC Thread#10"                    [id=15668, stack(0x00007e6ae81cc000,0x00007e6ae82cc000) (1024K)]
  0x00007e6a800057d0 WorkerThread "GC Thread#11"                    [id=15669, stack(0x00007e6ae80cb000,0x00007e6ae81cb000) (1024K)]
  0x00007e6a80006310 WorkerThread "GC Thread#12"                    [id=15670, stack(0x00007e6ad86fd000,0x00007e6ad87fd000) (1024K)]
  0x00007e6a80007240 WorkerThread "GC Thread#13"                    [id=15671, stack(0x00007e6ad85fc000,0x00007e6ad86fc000) (1024K)]
  0x00007e6a800081c0 WorkerThread "GC Thread#14"                    [id=15672, stack(0x00007e6ad84fb000,0x00007e6ad85fb000) (1024K)]
  0x0000000023cf1240 ConcurrentGCThread "G1 Main Marker"            [id=15355, stack(0x00007e6b20cfe000,0x00007e6b20dfe000) (1024K)]
  0x0000000023a25a20 WorkerThread "G1 Conc#0"                       [id=15356, stack(0x00007e6b20bfd000,0x00007e6b20cfd000) (1024K)]
  0x0000000023ed2dd0 ConcurrentGCThread "G1 Refine#0"               [id=15357, stack(0x00007e6b0dbf0000,0x00007e6b0dcf0000) (1024K)]
  0x0000000023ed3a20 ConcurrentGCThread "G1 Service"                [id=15358, stack(0x00007e6b0daef000,0x00007e6b0dbef000) (1024K)]
Total: 21

Threads with active compile tasks:
Total: 0

VM state: not at safepoint (normal execution)

VM Mutex/Monitor currently owned by a thread: None

Heap address: 0x000000060f400000, size: 7948 MB, Compressed Oops mode: Zero based, Oop shift amount: 3

CDS archive(s) mapped at: [0x00007e6a8b000000-0x00007e6a8bc9c000-0x00007e6a8bc9c000), size 13221888, SharedBaseAddress: 0x00007e6a8b000000, ArchiveRelocationMode: 1.
Compressed class space mapped at: 0x00007e6a8c000000-0x00007e6acc000000, reserved size: 1073741824
Narrow klass base: 0x00007e6a8b000000, Narrow klass shift: 0, Narrow klass range: 0x100000000

GC Precious Log:
 CardTable entry size: 512
 Card Set container configuration: InlinePtr #cards 4 size 8 Array Of Cards #cards 32 size 80 Howl #buckets 8 coarsen threshold 7372 Howl Bitmap #cards 1024 size 144 coarsen threshold 921 Card regions per heap region 1 cards per card region 8192
 CPUs: 20 total, 20 available
 Memory: 31780M
 Large Page Support: Disabled
 NUMA Support: Disabled
 Compressed Oops: Enabled (Zero based)
 Heap Region Size: 4M
 Heap Min Capacity: 8M
 Heap Initial Capacity: 500M
 Heap Max Capacity: 7948M
 Pre-touch: Disabled
 Parallel Workers: 15
 Concurrent Workers: 4
 Concurrent Refinement Workers: 15
 Periodic GC: Disabled

Heap:
 garbage-first heap   total 57344K, used 19911K [0x000000060f400000, 0x0000000800000000)
  region size 4096K, 3 young (12288K), 1 survivors (4096K)
 Metaspace       used 12889K, committed 13056K, reserved 1114112K
  class space    used 1398K, committed 1472K, reserved 1048576K

Heap Regions: E=young(eden), S=young(survivor), O=old, HS=humongous(starts), HC=humongous(continues), CS=collection set, F=free, TAMS=top-at-mark-start, PB=parsable bottom
|   0|0x000000060f400000, 0x000000060f7ffff0, 0x000000060f800000| 99%| O|  |TAMS 0x000000060f400000| PB 0x000000060f400000| Untracked 
|   1|0x000000060f800000, 0x000000060fb91450, 0x000000060fc00000| 89%| O|  |TAMS 0x000000060f800000| PB 0x000000060f800000| Untracked 
|   2|0x000000060fc00000, 0x000000060fe4ee18, 0x0000000610000000| 57%| O|  |TAMS 0x000000060fc00000| PB 0x000000060fc00000| Untracked 
|   3|0x0000000610000000, 0x00000006102c06a8, 0x0000000610400000| 68%| O|  |TAMS 0x0000000610000000| PB 0x0000000610000000| Untracked 
|   4|0x0000000610400000, 0x000000061068efe0, 0x0000000610800000| 63%| O|  |TAMS 0x0000000610400000| PB 0x0000000610400000| Untracked 
|   5|0x0000000610800000, 0x0000000610800000, 0x0000000610c00000|  0%| F|  |TAMS 0x0000000610800000| PB 0x0000000610800000| Untracked 
|   6|0x0000000610c00000, 0x0000000610c42678, 0x0000000611000000|  6%| S|CS|TAMS 0x0000000610c00000| PB 0x0000000610c00000| Complete 
|   7|0x0000000611000000, 0x0000000611000000, 0x0000000611400000|  0%| F|  |TAMS 0x0000000611000000| PB 0x0000000611000000| Untracked 
|   8|0x0000000611400000, 0x0000000611400000, 0x0000000611800000|  0%| F|  |TAMS 0x0000000611400000| PB 0x0000000611400000| Untracked 
|   9|0x0000000611800000, 0x0000000611800000, 0x0000000611c00000|  0%| F|  |TAMS 0x0000000611800000| PB 0x0000000611800000| Untracked 
|  10|0x0000000611c00000, 0x0000000611c00000, 0x0000000612000000|  0%| F|  |TAMS 0x0000000611c00000| PB 0x0000000611c00000| Untracked 
|  11|0x0000000612000000, 0x0000000612000000, 0x0000000612400000|  0%| F|  |TAMS 0x0000000612000000| PB 0x0000000612000000| Untracked 
|  12|0x0000000612400000, 0x0000000612510510, 0x0000000612800000| 26%| E|  |TAMS 0x0000000612400000| PB 0x0000000612400000| Complete 
|  13|0x0000000612800000, 0x0000000612c00000, 0x0000000612c00000|100%| E|CS|TAMS 0x0000000612800000| PB 0x0000000612800000| Complete 

Card table byte_map: [0x00007e6b0e0f4000,0x00007e6b0f07a000] _byte_map_base: 0x00007e6b0b07a000

Marking Bits: (CMBitMap*) 0x0000000023f2d5e0
 Bits: [0x00007e6ae8bd0000, 0x00007e6af0800000)

Polling page: 0x00007e6b6e012000

Metaspace:

Usage:
  Non-class:     11.22 MB used.
      Class:      1.37 MB used.
       Both:     12.59 MB used.

Virtual space:
  Non-class space:       64.00 MB reserved,      11.31 MB ( 18%) committed,  1 nodes.
      Class space:        1.00 GB reserved,       1.44 MB ( <1%) committed,  1 nodes.
             Both:        1.06 GB reserved,      12.75 MB (  1%) committed. 

Chunk freelists:
   Non-Class:  3.83 MB
       Class:  14.41 MB
        Both:  18.23 MB

MaxMetaspaceSize: unlimited
CompressedClassSpaceSize: 1.00 GB
Initial GC threshold: 21.00 MB
Current GC threshold: 21.00 MB
CDS: on
 - commit_granule_bytes: 65536.
 - commit_granule_words: 8192.
 - virtual_space_node_default_size: 8388608.
 - enlarge_chunks_in_place: 1.
 - use_allocation_guard: 0.


Internal statistics:

num_allocs_failed_limit: 0.
num_arena_births: 138.
num_arena_deaths: 0.
num_vsnodes_births: 2.
num_vsnodes_deaths: 0.
num_space_committed: 204.
num_space_uncommitted: 0.
num_chunks_returned_to_freelist: 0.
num_chunks_taken_from_freelist: 450.
num_chunk_merges: 0.
num_chunk_splits: 306.
num_chunks_enlarged: 220.
num_inconsistent_stats: 0.

CodeHeap 'non-profiled nmethods': size=119168Kb used=2438Kb max_used=2438Kb free=116729Kb
 bounds [0x00007e6af83a0000, 0x00007e6af8610000, 0x00007e6aff800000]
CodeHeap 'profiled nmethods': size=119164Kb used=6037Kb max_used=6037Kb free=113126Kb
 bounds [0x00007e6af0800000, 0x00007e6af0df0000, 0x00007e6af7c5f000]
CodeHeap 'non-nmethods': size=7428Kb used=1463Kb max_used=3223Kb free=5964Kb
 bounds [0x00007e6af7c5f000, 0x00007e6af7f8f000, 0x00007e6af83a0000]
CodeCache: size=245760Kb, used=9938Kb, max_used=11698Kb, free=235819Kb
 total_blobs=3963, nmethods=3401, adapters=466, full_count=0
Compilation: enabled, stopped_count=0, restarted_count=0

Compilation events (20 events):
Event: 397.937 Thread 0x00000000240e2360 nmethod 3481 0x00007e6af85fa010 code [0x00007e6af85fa200, 0x00007e6af85fac80]
Event: 397.949 Thread 0x00000000240e3ac0 3488       3       java.lang.Class::getCanonicalName (46 bytes)
Event: 397.951 Thread 0x00000000240e3ac0 nmethod 3488 0x00007e6af0ddeb90 code [0x00007e6af0dded60, 0x00007e6af0ddf078]
Event: 398.794 Thread 0x00000000240e3ac0 3489       3       se.pitch.prti1516e.util.k::b (6 bytes)
Event: 398.794 Thread 0x00000000240e3ac0 nmethod 3489 0x00007e6af0ddf190 code [0x00007e6af0ddf320, 0x00007e6af0ddf428]
Event: 398.806 Thread 0x00000000240e2360 3490   !   4       se.pitch.prti1516e.lrc.MyFederate::a (402 bytes)
Event: 398.942 Thread 0x00000000240e2360 nmethod 3490 0x00007e6af85fb190 code [0x00007e6af85fb5e0, 0x00007e6af85fe7a0]
Event: 398.944 Thread 0x00000000240e2360 3491       4       se.pitch.prti1516e.handles.AttributeHandleImpl::b (8 bytes)
Event: 398.966 Thread 0x00000000240e2360 nmethod 3491 0x00007e6af8600610 code [0x00007e6af8600800, 0x00007e6af8601238]
Event: 399.424 Thread 0x00000000240e2360 3492       4       se.pitch.prti1516e.lrc.e$$Lambda/0x00007e6a8c181848::<init> (10 bytes)
Event: 399.427 Thread 0x00000000240e2360 nmethod 3492 0x00007e6af8601510 code [0x00007e6af8601680, 0x00007e6af86017e0]
Event: 399.458 Thread 0x00000000240e3ac0 3493       3       se.pitch.prti1516e.lrc.e::a (296 bytes)
Event: 399.462 Thread 0x00000000240e3ac0 nmethod 3493 0x00007e6af0ddf490 code [0x00007e6af0ddf9e0, 0x00007e6af0de2b48]
Event: 401.001 Thread 0x00000000240e3ac0 3494       1       java.util.logging.LogManager$LoggerContext::getOwner (5 bytes)
Event: 401.001 Thread 0x00000000240e3ac0 nmethod 3494 0x00007e6af8601890 code [0x00007e6af8601a20, 0x00007e6af8601ae8]
Event: 401.002 Thread 0x00000000240e3ac0 3495       3       java.util.concurrent.ConcurrentHashMap$BaseIterator::<init> (21 bytes)
Event: 401.002 Thread 0x00000000240e3ac0 nmethod 3495 0x00007e6af0de3e10 code [0x00007e6af0de3fc0, 0x00007e6af0de4198]
Event: 401.002 Thread 0x00000000240e3ac0 3496       3       java.util.concurrent.ConcurrentHashMap$Traverser::<init> (36 bytes)
Event: 401.002 Thread 0x00000000240e3ac0 nmethod 3496 0x00007e6af0de4290 code [0x00007e6af0de4440, 0x00007e6af0de4648]
Event: 401.071 Thread 0x00000000240e3ac0 3497       3       org.jpype.manager.TypeManager$Destroyer::add (101 bytes)

GC Heap History (20 events):
Event: 0.318 GC heap before
{Heap before GC invocations=2 (full 2):
 garbage-first heap   total 16384K, used 7836K [0x000000060f400000, 0x0000000800000000)
  region size 4096K, 1 young (4096K), 0 survivors (0K)
 Metaspace       used 2170K, committed 2368K, reserved 1114112K
  class space    used 185K, committed 256K, reserved 1048576K
}
Event: 0.320 GC heap after
{Heap after GC invocations=3 (full 2):
 garbage-first heap   total 16384K, used 4460K [0x000000060f400000, 0x0000000800000000)
  region size 4096K, 1 young (4096K), 1 survivors (4096K)
 Metaspace       used 2170K, committed 2368K, reserved 1114112K
  class space    used 185K, committed 256K, reserved 1048576K
}
Event: 0.330 GC heap before
{Heap before GC invocations=3 (full 2):
 garbage-first heap   total 16384K, used 8556K [0x000000060f400000, 0x0000000800000000)
  region size 4096K, 2 young (8192K), 1 survivors (4096K)
 Metaspace       used 2172K, committed 2368K, reserved 1114112K
  class space    used 185K, committed 256K, reserved 1048576K
}
Event: 0.331 GC heap after
{Heap after GC invocations=4 (full 2):
 garbage-first heap   total 16384K, used 4597K [0x000000060f400000, 0x0000000800000000)
  region size 4096K, 1 young (4096K), 1 survivors (4096K)
 Metaspace       used 2172K, committed 2368K, reserved 1114112K
  class space    used 185K, committed 256K, reserved 1048576K
}
Event: 0.341 GC heap before
{Heap before GC invocations=4 (full 2):
 garbage-first heap   total 16384K, used 8693K [0x000000060f400000, 0x0000000800000000)
  region size 4096K, 2 young (8192K), 1 survivors (4096K)
 Metaspace       used 2176K, committed 2368K, reserved 1114112K
  class space    used 185K, committed 256K, reserved 1048576K
}
Event: 0.343 GC heap after
{Heap after GC invocations=5 (full 2):
 garbage-first heap   total 16384K, used 5050K [0x000000060f400000, 0x0000000800000000)
  region size 4096K, 1 young (4096K), 1 survivors (4096K)
 Metaspace       used 2176K, committed 2368K, reserved 1114112K
  class space    used 185K, committed 256K, reserved 1048576K
}
Event: 0.356 GC heap before
{Heap before GC invocations=5 (full 2):
 garbage-first heap   total 16384K, used 9146K [0x000000060f400000, 0x0000000800000000)
  region size 4096K, 2 young (8192K), 1 survivors (4096K)
 Metaspace       used 2180K, committed 2368K, reserved 1114112K
  class space    used 185K, committed 256K, reserved 1048576K
}
Event: 0.358 GC heap after
{Heap after GC invocations=6 (full 2):
 garbage-first heap   total 266240K, used 5417K [0x000000060f400000, 0x0000000800000000)
  region size 4096K, 1 young (4096K), 1 survivors (4096K)
 Metaspace       used 2180K, committed 2368K, reserved 1114112K
  class space    used 185K, committed 256K, reserved 1048576K
}
Event: 0.537 GC heap before
{Heap before GC invocations=6 (full 2):
 garbage-first heap   total 266240K, used 29993K [0x000000060f400000, 0x0000000800000000)
  region size 4096K, 8 young (32768K), 1 survivors (4096K)
 Metaspace       used 2859K, committed 3136K, reserved 1114112K
  class space    used 253K, committed 384K, reserved 1048576K
}
Event: 0.545 GC heap after
{Heap after GC invocations=7 (full 3):
 garbage-first heap   total 98304K, used 8059K [0x000000060f400000, 0x0000000800000000)
  region size 4096K, 0 young (0K), 0 survivors (0K)
 Metaspace       used 2859K, committed 3136K, reserved 1114112K
  class space    used 253K, committed 384K, reserved 1048576K
}
Event: 0.722 GC heap before
{Heap before GC invocations=7 (full 3):
 garbage-first heap   total 98304K, used 20347K [0x000000060f400000, 0x0000000800000000)
  region size 4096K, 4 young (16384K), 0 survivors (0K)
 Metaspace       used 4501K, committed 4672K, reserved 1114112K
  class space    used 437K, committed 512K, reserved 1048576K
}
Event: 0.759 GC heap after
{Heap after GC invocations=8 (full 4):
 garbage-first heap   total 57344K, used 12930K [0x000000060f400000, 0x0000000800000000)
  region size 4096K, 0 young (0K), 0 survivors (0K)
 Metaspace       used 4501K, committed 4672K, reserved 1114112K
  class space    used 437K, committed 512K, reserved 1048576K
}
Event: 12.114 GC heap before
{Heap before GC invocations=8 (full 4):
 garbage-first heap   total 57344K, used 37506K [0x000000060f400000, 0x0000000800000000)
  region size 4096K, 6 young (24576K), 0 survivors (0K)
 Metaspace       used 12105K, committed 12288K, reserved 1114112K
  class space    used 1366K, committed 1472K, reserved 1048576K
}
Event: 12.121 GC heap after
{Heap after GC invocations=9 (full 4):
 garbage-first heap   total 57344K, used 15730K [0x000000060f400000, 0x0000000800000000)
  region size 4096K, 1 young (4096K), 1 survivors (4096K)
 Metaspace       used 12105K, committed 12288K, reserved 1114112K
  class space    used 1366K, committed 1472K, reserved 1048576K
}
Event: 127.376 GC heap before
{Heap before GC invocations=9 (full 4):
 garbage-first heap   total 57344K, used 36210K [0x000000060f400000, 0x0000000800000000)
  region size 4096K, 6 young (24576K), 1 survivors (4096K)
 Metaspace       used 12776K, committed 12992K, reserved 1114112K
  class space    used 1385K, committed 1472K, reserved 1048576K
}
Event: 127.378 GC heap after
{Heap after GC invocations=10 (full 4):
 garbage-first heap   total 57344K, used 15980K [0x000000060f400000, 0x0000000800000000)
  region size 4096K, 1 young (4096K), 1 survivors (4096K)
 Metaspace       used 12776K, committed 12992K, reserved 1114112K
  class space    used 1385K, committed 1472K, reserved 1048576K
}
Event: 240.197 GC heap before
{Heap before GC invocations=10 (full 4):
 garbage-first heap   total 57344K, used 36460K [0x000000060f400000, 0x0000000800000000)
  region size 4096K, 6 young (24576K), 1 survivors (4096K)
 Metaspace       used 12811K, committed 12992K, reserved 1114112K
  class space    used 1386K, committed 1472K, reserved 1048576K
}
Event: 240.198 GC heap after
{Heap after GC invocations=11 (full 4):
 garbage-first heap   total 57344K, used 15844K [0x000000060f400000, 0x0000000800000000)
  region size 4096K, 1 young (4096K), 1 survivors (4096K)
 Metaspace       used 12811K, committed 12992K, reserved 1114112K
  class space    used 1386K, committed 1472K, reserved 1048576K
}
Event: 381.449 GC heap before
{Heap before GC invocations=11 (full 4):
 garbage-first heap   total 57344K, used 40420K [0x000000060f400000, 0x0000000800000000)
  region size 4096K, 7 young (28672K), 1 survivors (4096K)
 Metaspace       used 12823K, committed 13056K, reserved 1114112K
  class space    used 1386K, committed 1472K, reserved 1048576K
}
Event: 381.451 GC heap after
{Heap after GC invocations=12 (full 4):
 garbage-first heap   total 57344K, used 15815K [0x000000060f400000, 0x0000000800000000)
  region size 4096K, 1 young (4096K), 1 survivors (4096K)
 Metaspace       used 12823K, committed 13056K, reserved 1114112K
  class space    used 1386K, committed 1472K, reserved 1048576K
}

Dll operation events (10 events):
Event: 0.020 Loaded shared library /usr/lib/jvm/java-21-openjdk-amd64/lib/libjava.so
Event: 0.080 Loaded shared library /usr/lib/jvm/java-21-openjdk-amd64/lib/libjsvml.so
Event: 0.084 Loaded shared library /usr/lib/jvm/java-21-openjdk-amd64/lib/libnio.so
Event: 0.089 Loaded shared library /usr/lib/jvm/java-21-openjdk-amd64/lib/libzip.so
Event: 0.141 Loaded shared library /home/vicen/.local/lib/python3.12/site-packages/_jpype.cpython-312-x86_64-linux-gnu.so
Event: 0.172 Loaded shared library /usr/lib/jvm/java-21-openjdk-amd64/lib/libjimage.so
Event: 0.470 Loaded shared library /usr/lib/jvm/java-21-openjdk-amd64/lib/libnet.so
Event: 0.952 Loaded shared library /usr/lib/jvm/java-21-openjdk-amd64/lib/libextnet.so
Event: 1.983 Loaded shared library /usr/lib/jvm/java-21-openjdk-amd64/lib/libmanagement.so
Event: 1.988 Loaded shared library /usr/lib/jvm/java-21-openjdk-amd64/lib/libmanagement_ext.so

Deoptimization events (20 events):
Event: 401.007 Thread 0x0000000024775410 Uncommon trap: trap_request=0xffffff54 fr.pc=0x00007e6af8524214 relative=0x0000000000000154
Event: 401.007 Thread 0x0000000024775410 Uncommon trap: reason=speculate_null_assert action=make_not_entrant pc=0x00007e6af8524214 method=sun.nio.ch.SelectorImpl.processDeregisterQueue()V @ 66 c2
Event: 401.007 Thread 0x0000000024775410 DEOPT PACKING pc=0x00007e6af8524214 sp=0x00007e6b0c2e5740
Event: 401.007 Thread 0x0000000024775410 DEOPT UNPACKING pc=0x00007e6af7cb2f99 sp=0x00007e6b0c2e56e8 mode 2
Event: 401.007 Thread 0x00000000247ac640 Uncommon trap: trap_request=0xffffff45 fr.pc=0x00007e6af8555a8c relative=0x000000000000042c
Event: 401.007 Thread 0x00000000247ac640 Uncommon trap: reason=unstable_if action=reinterpret pc=0x00007e6af8555a8c method=java.util.concurrent.locks.AbstractQueuedSynchronizer$ConditionNode.isReleasable()Z @ 14 c2
Event: 401.007 Thread 0x00000000247ac640 DEOPT PACKING pc=0x00007e6af8555a8c sp=0x00007e6ae8ace820
Event: 401.007 Thread 0x00000000247ac640 DEOPT UNPACKING pc=0x00007e6af7cb2f99 sp=0x00007e6ae8ace648 mode 2
Event: 401.007 Thread 0x00000000247ac640 Uncommon trap: trap_request=0xffffff45 fr.pc=0x00007e6af84b6258 relative=0x0000000000000058
Event: 401.007 Thread 0x00000000247ac640 Uncommon trap: reason=unstable_if action=reinterpret pc=0x00007e6af84b6258 method=java.lang.Thread.getAndClearInterrupt()Z @ 6 c2
Event: 401.007 Thread 0x00000000247ac640 DEOPT PACKING pc=0x00007e6af84b6258 sp=0x00007e6ae8ace7b0
Event: 401.007 Thread 0x00000000247ac640 DEOPT UNPACKING pc=0x00007e6af7cb2f99 sp=0x00007e6ae8ace708 mode 2
Event: 401.021 Thread 0x00000000247ab810 Uncommon trap: trap_request=0xffffff45 fr.pc=0x00007e6af85f57cc relative=0x000000000000274c
Event: 401.021 Thread 0x00000000247ab810 Uncommon trap: reason=unstable_if action=reinterpret pc=0x00007e6af85f57cc method=java.lang.Thread.getAndClearInterrupt()Z @ 6 c2
Event: 401.021 Thread 0x00000000247ab810 DEOPT PACKING pc=0x00007e6af85f57cc sp=0x00007e6ae8bce7d0
Event: 401.021 Thread 0x00000000247ab810 DEOPT UNPACKING pc=0x00007e6af7cb2f99 sp=0x00007e6ae8bce558 mode 2
Event: 401.021 Thread 0x00000000247ab810 Uncommon trap: trap_request=0xffffff45 fr.pc=0x00007e6af84cef44 relative=0x0000000000000044
Event: 401.021 Thread 0x00000000247ab810 Uncommon trap: reason=unstable_if action=reinterpret pc=0x00007e6af84cef44 method=java.util.concurrent.ThreadPoolExecutor.runStateAtLeast(II)Z @ 2 c2
Event: 401.021 Thread 0x00000000247ab810 DEOPT PACKING pc=0x00007e6af84cef44 sp=0x00007e6ae8bce7b0
Event: 401.021 Thread 0x00000000247ab810 DEOPT UNPACKING pc=0x00007e6af7cb2f99 sp=0x00007e6ae8bce768 mode 2

Classes loaded (20 events):
Event: 84.735 Loading class java/util/function/IntUnaryOperator done
Event: 84.740 Loading class java/util/function/IntBinaryOperator
Event: 84.740 Loading class java/util/function/IntBinaryOperator done
Event: 87.732 Loading class java/util/AbstractMap$ViewCollection
Event: 87.732 Loading class java/util/AbstractMap$ViewCollection done
Event: 400.998 Loading class jdk/internal/misc/Signal$1
Event: 401.000 Loading class jdk/internal/misc/Signal$1 done
Event: 401.002 Loading class jdk/internal/event/ThreadSleepEvent
Event: 401.002 Loading class jdk/internal/event/ThreadSleepEvent done
Event: 401.003 Loading class java/util/concurrent/locks/AbstractQueuedSynchronizer$SharedNode
Event: 401.003 Loading class java/util/concurrent/locks/AbstractQueuedSynchronizer$SharedNode done
Event: 401.007 Loading class java/net/SocketTimeoutException
Event: 401.019 Loading class java/io/InterruptedIOException
Event: 401.019 Loading class java/io/InterruptedIOException done
Event: 401.019 Loading class java/net/SocketTimeoutException done
Event: 401.022 Loading class java/lang/Throwable$WrappedPrintStream
Event: 401.022 Loading class java/lang/Throwable$WrappedPrintStream done
Event: 401.022 Loading class java/lang/StackTraceElement$HashedModules
Event: 401.023 Loading class java/lang/StackTraceElement$HashedModules done
Event: 401.071 Loading class java/util/WeakHashMap$KeyIterator

Classes unloaded (0 events):
No events

Classes redefined (0 events):
No events

Internal exceptions (20 events):
Event: 221.191 Thread 0x00000000247631b0 Exception <a 'java/net/ConnectException'{0x00000006118d9010}> (0x00000006118d9010) 
thrown [./src/hotspot/share/prims/jni.cpp, line 520]
Event: 231.195 Thread 0x00000000247631b0 Exception <a 'java/net/ConnectException'{0x0000000611a68d60}> (0x0000000611a68d60) 
thrown [./src/hotspot/share/prims/jni.cpp, line 520]
Event: 241.198 Thread 0x00000000247631b0 Exception <a 'java/net/ConnectException'{0x000000061280cb60}> (0x000000061280cb60) 
thrown [./src/hotspot/share/prims/jni.cpp, line 520]
Event: 251.201 Thread 0x00000000247631b0 Exception <a 'java/net/ConnectException'{0x0000000612a5a660}> (0x0000000612a5a660) 
thrown [./src/hotspot/share/prims/jni.cpp, line 520]
Event: 261.205 Thread 0x00000000247631b0 Exception <a 'java/net/ConnectException'{0x0000000612404208}> (0x0000000612404208) 
thrown [./src/hotspot/share/prims/jni.cpp, line 520]
Event: 271.207 Thread 0x00000000247631b0 Exception <a 'java/net/ConnectException'{0x00000006125aebf0}> (0x00000006125aebf0) 
thrown [./src/hotspot/share/prims/jni.cpp, line 520]
Event: 281.212 Thread 0x00000000247631b0 Exception <a 'java/net/ConnectException'{0x00000006126ed860}> (0x00000006126ed860) 
thrown [./src/hotspot/share/prims/jni.cpp, line 520]
Event: 291.215 Thread 0x00000000247631b0 Exception <a 'java/net/ConnectException'{0x00000006120cdef8}> (0x00000006120cdef8) 
thrown [./src/hotspot/share/prims/jni.cpp, line 520]
Event: 301.220 Thread 0x00000000247631b0 Exception <a 'java/net/ConnectException'{0x0000000612294568}> (0x0000000612294568) 
thrown [./src/hotspot/share/prims/jni.cpp, line 520]
Event: 311.222 Thread 0x00000000247631b0 Exception <a 'java/net/ConnectException'{0x0000000611c69f10}> (0x0000000611c69f10) 
thrown [./src/hotspot/share/prims/jni.cpp, line 520]
Event: 321.226 Thread 0x00000000247631b0 Exception <a 'java/net/ConnectException'{0x0000000611df63e0}> (0x0000000611df63e0) 
thrown [./src/hotspot/share/prims/jni.cpp, line 520]
Event: 331.229 Thread 0x00000000247631b0 Exception <a 'java/net/ConnectException'{0x0000000611f980d8}> (0x0000000611f980d8) 
thrown [./src/hotspot/share/prims/jni.cpp, line 520]
Event: 341.233 Thread 0x00000000247631b0 Exception <a 'java/net/ConnectException'{0x0000000611979a48}> (0x0000000611979a48) 
thrown [./src/hotspot/share/prims/jni.cpp, line 520]
Event: 351.236 Thread 0x00000000247631b0 Exception <a 'java/net/ConnectException'{0x0000000611ac1b48}> (0x0000000611ac1b48) 
thrown [./src/hotspot/share/prims/jni.cpp, line 520]
Event: 361.239 Thread 0x00000000247631b0 Exception <a 'java/net/ConnectException'{0x0000000611458938}> (0x0000000611458938) 
thrown [./src/hotspot/share/prims/jni.cpp, line 520]
Event: 371.242 Thread 0x00000000247631b0 Exception <a 'java/net/ConnectException'{0x000000061164df58}> (0x000000061164df58) 
thrown [./src/hotspot/share/prims/jni.cpp, line 520]
Event: 381.246 Thread 0x00000000247631b0 Exception <a 'java/net/ConnectException'{0x00000006117d5fb8}> (0x00000006117d5fb8) 
thrown [./src/hotspot/share/prims/jni.cpp, line 520]
Event: 391.249 Thread 0x00000000247631b0 Exception <a 'java/net/ConnectException'{0x0000000612a13360}> (0x0000000612a13360) 
thrown [./src/hotspot/share/prims/jni.cpp, line 520]
Event: 397.911 Thread 0x00000000247ac640 Implicit null exception at 0x00007e6af8547c16 to 0x00007e6af8548166
Event: 397.913 Thread 0x00000000247ac640 Implicit null exception at 0x00007e6af85974d8 to 0x00007e6af85978d8

ZGC Phase Switch (0 events):
No events

VM Operations (20 events):
Event: 300.198 Executing non-safepoint VM operation: HandshakeAllThreads (HandshakeForDeflation)
Event: 300.199 Executing non-safepoint VM operation: HandshakeAllThreads (HandshakeForDeflation) done
Event: 300.199 Executing non-safepoint VM operation: RendezvousGCThreads
Event: 300.199 Executing non-safepoint VM operation: RendezvousGCThreads done
Event: 360.223 Executing non-safepoint VM operation: HandshakeAllThreads (HandshakeForDeflation)
Event: 360.223 Executing non-safepoint VM operation: HandshakeAllThreads (HandshakeForDeflation) done
Event: 360.223 Executing non-safepoint VM operation: RendezvousGCThreads
Event: 360.223 Executing non-safepoint VM operation: RendezvousGCThreads done
Event: 371.225 Executing safepoint VM operation: Cleanup
Event: 371.225 Executing safepoint VM operation: Cleanup done
Event: 381.449 Executing safepoint VM operation: G1CollectForAllocation (G1 Evacuation Pause)
Event: 381.451 Executing safepoint VM operation: G1CollectForAllocation (G1 Evacuation Pause) done
Event: 398.454 Executing safepoint VM operation: Cleanup
Event: 398.454 Executing safepoint VM operation: Cleanup done
Event: 401.006 Executing non-safepoint VM operation: HandshakeAllThreads (Deoptimize)
Event: 401.006 Executing non-safepoint VM operation: HandshakeAllThreads (Deoptimize) done
Event: 401.006 Executing safepoint VM operation: Cleanup
Event: 401.006 Executing safepoint VM operation: Cleanup done
Event: 401.008 Executing safepoint VM operation: ThreadDump
Event: 401.020 Executing safepoint VM operation: ThreadDump done

Memory protections (20 events):
Event: 16.564 Protecting memory [0x00007e69b6fff000,0x00007e69b7003000] with protection modes 0
Event: 16.713 Protecting memory [0x00007e69b5ffd000,0x00007e69b6001000] with protection modes 0
Event: 17.629 Protecting memory [0x00007e69b67fe000,0x00007e69b6802000] with protection modes 0
Event: 18.020 Protecting memory [0x00007e69b7800000,0x00007e69b7804000] with protection modes 0
Event: 21.526 Protecting memory [0x00007e69b57fc000,0x00007e69b5800000] with protection modes 0
Event: 22.018 Protecting memory [0x00007e6b0ceec000,0x00007e6b0cef0000] with protection modes 0
Event: 64.630 Protecting memory [0x00007e6b0ceec000,0x00007e6b0cef0000] with protection modes 0
Event: 64.630 Protecting memory [0x00007e6b0c7ea000,0x00007e6b0c7ee000] with protection modes 0
Event: 64.630 Protecting memory [0x00007e6b0cdec000,0x00007e6b0cdf0000] with protection modes 0
Event: 85.513 Protecting memory [0x00007e6b0ceec000,0x00007e6b0cef0000] with protection modes 0
Event: 85.513 Protecting memory [0x00007e6b0c7ea000,0x00007e6b0c7ee000] with protection modes 0
Event: 98.923 Protecting memory [0x00007e6b0ceec000,0x00007e6b0cef0000] with protection modes 0
Event: 192.684 Protecting memory [0x00007e6b0ceec000,0x00007e6b0cef0000] with protection modes 0
Event: 192.685 Protecting memory [0x00007e6b0c7ea000,0x00007e6b0c7ee000] with protection modes 0
Event: 192.685 Protecting memory [0x00007e6b0cdec000,0x00007e6b0cdf0000] with protection modes 0
Event: 401.001 Protecting memory [0x00007e6b0ceec000,0x00007e6b0cef0000] with protection modes 0
Event: 401.001 Protecting memory [0x00007e6b0c7ea000,0x00007e6b0c7ee000] with protection modes 0
Event: 401.001 Protecting memory [0x00007e6b0cdec000,0x00007e6b0cdf0000] with protection modes 0
Event: 401.002 Protecting memory [0x00007e6b0cbec000,0x00007e6b0cbf0000] with protection modes 0
Event: 401.003 Protecting memory [0x00007e6b0cdec000,0x00007e6b0cdf0000] with protection modes 0

Nmethod flushes (20 events):
Event: 0.737 Thread 0x0000000023d2bf50 flushing  nmethod 0x00007e6af082e190
Event: 0.737 Thread 0x0000000023d2bf50 flushing  nmethod 0x00007e6af084cf10
Event: 0.737 Thread 0x0000000023d2bf50 flushing  nmethod 0x00007e6af084d510
Event: 0.737 Thread 0x0000000023d2bf50 flushing  nmethod 0x00007e6af084f010
Event: 0.737 Thread 0x0000000023d2bf50 flushing  nmethod 0x00007e6af0850f90
Event: 0.737 Thread 0x0000000023d2bf50 flushing  nmethod 0x00007e6af0860c10
Event: 0.737 Thread 0x0000000023d2bf50 flushing  nmethod 0x00007e6af0860f90
Event: 0.737 Thread 0x0000000023d2bf50 flushing  nmethod 0x00007e6af086f090
Event: 0.737 Thread 0x0000000023d2bf50 flushing  nmethod 0x00007e6af0870b90
Event: 0.737 Thread 0x0000000023d2bf50 flushing  nmethod 0x00007e6af088dc10
Event: 0.737 Thread 0x0000000023d2bf50 flushing  nmethod 0x00007e6af08cbf10
Event: 0.737 Thread 0x0000000023d2bf50 flushing  nmethod 0x00007e6af08f2290
Event: 0.737 Thread 0x0000000023d2bf50 flushing  nmethod 0x00007e6af08f4810
Event: 0.737 Thread 0x0000000023d2bf50 flushing  nmethod 0x00007e6af08f6390
Event: 0.737 Thread 0x0000000023d2bf50 flushing  nmethod 0x00007e6af08f7490
Event: 0.737 Thread 0x0000000023d2bf50 flushing  nmethod 0x00007e6af0900310
Event: 0.737 Thread 0x0000000023d2bf50 flushing  nmethod 0x00007e6af0900810
Event: 0.737 Thread 0x0000000023d2bf50 flushing  nmethod 0x00007e6af0921190
Event: 0.737 Thread 0x0000000023d2bf50 flushing  nmethod 0x00007e6af093bc90
Event: 0.737 Thread 0x0000000023d2bf50 flushing  nmethod 0x00007e6af098d790

Events (20 events):
Event: 192.684 Thread 0x00000000240e3ac0 Thread added: 0x00007e6a601bcf90
Event: 192.685 Thread 0x00000000240e3ac0 Thread added: 0x00007e6a601bdd60
Event: 194.578 Thread 0x00007e6a601bdd60 Thread exited: 0x00007e6a601bdd60
Event: 198.389 Thread 0x00007e6a601bcf90 Thread exited: 0x00007e6a601bcf90
Event: 199.682 Thread 0x00007e6a601bc2a0 Thread exited: 0x00007e6a601bc2a0
Event: 401.001 Thread 0x00000000240dd9e0 Thread added: 0x00007e6a70009110
Event: 401.001 Thread 0x00007e6a70009110 Thread added: 0x00007e699c003530
Event: 401.001 Thread 0x00007e6a70009110 Thread added: 0x00007e699c004630
Event: 401.002 Thread 0x00007e6a70009110 Thread added: 0x00007e699c005320
Event: 401.002 Thread 0x00007e699c004630 Thread exited: 0x00007e699c004630
Event: 401.003 Thread 0x00007e699c003530 Thread added: 0x00007e699400a140
Event: 401.004 Thread 0x00000000247631b0 Thread exited: 0x00000000247631b0
Event: 401.007 Thread 0x0000000024785470 Thread exited: 0x0000000024785470
Event: 401.008 Thread 0x00000000247ac640 Thread exited: 0x00000000247ac640
Event: 401.021 Thread 0x0000000024784490 Thread exited: 0x0000000024784490
Event: 401.021 Thread 0x0000000024775410 Thread exited: 0x0000000024775410
Event: 401.021 Thread 0x00000000247ab810 Thread exited: 0x00000000247ab810
Event: 401.022 Thread 0x00000000241891c0 Thread exited: 0x00000000241891c0
Event: 401.024 Thread 0x00007e699400a140 Thread exited: 0x00007e699400a140
Event: 401.024 Thread 0x00007e699c003530 Thread exited: 0x00007e699c003530


Dynamic libraries:
00400000-00420000 r--p 00000000 103:06 392828                            /usr/bin/python3.12
00420000-00703000 r-xp 00020000 103:06 392828                            /usr/bin/python3.12
00703000-00a27000 r--p 00303000 103:06 392828                            /usr/bin/python3.12
00a27000-00a28000 r--p 00627000 103:06 392828                            /usr/bin/python3.12
00a28000-00ba6000 rw-p 00628000 103:06 392828                            /usr/bin/python3.12
00ba6000-00baa000 rw-p 00000000 00:00 0 
230dc000-24975000 rw-p 00000000 00:00 0                                  [heap]
60f400000-612c00000 rw-p 00000000 00:00 0 
612c00000-800000000 ---p 00000000 00:00 0 
7e698c000000-7e698c027000 rw-p 00000000 00:00 0 
7e698c027000-7e6990000000 ---p 00000000 00:00 0 
7e6994000000-7e6994021000 rw-p 00000000 00:00 0 
7e6994021000-7e6998000000 ---p 00000000 00:00 0 
7e6998000000-7e6998021000 rw-p 00000000 00:00 0 
7e6998021000-7e699c000000 ---p 00000000 00:00 0 
7e699c000000-7e699d1ac000 rw-p 00000000 00:00 0 
7e699d1ac000-7e69a0000000 ---p 00000000 00:00 0 
7e69a0000000-7e69a0718000 rw-p 00000000 00:00 0 
7e69a0718000-7e69a4000000 ---p 00000000 00:00 0 
7e69a4000000-7e69a4021000 rw-p 00000000 00:00 0 
7e69a4021000-7e69a8000000 ---p 00000000 00:00 0 
7e69a8000000-7e69a8021000 rw-p 00000000 00:00 0 
7e69a8021000-7e69ac000000 ---p 00000000 00:00 0 
7e69ac000000-7e69ac021000 rw-p 00000000 00:00 0 
7e69ac021000-7e69b0000000 ---p 00000000 00:00 0 
7e69b0000000-7e69b0021000 rw-p 00000000 00:00 0 
7e69b0021000-7e69b4000000 ---p 00000000 00:00 0 
7e69b57fb000-7e69b57fc000 ---p 00000000 00:00 0 
7e69b57fc000-7e69b5800000 ---p 00000000 00:00 0 
7e69b5800000-7e69b5ffc000 rw-p 00000000 00:00 0 
7e69b5ffc000-7e69b5ffd000 ---p 00000000 00:00 0 
7e69b5ffd000-7e69b6001000 ---p 00000000 00:00 0 
7e69b6001000-7e69b67fd000 rw-p 00000000 00:00 0 
7e69b67fd000-7e69b67fe000 ---p 00000000 00:00 0 
7e69b67fe000-7e69b6802000 ---p 00000000 00:00 0 
7e69b6802000-7e69b6ffe000 rw-p 00000000 00:00 0 
7e69b6ffe000-7e69b6fff000 ---p 00000000 00:00 0 
7e69b6fff000-7e69b7003000 ---p 00000000 00:00 0 
7e69b7003000-7e69b77ff000 rw-p 00000000 00:00 0 
7e69b77ff000-7e69b7800000 ---p 00000000 00:00 0 
7e69b7800000-7e69b7804000 ---p 00000000 00:00 0 
7e69b7804000-7e69b8000000 rw-p 00000000 00:00 0 
7e69b8000000-7e69b8021000 rw-p 00000000 00:00 0 
7e69b8021000-7e69bc000000 ---p 00000000 00:00 0 
7e69bc000000-7e69bc021000 rw-p 00000000 00:00 0 
7e69bc021000-7e69c0000000 ---p 00000000 00:00 0 
7e69c0000000-7e69c0021000 rw-p 00000000 00:00 0 
7e69c0021000-7e69c4000000 ---p 00000000 00:00 0 
7e69c4000000-7e69c402f000 rw-p 00000000 00:00 0 
7e69c402f000-7e69c8000000 ---p 00000000 00:00 0 
7e69c8000000-7e69c8021000 rw-p 00000000 00:00 0 
7e69c8021000-7e69cc000000 ---p 00000000 00:00 0 
7e69cc000000-7e69cc021000 rw-p 00000000 00:00 0 
7e69cc021000-7e69d0000000 ---p 00000000 00:00 0 
7e69d0000000-7e69d0021000 rw-p 00000000 00:00 0 
7e69d0021000-7e69d4000000 ---p 00000000 00:00 0 
7e69d4000000-7e69d4021000 rw-p 00000000 00:00 0 
7e69d4021000-7e69d8000000 ---p 00000000 00:00 0 
7e69d8000000-7e69d8021000 rw-p 00000000 00:00 0 
7e69d8021000-7e69dc000000 ---p 00000000 00:00 0 
7e69dc000000-7e69dc021000 rw-p 00000000 00:00 0 
7e69dc021000-7e69e0000000 ---p 00000000 00:00 0 
7e69e0000000-7e69e0021000 rw-p 00000000 00:00 0 
7e69e0021000-7e69e4000000 ---p 00000000 00:00 0 
7e69e4000000-7e69e4021000 rw-p 00000000 00:00 0 
7e69e4021000-7e69e8000000 ---p 00000000 00:00 0 
7e69e8000000-7e69e8021000 rw-p 00000000 00:00 0 
7e69e8021000-7e69ec000000 ---p 00000000 00:00 0 
7e69ec000000-7e69ec4ce000 rw-p 00000000 00:00 0 
7e69ec4ce000-7e69f0000000 ---p 00000000 00:00 0 
7e69f0000000-7e69f0021000 rw-p 00000000 00:00 0 
7e69f0021000-7e69f4000000 ---p 00000000 00:00 0 
7e69f47f9000-7e69f47fa000 ---p 00000000 00:00 0 
7e69f47fa000-7e69f47fe000 ---p 00000000 00:00 0 
7e69f47fe000-7e69f4ffa000 rw-p 00000000 00:00 0 
7e69f4ffa000-7e69f4ffb000 ---p 00000000 00:00 0 
7e69f4ffb000-7e69f4fff000 ---p 00000000 00:00 0 
7e69f4fff000-7e69f57fb000 rw-p 00000000 00:00 0 
7e69f57fb000-7e69f57fc000 ---p 00000000 00:00 0 
7e69f57fc000-7e69f5800000 ---p 00000000 00:00 0 
7e69f5800000-7e69f5ffc000 rw-p 00000000 00:00 0 
7e69f5ffc000-7e69f5ffd000 ---p 00000000 00:00 0 
7e69f5ffd000-7e69f6001000 ---p 00000000 00:00 0 
7e69f6001000-7e69f67fd000 rw-p 00000000 00:00 0 
7e69f67fd000-7e69f67fe000 ---p 00000000 00:00 0 
7e69f67fe000-7e69f6802000 ---p 00000000 00:00 0 
7e69f6802000-7e69f6ffe000 rw-p 00000000 00:00 0 
7e69f6ffe000-7e69f6fff000 ---p 00000000 00:00 0 
7e69f6fff000-7e69f7003000 ---p 00000000 00:00 0 
7e69f7003000-7e69f77ff000 rw-p 00000000 00:00 0 
7e69f77ff000-7e69f7800000 ---p 00000000 00:00 0 
7e69f7800000-7e69f7804000 ---p 00000000 00:00 0 
7e69f7804000-7e69f8000000 rw-p 00000000 00:00 0 
7e69f8000000-7e69f8021000 rw-p 00000000 00:00 0 
7e69f8021000-7e69fc000000 ---p 00000000 00:00 0 
7e69fc000000-7e69fc021000 rw-p 00000000 00:00 0 
7e69fc021000-7e6a00000000 ---p 00000000 00:00 0 
7e6a00000000-7e6a00021000 rw-p 00000000 00:00 0 
7e6a00021000-7e6a04000000 ---p 00000000 00:00 0 
7e6a04000000-7e6a04021000 rw-p 00000000 00:00 0 
7e6a04021000-7e6a08000000 ---p 00000000 00:00 0 
7e6a08000000-7e6a08021000 rw-p 00000000 00:00 0 
7e6a08021000-7e6a0c000000 ---p 00000000 00:00 0 
7e6a0c000000-7e6a0c021000 rw-p 00000000 00:00 0 
7e6a0c021000-7e6a10000000 ---p 00000000 00:00 0 
7e6a10000000-7e6a10021000 rw-p 00000000 00:00 0 
7e6a10021000-7e6a14000000 ---p 00000000 00:00 0 
7e6a14000000-7e6a1405e000 rw-p 00000000 00:00 0 
7e6a1405e000-7e6a18000000 ---p 00000000 00:00 0 
7e6a18000000-7e6a18037000 rw-p 00000000 00:00 0 
7e6a18037000-7e6a1c000000 ---p 00000000 00:00 0 
7e6a1c000000-7e6a1c021000 rw-p 00000000 00:00 0 
7e6a1c021000-7e6a20000000 ---p 00000000 00:00 0 
7e6a20000000-7e6a20021000 rw-p 00000000 00:00 0 
7e6a20021000-7e6a24000000 ---p 00000000 00:00 0 
7e6a24000000-7e6a24021000 rw-p 00000000 00:00 0 
7e6a24021000-7e6a28000000 ---p 00000000 00:00 0 
7e6a28000000-7e6a28021000 rw-p 00000000 00:00 0 
7e6a28021000-7e6a2c000000 ---p 00000000 00:00 0 
7e6a2c000000-7e6a2c021000 rw-p 00000000 00:00 0 
7e6a2c021000-7e6a30000000 ---p 00000000 00:00 0 
7e6a30000000-7e6a30021000 rw-p 00000000 00:00 0 
7e6a30021000-7e6a34000000 ---p 00000000 00:00 0 
7e6a34000000-7e6a34021000 rw-p 00000000 00:00 0 
7e6a34021000-7e6a38000000 ---p 00000000 00:00 0 
7e6a38000000-7e6a383ba000 rw-p 00000000 00:00 0 
7e6a383ba000-7e6a3c000000 ---p 00000000 00:00 0 
7e6a3c000000-7e6a3cc9c000 rw-p 00000000 00:00 0 
7e6a3cc9c000-7e6a40000000 ---p 00000000 00:00 0 
7e6a40000000-7e6a40021000 rw-p 00000000 00:00 0 
7e6a40021000-7e6a44000000 ---p 00000000 00:00 0 
7e6a44000000-7e6a44021000 rw-p 00000000 00:00 0 
7e6a44021000-7e6a48000000 ---p 00000000 00:00 0 
7e6a48000000-7e6a4907b000 rw-p 00000000 00:00 0 
7e6a4907b000-7e6a4c000000 ---p 00000000 00:00 0 
7e6a4c000000-7e6a4c021000 rw-p 00000000 00:00 0 
7e6a4c021000-7e6a50000000 ---p 00000000 00:00 0 
7e6a50000000-7e6a50513000 rw-p 00000000 00:00 0 
7e6a50513000-7e6a54000000 ---p 00000000 00:00 0 
7e6a54000000-7e6a54991000 rw-p 00000000 00:00 0 
7e6a54991000-7e6a58000000 ---p 00000000 00:00 0 
7e6a58000000-7e6a58021000 rw-p 00000000 00:00 0 
7e6a58021000-7e6a5c000000 ---p 00000000 00:00 0 
7e6a5c000000-7e6a5c2c5000 rw-p 00000000 00:00 0 
7e6a5c2c5000-7e6a60000000 ---p 00000000 00:00 0 
7e6a60000000-7e6a60422000 rw-p 00000000 00:00 0 
7e6a60422000-7e6a64000000 ---p 00000000 00:00 0 
7e6a64000000-7e6a64021000 rw-p 00000000 00:00 0 
7e6a64021000-7e6a68000000 ---p 00000000 00:00 0 
7e6a68000000-7e6a68021000 rw-p 00000000 00:00 0 
7e6a68021000-7e6a6c000000 ---p 00000000 00:00 0 
7e6a6c000000-7e6a6eae6000 rw-p 00000000 00:00 0 
7e6a6eae6000-7e6a70000000 ---p 00000000 00:00 0 
7e6a70000000-7e6a70021000 rw-p 00000000 00:00 0 
7e6a70021000-7e6a74000000 ---p 00000000 00:00 0 
7e6a74000000-7e6a74021000 rw-p 00000000 00:00 0 
7e6a74021000-7e6a78000000 ---p 00000000 00:00 0 
7e6a78000000-7e6a78021000 rw-p 00000000 00:00 0 
7e6a78021000-7e6a7c000000 ---p 00000000 00:00 0 
7e6a7c000000-7e6a7c021000 rw-p 00000000 00:00 0 
7e6a7c021000-7e6a80000000 ---p 00000000 00:00 0 
7e6a80000000-7e6a81237000 rw-p 00000000 00:00 0 
7e6a81237000-7e6a84000000 ---p 00000000 00:00 0 
7e6a847fb000-7e6a847fc000 ---p 00000000 00:00 0 
7e6a847fc000-7e6a84800000 ---p 00000000 00:00 0 
7e6a84800000-7e6a84ffc000 rw-p 00000000 00:00 0 
7e6a84ffc000-7e6a84ffd000 ---p 00000000 00:00 0 
7e6a84ffd000-7e6a85001000 ---p 00000000 00:00 0 
7e6a85001000-7e6a857fd000 rw-p 00000000 00:00 0 
7e6a857fd000-7e6a857fe000 ---p 00000000 00:00 0 
7e6a857fe000-7e6a85802000 ---p 00000000 00:00 0 
7e6a85802000-7e6a85ffe000 rw-p 00000000 00:00 0 
7e6a85ffe000-7e6a85fff000 ---p 00000000 00:00 0 
7e6a85fff000-7e6a86003000 ---p 00000000 00:00 0 
7e6a86003000-7e6a867ff000 rw-p 00000000 00:00 0 
7e6a867ff000-7e6a86800000 ---p 00000000 00:00 0 
7e6a86800000-7e6a86804000 ---p 00000000 00:00 0 
7e6a86804000-7e6a87000000 rw-p 00000000 00:00 0 
7e6a87000000-7e6a87400000 rw-p 00000000 00:00 0 
7e6a87400000-7e6a87700000 rw-p 00000000 00:00 0 
7e6a87700000-7e6a87800000 rw-p 00000000 00:00 0 
7e6a87800000-7e6a87980000 rw-p 00000000 00:00 0 
7e6a87980000-7e6a87a00000 rw-p 00000000 00:00 0 
7e6a87a00000-7e6a87b00000 rw-p 00000000 00:00 0 
7e6a87b00000-7e6a87b20000 rw-p 00000000 00:00 0 
7e6a87b20000-7e6a87c00000 ---p 00000000 00:00 0 
7e6a87c00000-7e6a87c30000 rw-p 00000000 00:00 0 
7e6a87c30000-7e6a8b000000 ---p 00000000 00:00 0 
7e6a8b000000-7e6a8bc9c000 rw-p 00001000 103:06 786627                    /usr/lib/jvm/java-21-openjdk-amd64/lib/server/classes.jsa
7e6a8bc9c000-7e6a8c000000 ---p 00000000 00:00 0 
7e6a8c000000-7e6a8c040000 rw-p 00000000 00:00 0 
7e6a8c040000-7e6a8c0c0000 rw-p 00000000 00:00 0 
7e6a8c0c0000-7e6a8c140000 rw-p 00000000 00:00 0 
7e6a8c140000-7e6a8c150000 rw-p 00000000 00:00 0 
7e6a8c150000-7e6a8c180000 ---p 00000000 00:00 0 
7e6a8c180000-7e6a8c1a0000 rw-p 00000000 00:00 0 
7e6a8c1a0000-7e6acc000000 ---p 00000000 00:00 0 
7e6acc000000-7e6acc021000 rw-p 00000000 00:00 0 
7e6acc021000-7e6ad0000000 ---p 00000000 00:00 0 
7e6ad0000000-7e6ad0021000 rw-p 00000000 00:00 0 
7e6ad0021000-7e6ad4000000 ---p 00000000 00:00 0 
7e6ad4000000-7e6ad4021000 rw-p 00000000 00:00 0 
7e6ad4021000-7e6ad8000000 ---p 00000000 00:00 0 
7e6ad84fa000-7e6ad84fb000 ---p 00000000 00:00 0 
7e6ad84fb000-7e6ad85fb000 rw-p 00000000 00:00 0 
7e6ad85fb000-7e6ad85fc000 ---p 00000000 00:00 0 
7e6ad85fc000-7e6ad86fc000 rw-p 00000000 00:00 0 
7e6ad86fc000-7e6ad86fd000 ---p 00000000 00:00 0 
7e6ad86fd000-7e6ad87fd000 rw-p 00000000 00:00 0 
7e6ad87fd000-7e6ad87fe000 ---p 00000000 00:00 0 
7e6ad87fe000-7e6ad8802000 ---p 00000000 00:00 0 
7e6ad8802000-7e6ad8ffe000 rw-p 00000000 00:00 0 
7e6ad8ffe000-7e6ad8fff000 ---p 00000000 00:00 0 
7e6ad8fff000-7e6ad9003000 ---p 00000000 00:00 0 
7e6ad9003000-7e6ad97ff000 rw-p 00000000 00:00 0 
7e6ad97ff000-7e6ad9800000 ---p 00000000 00:00 0 
7e6ad9800000-7e6ad9804000 ---p 00000000 00:00 0 
7e6ad9804000-7e6ada000000 rw-p 00000000 00:00 0 
7e6ada000000-7e6adc021000 rw-p 00000000 00:00 0 
7e6adc021000-7e6ae0000000 ---p 00000000 00:00 0 
7e6ae0000000-7e6ae0021000 rw-p 00000000 00:00 0 
7e6ae0021000-7e6ae4000000 ---p 00000000 00:00 0 
7e6ae4000000-7e6ae4021000 rw-p 00000000 00:00 0 
7e6ae4021000-7e6ae8000000 ---p 00000000 00:00 0 
7e6ae80ca000-7e6ae80cb000 ---p 00000000 00:00 0 
7e6ae80cb000-7e6ae81cb000 rw-p 00000000 00:00 0 
7e6ae81cb000-7e6ae81cc000 ---p 00000000 00:00 0 
7e6ae81cc000-7e6ae82cc000 rw-p 00000000 00:00 0 
7e6ae82cc000-7e6ae82cd000 ---p 00000000 00:00 0 
7e6ae82cd000-7e6ae83cd000 rw-p 00000000 00:00 0 
7e6ae83cd000-7e6ae83ce000 ---p 00000000 00:00 0 
7e6ae83ce000-7e6ae84ce000 rw-p 00000000 00:00 0 
7e6ae84ce000-7e6ae84cf000 ---p 00000000 00:00 0 
7e6ae84cf000-7e6ae85cf000 rw-p 00000000 00:00 0 
7e6ae85cf000-7e6ae85d0000 ---p 00000000 00:00 0 
7e6ae85d0000-7e6ae86d0000 rw-p 00000000 00:00 0 
7e6ae86d0000-7e6ae87d0000 rw-p 00000000 00:00 0 
7e6ae87d0000-7e6ae87d4000 ---p 00000000 00:00 0 
7e6ae87d4000-7e6ae88d0000 rw-p 00000000 00:00 0 
7e6ae88d0000-7e6ae88d4000 ---p 00000000 00:00 0 
7e6ae88d4000-7e6ae89d0000 rw-p 00000000 00:00 0 
7e6ae89d0000-7e6ae89d4000 ---p 00000000 00:00 0 
7e6ae89d4000-7e6ae8ad0000 rw-p 00000000 00:00 0 
7e6ae8ad0000-7e6ae8ad4000 ---p 00000000 00:00 0 
7e6ae8ad4000-7e6ae8bd0000 rw-p 00000000 00:00 0 
7e6ae8bd0000-7e6ae8cb0000 rw-p 00000000 00:00 0 
7e6ae8cb0000-7e6af0800000 ---p 00000000 00:00 0 
7e6af0800000-7e6af0df0000 rwxp 00000000 00:00 0 
7e6af0df0000-7e6af7c5f000 ---p 00000000 00:00 0 
7e6af7c5f000-7e6af7f8f000 rwxp 00000000 00:00 0 
7e6af7f8f000-7e6af83a0000 ---p 00000000 00:00 0 
7e6af83a0000-7e6af8610000 rwxp 00000000 00:00 0 
7e6af8610000-7e6aff800000 ---p 00000000 00:00 0 
7e6aff800000-7e6b07e3e000 r--s 00000000 103:06 786626                    /usr/lib/jvm/java-21-openjdk-amd64/lib/modules
7e6b07f00000-7e6b07f04000 ---p 00000000 00:00 0 
7e6b07f04000-7e6b08000000 rw-p 00000000 00:00 0 
7e6b08000000-7e6b08021000 rw-p 00000000 00:00 0 
7e6b08021000-7e6b0c000000 ---p 00000000 00:00 0 
7e6b0c0e7000-7e6b0c0eb000 ---p 00000000 00:00 0 
7e6b0c0eb000-7e6b0c1e7000 rw-p 00000000 00:00 0 
7e6b0c1e7000-7e6b0c1eb000 ---p 00000000 00:00 0 
7e6b0c1eb000-7e6b0c2e7000 rw-p 00000000 00:00 0 
7e6b0c2e7000-7e6b0c2eb000 ---p 00000000 00:00 0 
7e6b0c2eb000-7e6b0c3e7000 rw-p 00000000 00:00 0 
7e6b0c3e7000-7e6b0c3e8000 ---p 00000000 00:00 0 
7e6b0c3e8000-7e6b0c4e8000 rw-p 00000000 00:00 0 
7e6b0c4e8000-7e6b0c4e9000 ---p 00000000 00:00 0 
7e6b0c4e9000-7e6b0c5e9000 rw-p 00000000 00:00 0 
7e6b0c5e9000-7e6b0c5ea000 ---p 00000000 00:00 0 
7e6b0c5ea000-7e6b0c6ea000 rw-p 00000000 00:00 0 
7e6b0c6ea000-7e6b0c6ee000 ---p 00000000 00:00 0 
7e6b0c6ee000-7e6b0c7ea000 rw-p 00000000 00:00 0 
7e6b0c7ea000-7e6b0c7ee000 ---p 00000000 00:00 0 
7e6b0c7ee000-7e6b0c8ea000 rw-p 00000000 00:00 0 
7e6b0c8ea000-7e6b0c8eb000 ---p 00000000 00:00 0 
7e6b0c8eb000-7e6b0c9eb000 rw-p 00000000 00:00 0 
7e6b0c9eb000-7e6b0c9ec000 ---p 00000000 00:00 0 
7e6b0c9ec000-7e6b0caec000 rw-p 00000000 00:00 0 
7e6b0caec000-7e6b0caf0000 ---p 00000000 00:00 0 
7e6b0caf0000-7e6b0cbec000 rw-p 00000000 00:00 0 
7e6b0cbec000-7e6b0cbf0000 ---p 00000000 00:00 0 
7e6b0cbf0000-7e6b0ccec000 rw-p 00000000 00:00 0 
7e6b0ccec000-7e6b0ccf0000 ---p 00000000 00:00 0 
7e6b0ccf0000-7e6b0cdec000 rw-p 00000000 00:00 0 
7e6b0cdec000-7e6b0cdf0000 ---p 00000000 00:00 0 
7e6b0cdf0000-7e6b0ceec000 rw-p 00000000 00:00 0 
7e6b0ceec000-7e6b0cef0000 ---p 00000000 00:00 0 
7e6b0cef0000-7e6b0cfec000 rw-p 00000000 00:00 0 
7e6b0cfec000-7e6b0cff0000 ---p 00000000 00:00 0 
7e6b0cff0000-7e6b0d0ec000 rw-p 00000000 00:00 0 
7e6b0d0ec000-7e6b0d0f0000 ---p 00000000 00:00 0 
7e6b0d0f0000-7e6b0d1ec000 rw-p 00000000 00:00 0 
7e6b0d1ec000-7e6b0d1f0000 ---p 00000000 00:00 0 
7e6b0d1f0000-7e6b0d2ec000 rw-p 00000000 00:00 0 
7e6b0d2ec000-7e6b0d2f0000 ---p 00000000 00:00 0 
7e6b0d2f0000-7e6b0d3ec000 rw-p 00000000 00:00 0 
7e6b0d3ec000-7e6b0d3f0000 ---p 00000000 00:00 0 
7e6b0d3f0000-7e6b0d4ec000 rw-p 00000000 00:00 0 
7e6b0d4ec000-7e6b0d4f0000 ---p 00000000 00:00 0 
7e6b0d4f0000-7e6b0d5ec000 rw-p 00000000 00:00 0 
7e6b0d5ec000-7e6b0d5f0000 ---p 00000000 00:00 0 
7e6b0d5f0000-7e6b0d6ec000 rw-p 00000000 00:00 0 
7e6b0d6ec000-7e6b0d6f0000 ---p 00000000 00:00 0 
7e6b0d6f0000-7e6b0d7ec000 rw-p 00000000 00:00 0 
7e6b0d7ec000-7e6b0d7f0000 ---p 00000000 00:00 0 
7e6b0d7f0000-7e6b0d8ec000 rw-p 00000000 00:00 0 
7e6b0d8ec000-7e6b0d8ed000 ---p 00000000 00:00 0 
7e6b0d8ed000-7e6b0d9ed000 rw-p 00000000 00:00 0 
7e6b0d9ed000-7e6b0d9ee000 ---p 00000000 00:00 0 
7e6b0d9ee000-7e6b0daee000 rw-p 00000000 00:00 0 
7e6b0daee000-7e6b0daef000 ---p 00000000 00:00 0 
7e6b0daef000-7e6b0dbef000 rw-p 00000000 00:00 0 
7e6b0dbef000-7e6b0dbf0000 ---p 00000000 00:00 0 
7e6b0dbf0000-7e6b0dcf0000 rw-p 00000000 00:00 0 
7e6b0dcf0000-7e6b0e110000 rw-p 00000000 00:00 0 
7e6b0e110000-7e6b0f07a000 ---p 00000000 00:00 0 
7e6b0f07a000-7e6b0f096000 rw-p 00000000 00:00 0 
7e6b0f096000-7e6b10000000 ---p 00000000 00:00 0 
7e6b10000000-7e6b10021000 rw-p 00000000 00:00 0 
7e6b10021000-7e6b14000000 ---p 00000000 00:00 0 
7e6b14000000-7e6b14021000 rw-p 00000000 00:00 0 
7e6b14021000-7e6b18000000 ---p 00000000 00:00 0 
7e6b18000000-7e6b18021000 rw-p 00000000 00:00 0 
7e6b18021000-7e6b1c000000 ---p 00000000 00:00 0 
7e6b1c000000-7e6b1c09d000 rw-p 00000000 00:00 0 
7e6b1c09d000-7e6b20000000 ---p 00000000 00:00 0 
7e6b200f1000-7e6b20bfc000 rw-p 00000000 00:00 0 
7e6b20bfc000-7e6b20bfd000 ---p 00000000 00:00 0 
7e6b20bfd000-7e6b20cfd000 rw-p 00000000 00:00 0 
7e6b20cfd000-7e6b20cfe000 ---p 00000000 00:00 0 
7e6b20cfe000-7e6b20dfe000 rw-p 00000000 00:00 0 
7e6b20dfe000-7e6b20dff000 ---p 00000000 00:00 0 
7e6b20dff000-7e6b20eff000 rw-p 00000000 00:00 0 
7e6b20eff000-7e6b21000000 rw-p 00000000 00:00 0 
7e6b21000000-7e6b212a2000 r--p 00000000 103:06 786630                    /usr/lib/jvm/java-21-openjdk-amd64/lib/server/libjvm.so
7e6b212a2000-7e6b22118000 r-xp 002a2000 103:06 786630                    /usr/lib/jvm/java-21-openjdk-amd64/lib/server/libjvm.so
7e6b22118000-7e6b223f2000 r--p 01118000 103:06 786630                    /usr/lib/jvm/java-21-openjdk-amd64/lib/server/libjvm.so
7e6b223f2000-7e6b224c6000 r--p 013f1000 103:06 786630                    /usr/lib/jvm/java-21-openjdk-amd64/lib/server/libjvm.so
7e6b224c6000-7e6b224f6000 rw-p 014c5000 103:06 786630                    /usr/lib/jvm/java-21-openjdk-amd64/lib/server/libjvm.so
7e6b224f6000-7e6b2255c000 rw-p 00000000 00:00 0 
7e6b22600000-7e6b22717000 r--p 00000000 103:06 396680                    /usr/lib/x86_64-linux-gnu/libpython3.12.so.1.0
7e6b22717000-7e6b22a2e000 r-xp 00117000 103:06 396680                    /usr/lib/x86_64-linux-gnu/libpython3.12.so.1.0
7e6b22a2e000-7e6b22cad000 r--p 0042e000 103:06 396680                    /usr/lib/x86_64-linux-gnu/libpython3.12.so.1.0
7e6b22cad000-7e6b22d26000 r--p 006ac000 103:06 396680                    /usr/lib/x86_64-linux-gnu/libpython3.12.so.1.0
7e6b22d26000-7e6b22ea4000 rw-p 00725000 103:06 396680                    /usr/lib/x86_64-linux-gnu/libpython3.12.so.1.0
7e6b22ea4000-7e6b22ea7000 rw-p 00000000 00:00 0 
7e6b22efd000-7e6b22ffe000 rw-p 00000000 00:00 0 
7e6b22ffe000-7e6b22fff000 ---p 00000000 00:00 0 
7e6b22fff000-7e6b237ff000 rw-p 00000000 00:00 0 
7e6b237ff000-7e6b23800000 ---p 00000000 00:00 0 
7e6b23800000-7e6b24000000 rw-p 00000000 00:00 0 
7e6b24000000-7e6b24021000 rw-p 00000000 00:00 0 
7e6b24021000-7e6b28000000 ---p 00000000 00:00 0 
7e6b280f1000-7e6b285f6000 rw-p 00000000 00:00 0 
7e6b285f6000-7e6b285f7000 ---p 00000000 00:00 0 
7e6b285f7000-7e6b28df7000 rw-p 00000000 00:00 0 
7e6b28df7000-7e6b28df8000 ---p 00000000 00:00 0 
7e6b28df8000-7e6b295f8000 rw-p 00000000 00:00 0 
7e6b295f8000-7e6b295f9000 ---p 00000000 00:00 0 
7e6b295f9000-7e6b29df9000 rw-p 00000000 00:00 0 
7e6b29df9000-7e6b29dfa000 ---p 00000000 00:00 0 
7e6b29dfa000-7e6b2a5fa000 rw-p 00000000 00:00 0 
7e6b2a5fa000-7e6b2a5fb000 ---p 00000000 00:00 0 
7e6b2a5fb000-7e6b2adfb000 rw-p 00000000 00:00 0 
7e6b2adfb000-7e6b2adfc000 ---p 00000000 00:00 0 
7e6b2adfc000-7e6b2b5fc000 rw-p 00000000 00:00 0 
7e6b2b5fc000-7e6b2b5fd000 ---p 00000000 00:00 0 
7e6b2b5fd000-7e6b2bdfd000 rw-p 00000000 00:00 0 
7e6b2bdfd000-7e6b2bdfe000 ---p 00000000 00:00 0 
7e6b2bdfe000-7e6b2c5fe000 rw-p 00000000 00:00 0 
7e6b2c5fe000-7e6b2c5ff000 ---p 00000000 00:00 0 
7e6b2c5ff000-7e6b2cdff000 rw-p 00000000 00:00 0 
7e6b2cdff000-7e6b2ce00000 ---p 00000000 00:00 0 
7e6b2ce00000-7e6b2d600000 rw-p 00000000 00:00 0 
7e6b2d600000-7e6b2d779000 r--p 00000000 103:06 540457                    /opt/ros/jazzy/lib/libfastrtps.so.2.14.5
7e6b2d779000-7e6b2dd72000 r-xp 00179000 103:06 540457                    /opt/ros/jazzy/lib/libfastrtps.so.2.14.5
7e6b2dd72000-7e6b2de9c000 r--p 00772000 103:06 540457                    /opt/ros/jazzy/lib/libfastrtps.so.2.14.5
7e6b2de9c000-7e6b2deb1000 r--p 0089c000 103:06 540457                    /opt/ros/jazzy/lib/libfastrtps.so.2.14.5
7e6b2deb1000-7e6b2dec0000 rw-p 008b1000 103:06 540457                    /opt/ros/jazzy/lib/libfastrtps.so.2.14.5
7e6b2dec0000-7e6b2df2c000 rw-p 00000000 00:00 0 
7e6b2e000000-7e6b2e0b3000 r--p 00000000 103:06 396956                    /usr/lib/x86_64-linux-gnu/libcrypto.so.3
7e6b2e0b3000-7e6b2e3e7000 r-xp 000b3000 103:06 396956                    /usr/lib/x86_64-linux-gnu/libcrypto.so.3
7e6b2e3e7000-7e6b2e4b2000 r--p 003e7000 103:06 396956                    /usr/lib/x86_64-linux-gnu/libcrypto.so.3
7e6b2e4b2000-7e6b2e50e000 r--p 004b1000 103:06 396956                    /usr/lib/x86_64-linux-gnu/libcrypto.so.3
7e6b2e50e000-7e6b2e511000 rw-p 0050d000 103:06 396956                    /usr/lib/x86_64-linux-gnu/libcrypto.so.3
7e6b2e511000-7e6b2e514000 rw-p 00000000 00:00 0 
7e6b2e600000-7e6b36600000 rw-p 00000000 00:00 0 
7e6b366fc000-7e6b367fd000 rw-p 00000000 00:00 0 
7e6b367fd000-7e6b367fe000 ---p 00000000 00:00 0 
7e6b367fe000-7e6b36ffe000 rw-p 00000000 00:00 0 
7e6b36ffe000-7e6b36fff000 ---p 00000000 00:00 0 
7e6b36fff000-7e6b377ff000 rw-p 00000000 00:00 0 
7e6b377ff000-7e6b37800000 ---p 00000000 00:00 0 
7e6b37800000-7e6b38000000 rw-p 00000000 00:00 0 
7e6b38000000-7e6b3a000000 rw-p 00000000 00:00 0 
7e6b3a0fe000-7e6b3a1ff000 rw-p 00000000 00:00 0 
7e6b3a1ff000-7e6b3a200000 ---p 00000000 00:00 0 
7e6b3a200000-7e6b3aa00000 rw-p 00000000 00:00 0 
7e6b3aa00000-7e6b3ca00000 rw-p 00000000 00:00 0 
7e6b3cafe000-7e6b3cbff000 rw-p 00000000 00:00 0 
7e6b3cbff000-7e6b3cc00000 ---p 00000000 00:00 0 
7e6b3cc00000-7e6b3d400000 rw-p 00000000 00:00 0 
7e6b3d400000-7e6b3f400000 rw-p 00000000 00:00 0 
7e6b3f497000-7e6b3f4a3000 r--p 00000000 103:06 524688                    /opt/ros/jazzy/lib/libstd_msgs__rosidl_typesupport_introspection_c.so
7e6b3f4a3000-7e6b3f4a6000 r-xp 0000c000 103:06 524688                    /opt/ros/jazzy/lib/libstd_msgs__rosidl_typesupport_introspection_c.so
7e6b3f4a6000-7e6b3f4a8000 r--p 0000f000 103:06 524688                    /opt/ros/jazzy/lib/libstd_msgs__rosidl_typesupport_introspection_c.so
7e6b3f4a8000-7e6b3f4a9000 r--p 00011000 103:06 524688                    /opt/ros/jazzy/lib/libstd_msgs__rosidl_typesupport_introspection_c.so
7e6b3f4a9000-7e6b3f4ac000 rw-p 00012000 103:06 524688                    /opt/ros/jazzy/lib/libstd_msgs__rosidl_typesupport_introspection_c.so
7e6b3f4ac000-7e6b3f4b7000 r--p 00000000 103:06 525142                    /opt/ros/jazzy/lib/libgeometry_msgs__rosidl_typesupport_introspection_c.so
7e6b3f4b7000-7e6b3f4b9000 r-xp 0000b000 103:06 525142                    /opt/ros/jazzy/lib/libgeometry_msgs__rosidl_typesupport_introspection_c.so
7e6b3f4b9000-7e6b3f4bb000 r--p 0000d000 103:06 525142                    /opt/ros/jazzy/lib/libgeometry_msgs__rosidl_typesupport_introspection_c.so
7e6b3f4bb000-7e6b3f4bc000 r--p 0000e000 103:06 525142                    /opt/ros/jazzy/lib/libgeometry_msgs__rosidl_typesupport_introspection_c.so
7e6b3f4bc000-7e6b3f4bf000 rw-p 0000f000 103:06 525142                    /opt/ros/jazzy/lib/libgeometry_msgs__rosidl_typesupport_introspection_c.so
7e6b3f4bf000-7e6b3f4cb000 r--p 00000000 103:06 524581                    /opt/ros/jazzy/lib/libstd_msgs__rosidl_typesupport_fastrtps_c.so
7e6b3f4cb000-7e6b3f4d6000 r-xp 0000c000 103:06 524581                    /opt/ros/jazzy/lib/libstd_msgs__rosidl_typesupport_fastrtps_c.so
7e6b3f4d6000-7e6b3f4da000 r--p 00017000 103:06 524581                    /opt/ros/jazzy/lib/libstd_msgs__rosidl_typesupport_fastrtps_c.so
7e6b3f4da000-7e6b3f4db000 r--p 0001b000 103:06 524581                    /opt/ros/jazzy/lib/libstd_msgs__rosidl_typesupport_fastrtps_c.so
7e6b3f4db000-7e6b3f4dd000 rw-p 0001c000 103:06 524581                    /opt/ros/jazzy/lib/libstd_msgs__rosidl_typesupport_fastrtps_c.so
7e6b3f4dd000-7e6b3f4ea000 r--p 00000000 103:06 525082                    /opt/ros/jazzy/lib/libgeometry_msgs__rosidl_typesupport_fastrtps_c.so
7e6b3f4ea000-7e6b3f4f6000 r-xp 0000d000 103:06 525082                    /opt/ros/jazzy/lib/libgeometry_msgs__rosidl_typesupport_fastrtps_c.so
7e6b3f4f6000-7e6b3f4fb000 r--p 00019000 103:06 525082                    /opt/ros/jazzy/lib/libgeometry_msgs__rosidl_typesupport_fastrtps_c.so
7e6b3f4fb000-7e6b3f4fc000 r--p 0001d000 103:06 525082                    /opt/ros/jazzy/lib/libgeometry_msgs__rosidl_typesupport_fastrtps_c.so
7e6b3f4fc000-7e6b3f4fe000 rw-p 0001e000 103:06 525082                    /opt/ros/jazzy/lib/libgeometry_msgs__rosidl_typesupport_fastrtps_c.so
7e6b3f4fe000-7e6b3f5ff000 rw-p 00000000 00:00 0 
7e6b3f5ff000-7e6b3f600000 ---p 00000000 00:00 0 
7e6b3f600000-7e6b3fe00000 rw-p 00000000 00:00 0 
7e6b3fe00000-7e6b41e00000 rw-p 00000000 00:00 0 
7e6b41e01000-7e6b41e05000 rw-p 00000000 00:00 0 
7e6b41e05000-7e6b41e0e000 r--p 00000000 103:06 541147                    /opt/ros/jazzy/lib/libtf2_msgs__rosidl_typesupport_introspection_c.so
7e6b41e0e000-7e6b41e10000 r-xp 00009000 103:06 541147                    /opt/ros/jazzy/lib/libtf2_msgs__rosidl_typesupport_introspection_c.so
7e6b41e10000-7e6b41e11000 r--p 0000b000 103:06 541147                    /opt/ros/jazzy/lib/libtf2_msgs__rosidl_typesupport_introspection_c.so
7e6b41e11000-7e6b41e12000 r--p 0000c000 103:06 541147                    /opt/ros/jazzy/lib/libtf2_msgs__rosidl_typesupport_introspection_c.so
7e6b41e12000-7e6b41e14000 rw-p 0000d000 103:06 541147                    /opt/ros/jazzy/lib/libtf2_msgs__rosidl_typesupport_introspection_c.so
7e6b41e14000-7e6b41e1d000 r--p 00000000 103:06 541143                    /opt/ros/jazzy/lib/libtf2_msgs__rosidl_typesupport_fastrtps_c.so
7e6b41e1d000-7e6b41e25000 r-xp 00009000 103:06 541143                    /opt/ros/jazzy/lib/libtf2_msgs__rosidl_typesupport_fastrtps_c.so
7e6b41e25000-7e6b41e28000 r--p 00011000 103:06 541143                    /opt/ros/jazzy/lib/libtf2_msgs__rosidl_typesupport_fastrtps_c.so
7e6b41e28000-7e6b41e29000 r--p 00013000 103:06 541143                    /opt/ros/jazzy/lib/libtf2_msgs__rosidl_typesupport_fastrtps_c.so
7e6b41e29000-7e6b41e2a000 rw-p 00014000 103:06 541143                    /opt/ros/jazzy/lib/libtf2_msgs__rosidl_typesupport_fastrtps_c.so
7e6b41e2a000-7e6b41e30000 r--p 00000000 103:06 524557                    /opt/ros/jazzy/lib/libstd_msgs__rosidl_typesupport_c.so
7e6b41e30000-7e6b41e31000 r-xp 00006000 103:06 524557                    /opt/ros/jazzy/lib/libstd_msgs__rosidl_typesupport_c.so
7e6b41e31000-7e6b41e33000 r--p 00007000 103:06 524557                    /opt/ros/jazzy/lib/libstd_msgs__rosidl_typesupport_c.so
7e6b41e33000-7e6b41e34000 r--p 00009000 103:06 524557                    /opt/ros/jazzy/lib/libstd_msgs__rosidl_typesupport_c.so
7e6b41e34000-7e6b41e35000 rw-p 0000a000 103:06 524557                    /opt/ros/jazzy/lib/libstd_msgs__rosidl_typesupport_c.so
7e6b41e35000-7e6b41e3a000 r--p 00000000 103:06 977729                    /opt/ros/jazzy/lib/python3.12/site-packages/std_msgs/std_msgs_s__rosidl_typesupport_c.so
7e6b41e3a000-7e6b41e3f000 r-xp 00005000 103:06 977729                    /opt/ros/jazzy/lib/python3.12/site-packages/std_msgs/std_msgs_s__rosidl_typesupport_c.so
7e6b41e3f000-7e6b41e42000 r--p 0000a000 103:06 977729                    /opt/ros/jazzy/lib/python3.12/site-packages/std_msgs/std_msgs_s__rosidl_typesupport_c.so
7e6b41e42000-7e6b41e43000 r--p 0000c000 103:06 977729                    /opt/ros/jazzy/lib/python3.12/site-packages/std_msgs/std_msgs_s__rosidl_typesupport_c.so
7e6b41e43000-7e6b41e44000 rw-p 0000d000 103:06 977729                    /opt/ros/jazzy/lib/python3.12/site-packages/std_msgs/std_msgs_s__rosidl_typesupport_c.so
7e6b41e44000-7e6b41e4a000 r--p 00000000 103:06 525060                    /opt/ros/jazzy/lib/libgeometry_msgs__rosidl_typesupport_c.so
7e6b41e4a000-7e6b41e4b000 r-xp 00006000 103:06 525060                    /opt/ros/jazzy/lib/libgeometry_msgs__rosidl_typesupport_c.so
7e6b41e4b000-7e6b41e4d000 r--p 00007000 103:06 525060                    /opt/ros/jazzy/lib/libgeometry_msgs__rosidl_typesupport_c.so
7e6b41e4d000-7e6b41e4e000 r--p 00009000 103:06 525060                    /opt/ros/jazzy/lib/libgeometry_msgs__rosidl_typesupport_c.so
7e6b41e4e000-7e6b41e4f000 rw-p 0000a000 103:06 525060                    /opt/ros/jazzy/lib/libgeometry_msgs__rosidl_typesupport_c.so
7e6b41e4f000-7e6b41e55000 r--p 00000000 103:06 978273                    /opt/ros/jazzy/lib/python3.12/site-packages/geometry_msgs/geometry_msgs_s__rosidl_typesupport_c.so
7e6b41e55000-7e6b41e5a000 r-xp 00006000 103:06 978273                    /opt/ros/jazzy/lib/python3.12/site-packages/geometry_msgs/geometry_msgs_s__rosidl_typesupport_c.so
7e6b41e5a000-7e6b41e5d000 r--p 0000b000 103:06 978273                    /opt/ros/jazzy/lib/python3.12/site-packages/geometry_msgs/geometry_msgs_s__rosidl_typesupport_c.so
7e6b41e5d000-7e6b41e5e000 r--p 0000d000 103:06 978273                    /opt/ros/jazzy/lib/python3.12/site-packages/geometry_msgs/geometry_msgs_s__rosidl_typesupport_c.so
7e6b41e5e000-7e6b41e5f000 rw-p 0000e000 103:06 978273                    /opt/ros/jazzy/lib/python3.12/site-packages/geometry_msgs/geometry_msgs_s__rosidl_typesupport_c.so
7e6b41e5f000-7e6b41e62000 r--p 00000000 103:06 524545                    /opt/ros/jazzy/lib/libstd_msgs__rosidl_generator_py.so
7e6b41e62000-7e6b41e70000 r-xp 00003000 103:06 524545                    /opt/ros/jazzy/lib/libstd_msgs__rosidl_generator_py.so
7e6b41e70000-7e6b41e75000 r--p 00011000 103:06 524545                    /opt/ros/jazzy/lib/libstd_msgs__rosidl_generator_py.so
7e6b41e75000-7e6b41e76000 r--p 00015000 103:06 524545                    /opt/ros/jazzy/lib/libstd_msgs__rosidl_generator_py.so
7e6b41e76000-7e6b41e77000 rw-p 00016000 103:06 524545                    /opt/ros/jazzy/lib/libstd_msgs__rosidl_generator_py.so
7e6b41e77000-7e6b41e85000 r--p 00000000 103:06 524513                    /opt/ros/jazzy/lib/libstd_msgs__rosidl_generator_c.so
7e6b41e85000-7e6b41e97000 r-xp 0000e000 103:06 524513                    /opt/ros/jazzy/lib/libstd_msgs__rosidl_generator_c.so
7e6b41e97000-7e6b41e9f000 r--p 00020000 103:06 524513                    /opt/ros/jazzy/lib/libstd_msgs__rosidl_generator_c.so
7e6b41e9f000-7e6b41ea1000 r--p 00028000 103:06 524513                    /opt/ros/jazzy/lib/libstd_msgs__rosidl_generator_c.so
7e6b41ea1000-7e6b41ea7000 rw-p 0002a000 103:06 524513                    /opt/ros/jazzy/lib/libstd_msgs__rosidl_generator_c.so
7e6b41ea7000-7e6b41ea8000 rw-p 00000000 00:00 0 
7e6b41ea8000-7e6b41eb8000 r--p 00000000 103:06 525056                    /opt/ros/jazzy/lib/libgeometry_msgs__rosidl_generator_c.so
7e6b41eb8000-7e6b41ecf000 r-xp 00010000 103:06 525056                    /opt/ros/jazzy/lib/libgeometry_msgs__rosidl_generator_c.so
7e6b41ecf000-7e6b41eda000 r--p 00027000 103:06 525056                    /opt/ros/jazzy/lib/libgeometry_msgs__rosidl_generator_c.so
7e6b41eda000-7e6b41edc000 r--p 00032000 103:06 525056                    /opt/ros/jazzy/lib/libgeometry_msgs__rosidl_generator_c.so
7e6b41edc000-7e6b41ee4000 rw-p 00034000 103:06 525056                    /opt/ros/jazzy/lib/libgeometry_msgs__rosidl_generator_c.so
7e6b41ee4000-7e6b41ee6000 rw-p 00000000 00:00 0 
7e6b41ee6000-7e6b41ee9000 r--p 00000000 103:06 525057                    /opt/ros/jazzy/lib/libgeometry_msgs__rosidl_generator_py.so
7e6b41ee9000-7e6b41ef6000 r-xp 00003000 103:06 525057                    /opt/ros/jazzy/lib/libgeometry_msgs__rosidl_generator_py.so
7e6b41ef6000-7e6b41efc000 r--p 00010000 103:06 525057                    /opt/ros/jazzy/lib/libgeometry_msgs__rosidl_generator_py.so
7e6b41efc000-7e6b41efd000 r--p 00015000 103:06 525057                    /opt/ros/jazzy/lib/libgeometry_msgs__rosidl_generator_py.so
7e6b41efd000-7e6b41efe000 rw-p 00016000 103:06 525057                    /opt/ros/jazzy/lib/libgeometry_msgs__rosidl_generator_py.so
7e6b41efe000-7e6b41fff000 rw-p 00000000 00:00 0 
7e6b41fff000-7e6b42000000 ---p 00000000 00:00 0 
7e6b42000000-7e6b42800000 rw-p 00000000 00:00 0 
7e6b42800000-7e6b44800000 rw-p 00000000 00:00 0 
7e6b44802000-7e6b44806000 rw-p 00000000 00:00 0 
7e6b44806000-7e6b44811000 r--p 00000000 103:06 541136                    /opt/ros/jazzy/lib/libtf2_msgs__rosidl_generator_c.so
7e6b44811000-7e6b4481f000 r-xp 0000b000 103:06 541136                    /opt/ros/jazzy/lib/libtf2_msgs__rosidl_generator_c.so
7e6b4481f000-7e6b44824000 r--p 00019000 103:06 541136                    /opt/ros/jazzy/lib/libtf2_msgs__rosidl_generator_c.so
7e6b44824000-7e6b44826000 r--p 0001d000 103:06 541136                    /opt/ros/jazzy/lib/libtf2_msgs__rosidl_generator_c.so
7e6b44826000-7e6b4482a000 rw-p 0001f000 103:06 541136                    /opt/ros/jazzy/lib/libtf2_msgs__rosidl_generator_c.so
7e6b4482a000-7e6b4482d000 rw-p 00000000 00:00 0 
7e6b4482d000-7e6b44832000 r--p 00000000 103:06 786610                    /usr/lib/jvm/java-21-openjdk-amd64/lib/libjsvml.so
7e6b44832000-7e6b44873000 r-xp 00005000 103:06 786610                    /usr/lib/jvm/java-21-openjdk-amd64/lib/libjsvml.so
7e6b44873000-7e6b448fc000 r--p 00046000 103:06 786610                    /usr/lib/jvm/java-21-openjdk-amd64/lib/libjsvml.so
7e6b448fc000-7e6b448fd000 r--p 000ce000 103:06 786610                    /usr/lib/jvm/java-21-openjdk-amd64/lib/libjsvml.so
7e6b448fd000-7e6b448fe000 rw-p 000cf000 103:06 786610                    /usr/lib/jvm/java-21-openjdk-amd64/lib/libjsvml.so
7e6b448fe000-7e6b449ff000 rw-p 00000000 00:00 0 
7e6b449ff000-7e6b44a00000 ---p 00000000 00:00 0 
7e6b44a00000-7e6b45200000 rw-p 00000000 00:00 0 
7e6b45200000-7e6b47200000 rw-p 00000000 00:00 0 
7e6b47201000-7e6b473ff000 rw-p 00000000 00:00 0 
7e6b473ff000-7e6b47400000 ---p 00000000 00:00 0 
7e6b47400000-7e6b47c00000 rw-p 00000000 00:00 0 
7e6b47c00000-7e6b49c00000 rw-p 00000000 00:00 0 
7e6b49c00000-7e6b49c01000 r--p 00000000 103:06 523854                    /opt/ros/jazzy/lib/libunique_identifier_msgs__rosidl_typesupport_introspection_c.so
7e6b49c01000-7e6b49c02000 r-xp 00001000 103:06 523854                    /opt/ros/jazzy/lib/libunique_identifier_msgs__rosidl_typesupport_introspection_c.so
7e6b49c02000-7e6b49c03000 r--p 00002000 103:06 523854                    /opt/ros/jazzy/lib/libunique_identifier_msgs__rosidl_typesupport_introspection_c.so
7e6b49c03000-7e6b49c04000 r--p 00002000 103:06 523854                    /opt/ros/jazzy/lib/libunique_identifier_msgs__rosidl_typesupport_introspection_c.so
7e6b49c04000-7e6b49c05000 rw-p 00003000 103:06 523854                    /opt/ros/jazzy/lib/libunique_identifier_msgs__rosidl_typesupport_introspection_c.so
7e6b49c05000-7e6b49c09000 r--p 00000000 103:06 523860                    /opt/ros/jazzy/lib/libaction_msgs__rosidl_generator_c.so
7e6b49c09000-7e6b49c0f000 r-xp 00004000 103:06 523860                    /opt/ros/jazzy/lib/libaction_msgs__rosidl_generator_c.so
7e6b49c0f000-7e6b49c11000 r--p 0000a000 103:06 523860                    /opt/ros/jazzy/lib/libaction_msgs__rosidl_generator_c.so
7e6b49c11000-7e6b49c12000 r--p 0000c000 103:06 523860                    /opt/ros/jazzy/lib/libaction_msgs__rosidl_generator_c.so
7e6b49c12000-7e6b49c14000 rw-p 0000d000 103:06 523860                    /opt/ros/jazzy/lib/libaction_msgs__rosidl_generator_c.so
7e6b49c14000-7e6b49d1b000 rw-p 00000000 00:00 0 
7e6b49d1b000-7e6b49dff000 ---p 00000000 00:00 0 
7e6b49dff000-7e6b49e00000 ---p 00000000 00:00 0 
7e6b49e00000-7e6b4a600000 rw-p 00000000 00:00 0 
7e6b4a600000-7e6b4c600000 rw-p 00000000 00:00 0 
7e6b4c602000-7e6b4c603000 r--p 00000000 103:06 523852                    /opt/ros/jazzy/lib/libunique_identifier_msgs__rosidl_typesupport_fastrtps_c.so
7e6b4c603000-7e6b4c604000 r-xp 00001000 103:06 523852                    /opt/ros/jazzy/lib/libunique_identifier_msgs__rosidl_typesupport_fastrtps_c.so
7e6b4c604000-7e6b4c605000 r--p 00002000 103:06 523852                    /opt/ros/jazzy/lib/libunique_identifier_msgs__rosidl_typesupport_fastrtps_c.so
7e6b4c605000-7e6b4c606000 r--p 00002000 103:06 523852                    /opt/ros/jazzy/lib/libunique_identifier_msgs__rosidl_typesupport_fastrtps_c.so
7e6b4c606000-7e6b4c607000 rw-p 00003000 103:06 523852                    /opt/ros/jazzy/lib/libunique_identifier_msgs__rosidl_typesupport_fastrtps_c.so
7e6b4c607000-7e6b4c609000 r--p 00000000 103:06 523900                    /opt/ros/jazzy/lib/libaction_msgs__rosidl_typesupport_c.so
7e6b4c609000-7e6b4c60a000 r-xp 00002000 103:06 523900                    /opt/ros/jazzy/lib/libaction_msgs__rosidl_typesupport_c.so
7e6b4c60a000-7e6b4c60b000 r--p 00003000 103:06 523900                    /opt/ros/jazzy/lib/libaction_msgs__rosidl_typesupport_c.so
7e6b4c60b000-7e6b4c60c000 r--p 00003000 103:06 523900                    /opt/ros/jazzy/lib/libaction_msgs__rosidl_typesupport_c.so
7e6b4c60c000-7e6b4c60d000 rw-p 00004000 103:06 523900                    /opt/ros/jazzy/lib/libaction_msgs__rosidl_typesupport_c.so
7e6b4c60d000-7e6b4c611000 r--p 00000000 103:06 541139                    /opt/ros/jazzy/lib/libtf2_msgs__rosidl_typesupport_c.so
7e6b4c611000-7e6b4c612000 r-xp 00004000 103:06 541139                    /opt/ros/jazzy/lib/libtf2_msgs__rosidl_typesupport_c.so
7e6b4c612000-7e6b4c614000 r--p 00005000 103:06 541139                    /opt/ros/jazzy/lib/libtf2_msgs__rosidl_typesupport_c.so
7e6b4c614000-7e6b4c615000 r--p 00006000 103:06 541139                    /opt/ros/jazzy/lib/libtf2_msgs__rosidl_typesupport_c.so
7e6b4c615000-7e6b4c616000 rw-p 00007000 103:06 541139                    /opt/ros/jazzy/lib/libtf2_msgs__rosidl_typesupport_c.so
7e6b4c616000-7e6b4c622000 rw-p 00000000 00:00 0 
7e6b4c622000-7e6b4c6ff000 ---p 00000000 00:00 0 
7e6b4c6ff000-7e6b4c7ff000 rw-p 00000000 00:00 0 
7e6b4c7ff000-7e6b4c800000 ---p 00000000 00:00 0 
7e6b4c800000-7e6b4d000000 rw-p 00000000 00:00 0 
7e6b4d000000-7e6b51000000 rw-p 00000000 00:00 0 
7e6b51001000-7e6b51004000 r--p 00000000 103:06 541137                    /opt/ros/jazzy/lib/libtf2_msgs__rosidl_generator_py.so
7e6b51004000-7e6b5100b000 r-xp 00003000 103:06 541137                    /opt/ros/jazzy/lib/libtf2_msgs__rosidl_generator_py.so
7e6b5100b000-7e6b5100e000 r--p 0000a000 103:06 541137                    /opt/ros/jazzy/lib/libtf2_msgs__rosidl_generator_py.so
7e6b5100e000-7e6b5100f000 r--p 0000c000 103:06 541137                    /opt/ros/jazzy/lib/libtf2_msgs__rosidl_generator_py.so
7e6b5100f000-7e6b51010000 rw-p 0000d000 103:06 541137                    /opt/ros/jazzy/lib/libtf2_msgs__rosidl_generator_py.so
7e6b51010000-7e6b51014000 r--p 00000000 103:06 931082                    /opt/ros/jazzy/lib/python3.12/site-packages/tf2_msgs/tf2_msgs_s__rosidl_typesupport_c.so
7e6b51014000-7e6b51017000 r-xp 00004000 103:06 931082                    /opt/ros/jazzy/lib/python3.12/site-packages/tf2_msgs/tf2_msgs_s__rosidl_typesupport_c.so
7e6b51017000-7e6b51019000 r--p 00007000 103:06 931082                    /opt/ros/jazzy/lib/python3.12/site-packages/tf2_msgs/tf2_msgs_s__rosidl_typesupport_c.so
7e6b51019000-7e6b5101a000 r--p 00008000 103:06 931082                    /opt/ros/jazzy/lib/python3.12/site-packages/tf2_msgs/tf2_msgs_s__rosidl_typesupport_c.so
7e6b5101a000-7e6b5101b000 rw-p 00009000 103:06 931082                    /opt/ros/jazzy/lib/python3.12/site-packages/tf2_msgs/tf2_msgs_s__rosidl_typesupport_c.so
7e6b5101b000-7e6b5101d000 r--p 00000000 103:06 786625                    /usr/lib/jvm/java-21-openjdk-amd64/lib/libzip.so
7e6b5101d000-7e6b51022000 r-xp 00002000 103:06 786625                    /usr/lib/jvm/java-21-openjdk-amd64/lib/libzip.so
7e6b51022000-7e6b51024000 r--p 00007000 103:06 786625                    /usr/lib/jvm/java-21-openjdk-amd64/lib/libzip.so
7e6b51024000-7e6b51025000 r--p 00008000 103:06 786625                    /usr/lib/jvm/java-21-openjdk-amd64/lib/libzip.so
7e6b51025000-7e6b51026000 rw-p 00009000 103:06 786625                    /usr/lib/jvm/java-21-openjdk-amd64/lib/libzip.so
7e6b51026000-7e6b51029000 r--p 00000000 103:06 786617                    /usr/lib/jvm/java-21-openjdk-amd64/lib/libnet.so
7e6b51029000-7e6b51031000 r-xp 00003000 103:06 786617                    /usr/lib/jvm/java-21-openjdk-amd64/lib/libnet.so
7e6b51031000-7e6b51033000 r--p 0000b000 103:06 786617                    /usr/lib/jvm/java-21-openjdk-amd64/lib/libnet.so
7e6b51033000-7e6b51034000 r--p 0000c000 103:06 786617                    /usr/lib/jvm/java-21-openjdk-amd64/lib/libnet.so
7e6b51034000-7e6b51035000 rw-p 0000d000 103:06 786617                    /usr/lib/jvm/java-21-openjdk-amd64/lib/libnet.so
7e6b51035000-7e6b5103c000 r--p 00000000 103:06 786618                    /usr/lib/jvm/java-21-openjdk-amd64/lib/libnio.so
7e6b5103c000-7e6b51045000 r-xp 00007000 103:06 786618                    /usr/lib/jvm/java-21-openjdk-amd64/lib/libnio.so
7e6b51045000-7e6b51049000 r--p 00010000 103:06 786618                    /usr/lib/jvm/java-21-openjdk-amd64/lib/libnio.so
7e6b51049000-7e6b5104a000 r--p 00014000 103:06 786618                    /usr/lib/jvm/java-21-openjdk-amd64/lib/libnio.so
7e6b5104a000-7e6b5104b000 rw-p 00015000 103:06 786618                    /usr/lib/jvm/java-21-openjdk-amd64/lib/libnio.so
7e6b5104b000-7e6b510d3000 rw-p 00000000 00:00 0 
7e6b510d3000-7e6b510db000 ---p 00000000 00:00 0 
7e6b510db000-7e6b510e8000 r--p 00000000 103:06 786603                    /usr/lib/jvm/java-21-openjdk-amd64/lib/libjava.so
7e6b510e8000-7e6b510f7000 r-xp 0000d000 103:06 786603                    /usr/lib/jvm/java-21-openjdk-amd64/lib/libjava.so
7e6b510f7000-7e6b510fc000 r--p 0001c000 103:06 786603                    /usr/lib/jvm/java-21-openjdk-amd64/lib/libjava.so
7e6b510fc000-7e6b510fd000 r--p 00021000 103:06 786603                    /usr/lib/jvm/java-21-openjdk-amd64/lib/libjava.so
7e6b510fd000-7e6b510fe000 rw-p 00022000 103:06 786603                    /usr/lib/jvm/java-21-openjdk-amd64/lib/libjava.so
7e6b510fe000-7e6b511ff000 rw-p 00000000 00:00 0 
7e6b511ff000-7e6b51200000 ---p 00000000 00:00 0 
7e6b51200000-7e6b51a00000 rw-p 00000000 00:00 0 
7e6b51a00000-7e6b53a00000 rw-p 00000000 00:00 0 
7e6b53a00000-7e6b53a04000 rw-p 00000000 00:00 0 
7e6b53a04000-7e6b53a0c000 rw-s 00000000 103:06 261735                    /tmp/hsperfdata_vicen/15204
7e6b53a0c000-7e6b53a0d000 r--p 00000000 103:06 523848                    /opt/ros/jazzy/lib/libunique_identifier_msgs__rosidl_generator_c.so
7e6b53a0d000-7e6b53a0e000 r-xp 00001000 103:06 523848                    /opt/ros/jazzy/lib/libunique_identifier_msgs__rosidl_generator_c.so
7e6b53a0e000-7e6b53a0f000 r--p 00002000 103:06 523848                    /opt/ros/jazzy/lib/libunique_identifier_msgs__rosidl_generator_c.so
7e6b53a0f000-7e6b53a10000 r--p 00002000 103:06 523848                    /opt/ros/jazzy/lib/libunique_identifier_msgs__rosidl_generator_c.so
7e6b53a10000-7e6b53a11000 rw-p 00003000 103:06 523848                    /opt/ros/jazzy/lib/libunique_identifier_msgs__rosidl_generator_c.so
7e6b53a11000-7e6b53a13000 r--p 00000000 103:06 786615                    /usr/lib/jvm/java-21-openjdk-amd64/lib/libmanagement_ext.so
7e6b53a13000-7e6b53a16000 r-xp 00002000 103:06 786615                    /usr/lib/jvm/java-21-openjdk-amd64/lib/libmanagement_ext.so
7e6b53a16000-7e6b53a17000 r--p 00005000 103:06 786615                    /usr/lib/jvm/java-21-openjdk-amd64/lib/libmanagement_ext.so
7e6b53a17000-7e6b53a18000 r--p 00006000 103:06 786615                    /usr/lib/jvm/java-21-openjdk-amd64/lib/libmanagement_ext.so
7e6b53a18000-7e6b53a19000 rw-p 00007000 103:06 786615                    /usr/lib/jvm/java-21-openjdk-amd64/lib/libmanagement_ext.so
7e6b53a40000-7e6b53b2b000 rw-p 00000000 00:00 0 
7e6b53b2b000-7e6b53b3b000 r--p 00000000 103:07 4196440                   /home/vicen/.local/lib/python3.12/site-packages/regex/_regex.cpython-312-x86_64-linux-gnu.so
7e6b53b3b000-7e6b53b75000 r-xp 00010000 103:07 4196440                   /home/vicen/.local/lib/python3.12/site-packages/regex/_regex.cpython-312-x86_64-linux-gnu.so
7e6b53b75000-7e6b53bf4000 r--p 0004a000 103:07 4196440                   /home/vicen/.local/lib/python3.12/site-packages/regex/_regex.cpython-312-x86_64-linux-gnu.so
7e6b53bf4000-7e6b53bf5000 r--p 000c8000 103:07 4196440                   /home/vicen/.local/lib/python3.12/site-packages/regex/_regex.cpython-312-x86_64-linux-gnu.so
7e6b53bf5000-7e6b53bfe000 rw-p 000c9000 103:07 4196440                   /home/vicen/.local/lib/python3.12/site-packages/regex/_regex.cpython-312-x86_64-linux-gnu.so
7e6b53bfe000-7e6b53bff000 ---p 00000000 00:00 0 
7e6b53bff000-7e6b543ff000 rw-p 00000000 00:00 0 
7e6b543ff000-7e6b54400000 ---p 00000000 00:00 0 
7e6b54400000-7e6b54c00000 rw-p 00000000 00:00 0 
7e6b54c00000-7e6b56c00000 rw-p 00000000 00:00 0 
7e6b56c00000-7e6b56c02000 r--p 00000000 103:06 786606                    /usr/lib/jvm/java-21-openjdk-amd64/lib/libjimage.so
7e6b56c02000-7e6b56c05000 r-xp 00002000 103:06 786606                    /usr/lib/jvm/java-21-openjdk-amd64/lib/libjimage.so
7e6b56c05000-7e6b56c06000 r--p 00005000 103:06 786606                    /usr/lib/jvm/java-21-openjdk-amd64/lib/libjimage.so
7e6b56c06000-7e6b56c07000 r--p 00006000 103:06 786606                    /usr/lib/jvm/java-21-openjdk-amd64/lib/libjimage.so
7e6b56c07000-7e6b56c08000 rw-p 00007000 103:06 786606                    /usr/lib/jvm/java-21-openjdk-amd64/lib/libjimage.so
7e6b56c0a000-7e6b56c0b000 r--p 00000000 103:06 523849                    /opt/ros/jazzy/lib/libunique_identifier_msgs__rosidl_generator_py.so
7e6b56c0b000-7e6b56c0c000 r-xp 00001000 103:06 523849                    /opt/ros/jazzy/lib/libunique_identifier_msgs__rosidl_generator_py.so
7e6b56c0c000-7e6b56c0d000 r--p 00002000 103:06 523849                    /opt/ros/jazzy/lib/libunique_identifier_msgs__rosidl_generator_py.so
7e6b56c0d000-7e6b56c0e000 r--p 00002000 103:06 523849                    /opt/ros/jazzy/lib/libunique_identifier_msgs__rosidl_generator_py.so
7e6b56c0e000-7e6b56c0f000 rw-p 00003000 103:06 523849                    /opt/ros/jazzy/lib/libunique_identifier_msgs__rosidl_generator_py.so
7e6b56c0f000-7e6b56c11000 r--p 00000000 103:06 786613                    /usr/lib/jvm/java-21-openjdk-amd64/lib/libmanagement.so
7e6b56c11000-7e6b56c12000 r-xp 00002000 103:06 786613                    /usr/lib/jvm/java-21-openjdk-amd64/lib/libmanagement.so
7e6b56c12000-7e6b56c13000 r--p 00003000 103:06 786613                    /usr/lib/jvm/java-21-openjdk-amd64/lib/libmanagement.so
7e6b56c13000-7e6b56c14000 r--p 00003000 103:06 786613                    /usr/lib/jvm/java-21-openjdk-amd64/lib/libmanagement.so
7e6b56c14000-7e6b56c15000 rw-p 00004000 103:06 786613                    /usr/lib/jvm/java-21-openjdk-amd64/lib/libmanagement.so
7e6b56c15000-7e6b56c22000 rw-s 00000000 00:1c 1867                       /dev/shm/fastrtps_port7413
7e6b56c22000-7e6b56c2f000 rw-s 00000000 00:1c 1912                       /dev/shm/fastrtps_port7003
7e6b56c3c000-7e6b56c3e000 r--p 00000000 103:06 526888                    /opt/ros/jazzy/lib/libtype_description_interfaces__rosidl_generator_py.so
7e6b56c3e000-7e6b56c43000 r-xp 00002000 103:06 526888                    /opt/ros/jazzy/lib/libtype_description_interfaces__rosidl_generator_py.so
7e6b56c43000-7e6b56c45000 r--p 00007000 103:06 526888                    /opt/ros/jazzy/lib/libtype_description_interfaces__rosidl_generator_py.so
7e6b56c45000-7e6b56c46000 r--p 00009000 103:06 526888                    /opt/ros/jazzy/lib/libtype_description_interfaces__rosidl_generator_py.so
7e6b56c46000-7e6b56c47000 rw-p 0000a000 103:06 526888                    /opt/ros/jazzy/lib/libtype_description_interfaces__rosidl_generator_py.so
7e6b56c47000-7e6b56c4a000 r--p 00000000 103:06 929202                    /opt/ros/jazzy/lib/python3.12/site-packages/type_description_interfaces/type_description_interfaces_s__rosidl_typesupport_c.so
7e6b56c4a000-7e6b56c4c000 r-xp 00003000 103:06 929202                    /opt/ros/jazzy/lib/python3.12/site-packages/type_description_interfaces/type_description_interfaces_s__rosidl_typesupport_c.so
7e6b56c4c000-7e6b56c4d000 r--p 00005000 103:06 929202                    /opt/ros/jazzy/lib/python3.12/site-packages/type_description_interfaces/type_description_interfaces_s__rosidl_typesupport_c.so
7e6b56c4d000-7e6b56c4e000 r--p 00006000 103:06 929202                    /opt/ros/jazzy/lib/python3.12/site-packages/type_description_interfaces/type_description_interfaces_s__rosidl_typesupport_c.so
7e6b56c4e000-7e6b56c4f000 rw-p 00007000 103:06 929202                    /opt/ros/jazzy/lib/python3.12/site-packages/type_description_interfaces/type_description_interfaces_s__rosidl_typesupport_c.so
7e6b56c4f000-7e6b56c55000 r--p 00000000 103:06 526891                    /opt/ros/jazzy/lib/libtype_description_interfaces__rosidl_typesupport_fastrtps_c.so
7e6b56c55000-7e6b56c5c000 r-xp 00006000 103:06 526891                    /opt/ros/jazzy/lib/libtype_description_interfaces__rosidl_typesupport_fastrtps_c.so
7e6b56c5c000-7e6b56c5e000 r--p 0000d000 103:06 526891                    /opt/ros/jazzy/lib/libtype_description_interfaces__rosidl_typesupport_fastrtps_c.so
7e6b56c5e000-7e6b56c5f000 r--p 0000e000 103:06 526891                    /opt/ros/jazzy/lib/libtype_description_interfaces__rosidl_typesupport_fastrtps_c.so
7e6b56c5f000-7e6b56c60000 rw-p 0000f000 103:06 526891                    /opt/ros/jazzy/lib/libtype_description_interfaces__rosidl_typesupport_fastrtps_c.so
7e6b56c60000-7e6b56c63000 r--p 00000000 103:06 808457                    /usr/lib/python3.12/lib-dynload/termios.cpython-312-x86_64-linux-gnu.so
7e6b56c63000-7e6b56c65000 r-xp 00003000 103:06 808457                    /usr/lib/python3.12/lib-dynload/termios.cpython-312-x86_64-linux-gnu.so
7e6b56c65000-7e6b56c67000 r--p 00005000 103:06 808457                    /usr/lib/python3.12/lib-dynload/termios.cpython-312-x86_64-linux-gnu.so
7e6b56c67000-7e6b56c68000 r--p 00006000 103:06 808457                    /usr/lib/python3.12/lib-dynload/termios.cpython-312-x86_64-linux-gnu.so
7e6b56c68000-7e6b56c6a000 rw-p 00007000 103:06 808457                    /usr/lib/python3.12/lib-dynload/termios.cpython-312-x86_64-linux-gnu.so
7e6b56c6a000-7e6b56cf1000 rw-s 00000000 00:1c 1860                       /dev/shm/fastrtps_cbcf9aeecc9d6429 (deleted)
7e6b56d3c000-7e6b56d78000 rw-p 00000000 00:00 0 
7e6b56d78000-7e6b56dff000 rw-s 00000000 00:1c 1862                       /dev/shm/fastrtps_aaafaeb62f426a1b (deleted)
7e6b56dff000-7e6b56e00000 ---p 00000000 00:00 0 
7e6b56e00000-7e6b57600000 rw-p 00000000 00:00 0 
7e6b57600000-7e6b5b600000 rw-p 00000000 00:00 0 
7e6b5b600000-7e6b5b604000 rw-p 00000000 00:00 0 
7e6b5b604000-7e6b5b620000 r--p 00000000 103:06 540441                    /opt/ros/jazzy/lib/librcl_interfaces__rosidl_typesupport_introspection_c.so
7e6b5b620000-7e6b5b627000 r-xp 0001c000 103:06 540441                    /opt/ros/jazzy/lib/librcl_interfaces__rosidl_typesupport_introspection_c.so
7e6b5b627000-7e6b5b62b000 r--p 00023000 103:06 540441                    /opt/ros/jazzy/lib/librcl_interfaces__rosidl_typesupport_introspection_c.so
7e6b5b62b000-7e6b5b62c000 r--p 00027000 103:06 540441                    /opt/ros/jazzy/lib/librcl_interfaces__rosidl_typesupport_introspection_c.so
7e6b5b62c000-7e6b5b631000 rw-p 00028000 103:06 540441                    /opt/ros/jazzy/lib/librcl_interfaces__rosidl_typesupport_introspection_c.so
7e6b5b631000-7e6b5b6b8000 rw-s 00000000 00:1c 1851                       /dev/shm/fastrtps_8fcbd74174a933ea (deleted)
7e6b5b6b8000-7e6b5b778000 rw-p 00000000 00:00 0 
7e6b5b778000-7e6b5b7ff000 rw-s 00000000 00:1c 1962                       /dev/shm/fastrtps_5ef37ac744f287a6
7e6b5b7ff000-7e6b5b800000 ---p 00000000 00:00 0 
7e6b5b800000-7e6b5c000000 rw-p 00000000 00:00 0 
7e6b5c000000-7e6b5c021000 rw-p 00000000 00:00 0 
7e6b5c021000-7e6b60000000 ---p 00000000 00:00 0 
7e6b60000000-7e6b60200000 rw-p 00000000 00:00 0 
7e6b60200000-7e6b62200000 rw-p 00000000 00:00 0 
7e6b62200000-7e6b62204000 rw-p 00000000 00:00 0 
7e6b62204000-7e6b62205000 r--p 00000000 103:06 540423                    /opt/ros/jazzy/lib/libbuiltin_interfaces__rosidl_typesupport_introspection_c.so
7e6b62205000-7e6b62206000 r-xp 00001000 103:06 540423                    /opt/ros/jazzy/lib/libbuiltin_interfaces__rosidl_typesupport_introspection_c.so
7e6b62206000-7e6b62207000 r--p 00002000 103:06 540423                    /opt/ros/jazzy/lib/libbuiltin_interfaces__rosidl_typesupport_introspection_c.so
7e6b62207000-7e6b62208000 r--p 00002000 103:06 540423                    /opt/ros/jazzy/lib/libbuiltin_interfaces__rosidl_typesupport_introspection_c.so
7e6b62208000-7e6b62209000 rw-p 00003000 103:06 540423                    /opt/ros/jazzy/lib/libbuiltin_interfaces__rosidl_typesupport_introspection_c.so
7e6b62209000-7e6b6221c000 r--p 00000000 103:06 540439                    /opt/ros/jazzy/lib/librcl_interfaces__rosidl_typesupport_fastrtps_c.so
7e6b6221c000-7e6b62232000 r-xp 00013000 103:06 540439                    /opt/ros/jazzy/lib/librcl_interfaces__rosidl_typesupport_fastrtps_c.so
7e6b62232000-7e6b62238000 r--p 00029000 103:06 540439                    /opt/ros/jazzy/lib/librcl_interfaces__rosidl_typesupport_fastrtps_c.so
7e6b62238000-7e6b62239000 r--p 0002e000 103:06 540439                    /opt/ros/jazzy/lib/librcl_interfaces__rosidl_typesupport_fastrtps_c.so
7e6b62239000-7e6b6223c000 rw-p 0002f000 103:06 540439                    /opt/ros/jazzy/lib/librcl_interfaces__rosidl_typesupport_fastrtps_c.so
7e6b6223c000-7e6b6225a000 r--p 00000000 103:06 396962                    /usr/lib/x86_64-linux-gnu/libssl.so.3
7e6b6225a000-7e6b622bc000 r-xp 0001e000 103:06 396962                    /usr/lib/x86_64-linux-gnu/libssl.so.3
7e6b622bc000-7e6b622d8000 r--p 00080000 103:06 396962                    /usr/lib/x86_64-linux-gnu/libssl.so.3
7e6b622d8000-7e6b622e2000 r--p 0009c000 103:06 396962                    /usr/lib/x86_64-linux-gnu/libssl.so.3
7e6b622e2000-7e6b622e6000 rw-p 000a6000 103:06 396962                    /usr/lib/x86_64-linux-gnu/libssl.so.3
7e6b622e6000-7e6b622ed000 r--p 00000000 103:06 454134                    /usr/lib/x86_64-linux-gnu/libtinyxml2.so.10.0.0
7e6b622ed000-7e6b622f7000 r-xp 00007000 103:06 454134                    /usr/lib/x86_64-linux-gnu/libtinyxml2.so.10.0.0
7e6b622f7000-7e6b622fb000 r--p 00011000 103:06 454134                    /usr/lib/x86_64-linux-gnu/libtinyxml2.so.10.0.0
7e6b622fb000-7e6b622fc000 r--p 00014000 103:06 454134                    /usr/lib/x86_64-linux-gnu/libtinyxml2.so.10.0.0
7e6b622fc000-7e6b622fd000 rw-p 00015000 103:06 454134                    /usr/lib/x86_64-linux-gnu/libtinyxml2.so.10.0.0
7e6b622fd000-7e6b623fd000 rw-p 00000000 00:00 0 
7e6b623fd000-7e6b623fe000 ---p 00000000 00:00 0 
7e6b623fe000-7e6b62bfe000 rw-p 00000000 00:00 0 
7e6b62bfe000-7e6b62bff000 ---p 00000000 00:00 0 
7e6b62bff000-7e6b633ff000 rw-p 00000000 00:00 0 
7e6b633ff000-7e6b63400000 ---p 00000000 00:00 0 
7e6b63400000-7e6b63c00000 rw-p 00000000 00:00 0 
7e6b63c00000-7e6b63c3b000 r-xp 00000000 103:07 1349474                   /home/vicen/.local/lib/python3.12/site-packages/numpy.libs/libquadmath-96973f99.so.0.0.0
7e6b63c3b000-7e6b63e3a000 ---p 0003b000 103:07 1349474                   /home/vicen/.local/lib/python3.12/site-packages/numpy.libs/libquadmath-96973f99.so.0.0.0
7e6b63e3a000-7e6b63e3b000 r--p 0003a000 103:07 1349474                   /home/vicen/.local/lib/python3.12/site-packages/numpy.libs/libquadmath-96973f99.so.0.0.0
7e6b63e3b000-7e6b63e3d000 rw-p 0003b000 103:07 1349474                   /home/vicen/.local/lib/python3.12/site-packages/numpy.libs/libquadmath-96973f99.so.0.0.0
7e6b63e3f000-7e6b63e40000 r--p 00000000 103:06 523840                    /opt/ros/jazzy/lib/libservice_msgs__rosidl_typesupport_introspection_c.so
7e6b63e40000-7e6b63e41000 r-xp 00001000 103:06 523840                    /opt/ros/jazzy/lib/libservice_msgs__rosidl_typesupport_introspection_c.so
7e6b63e41000-7e6b63e42000 r--p 00002000 103:06 523840                    /opt/ros/jazzy/lib/libservice_msgs__rosidl_typesupport_introspection_c.so
7e6b63e42000-7e6b63e43000 r--p 00002000 103:06 523840                    /opt/ros/jazzy/lib/libservice_msgs__rosidl_typesupport_introspection_c.so
7e6b63e43000-7e6b63e44000 rw-p 00003000 103:06 523840                    /opt/ros/jazzy/lib/libservice_msgs__rosidl_typesupport_introspection_c.so
7e6b63e44000-7e6b63e46000 r--p 00000000 103:06 540421                    /opt/ros/jazzy/lib/libbuiltin_interfaces__rosidl_typesupport_fastrtps_c.so
7e6b63e46000-7e6b63e47000 r-xp 00002000 103:06 540421                    /opt/ros/jazzy/lib/libbuiltin_interfaces__rosidl_typesupport_fastrtps_c.so
7e6b63e47000-7e6b63e48000 r--p 00003000 103:06 540421                    /opt/ros/jazzy/lib/libbuiltin_interfaces__rosidl_typesupport_fastrtps_c.so
7e6b63e48000-7e6b63e49000 r--p 00003000 103:06 540421                    /opt/ros/jazzy/lib/libbuiltin_interfaces__rosidl_typesupport_fastrtps_c.so
7e6b63e49000-7e6b63e4a000 rw-p 00004000 103:06 540421                    /opt/ros/jazzy/lib/libbuiltin_interfaces__rosidl_typesupport_fastrtps_c.so
7e6b63e4a000-7e6b63e4c000 r--p 00000000 103:06 523838                    /opt/ros/jazzy/lib/libservice_msgs__rosidl_typesupport_fastrtps_c.so
7e6b63e4c000-7e6b63e4d000 r-xp 00002000 103:06 523838                    /opt/ros/jazzy/lib/libservice_msgs__rosidl_typesupport_fastrtps_c.so
7e6b63e4d000-7e6b63e4e000 r--p 00003000 103:06 523838                    /opt/ros/jazzy/lib/libservice_msgs__rosidl_typesupport_fastrtps_c.so
7e6b63e4e000-7e6b63e4f000 r--p 00003000 103:06 523838                    /opt/ros/jazzy/lib/libservice_msgs__rosidl_typesupport_fastrtps_c.so
7e6b63e4f000-7e6b63e50000 rw-p 00004000 103:06 523838                    /opt/ros/jazzy/lib/libservice_msgs__rosidl_typesupport_fastrtps_c.so
7e6b63e50000-7e6b63e5d000 rw-s 00000000 00:1c 1979                       /dev/shm/fastrtps_port7004
7e6b63e5d000-7e6b63e60000 r--p 00000000 103:06 540595                    /opt/ros/jazzy/lib/librmw_dds_common__rosidl_typesupport_introspection_cpp.so
7e6b63e60000-7e6b63e62000 r-xp 00003000 103:06 540595                    /opt/ros/jazzy/lib/librmw_dds_common__rosidl_typesupport_introspection_cpp.so
7e6b63e62000-7e6b63e63000 r--p 00005000 103:06 540595                    /opt/ros/jazzy/lib/librmw_dds_common__rosidl_typesupport_introspection_cpp.so
7e6b63e63000-7e6b63e64000 r--p 00005000 103:06 540595                    /opt/ros/jazzy/lib/librmw_dds_common__rosidl_typesupport_introspection_cpp.so
7e6b63e64000-7e6b63e65000 rw-p 00006000 103:06 540595                    /opt/ros/jazzy/lib/librmw_dds_common__rosidl_typesupport_introspection_cpp.so
7e6b63e65000-7e6b63e68000 r--p 00000000 103:06 540591                    /opt/ros/jazzy/lib/librmw_dds_common__rosidl_typesupport_fastrtps_cpp.so
7e6b63e68000-7e6b63e6b000 r-xp 00003000 103:06 540591                    /opt/ros/jazzy/lib/librmw_dds_common__rosidl_typesupport_fastrtps_cpp.so
7e6b63e6b000-7e6b63e6c000 r--p 00006000 103:06 540591                    /opt/ros/jazzy/lib/librmw_dds_common__rosidl_typesupport_fastrtps_cpp.so
7e6b63e6c000-7e6b63e6d000 r--p 00006000 103:06 540591                    /opt/ros/jazzy/lib/librmw_dds_common__rosidl_typesupport_fastrtps_cpp.so
7e6b63e6d000-7e6b63e6e000 rw-p 00007000 103:06 540591                    /opt/ros/jazzy/lib/librmw_dds_common__rosidl_typesupport_fastrtps_cpp.so
7e6b63e6e000-7e6b63e7b000 rw-s 00000000 00:1c 1966                       /dev/shm/fastrtps_port7419
7e6b63e7b000-7e6b63e7c000 r--p 00000000 103:06 523586                    /opt/ros/jazzy/lib/librosidl_typesupport_cpp.so
7e6b63e7c000-7e6b63e7e000 r-xp 00001000 103:06 523586                    /opt/ros/jazzy/lib/librosidl_typesupport_cpp.so
7e6b63e7e000-7e6b63e7f000 r--p 00003000 103:06 523586                    /opt/ros/jazzy/lib/librosidl_typesupport_cpp.so
7e6b63e7f000-7e6b63e80000 r--p 00003000 103:06 523586                    /opt/ros/jazzy/lib/librosidl_typesupport_cpp.so
7e6b63e80000-7e6b63e81000 rw-p 00004000 103:06 523586                    /opt/ros/jazzy/lib/librosidl_typesupport_cpp.so
7e6b63e81000-7e6b63e83000 r--p 00000000 103:06 540581                    /opt/ros/jazzy/lib/librmw_dds_common__rosidl_generator_c.so
7e6b63e83000-7e6b63e85000 r-xp 00002000 103:06 540581                    /opt/ros/jazzy/lib/librmw_dds_common__rosidl_generator_c.so
7e6b63e85000-7e6b63e86000 r--p 00004000 103:06 540581                    /opt/ros/jazzy/lib/librmw_dds_common__rosidl_generator_c.so
7e6b63e86000-7e6b63e87000 r--p 00005000 103:06 540581                    /opt/ros/jazzy/lib/librmw_dds_common__rosidl_generator_c.so
7e6b63e87000-7e6b63e88000 rw-p 00006000 103:06 540581                    /opt/ros/jazzy/lib/librmw_dds_common__rosidl_generator_c.so
7e6b63e88000-7e6b63e89000 r--p 00000000 103:06 540384                    /opt/ros/jazzy/lib/librosidl_typesupport_introspection_c.so
7e6b63e89000-7e6b63e8a000 r-xp 00001000 103:06 540384                    /opt/ros/jazzy/lib/librosidl_typesupport_introspection_c.so
7e6b63e8a000-7e6b63e8b000 r--p 00002000 103:06 540384                    /opt/ros/jazzy/lib/librosidl_typesupport_introspection_c.so
7e6b63e8b000-7e6b63e8c000 r--p 00002000 103:06 540384                    /opt/ros/jazzy/lib/librosidl_typesupport_introspection_c.so
7e6b63e8c000-7e6b63e8d000 rw-p 00003000 103:06 540384                    /opt/ros/jazzy/lib/librosidl_typesupport_introspection_c.so
7e6b63e8d000-7e6b63e8e000 r--p 00000000 103:06 540390                    /opt/ros/jazzy/lib/librosidl_typesupport_introspection_cpp.so
7e6b63e8e000-7e6b63e8f000 r-xp 00001000 103:06 540390                    /opt/ros/jazzy/lib/librosidl_typesupport_introspection_cpp.so
7e6b63e8f000-7e6b63e90000 r--p 00002000 103:06 540390                    /opt/ros/jazzy/lib/librosidl_typesupport_introspection_cpp.so
7e6b63e90000-7e6b63e91000 r--p 00002000 103:06 540390                    /opt/ros/jazzy/lib/librosidl_typesupport_introspection_cpp.so
7e6b63e91000-7e6b63e92000 rw-p 00003000 103:06 540390                    /opt/ros/jazzy/lib/librosidl_typesupport_introspection_cpp.so
7e6b63e92000-7e6b63e9a000 r--p 00000000 103:06 528974                    /opt/ros/jazzy/lib/libfastcdr.so.2.2.5
7e6b63e9a000-7e6b63ea5000 r-xp 00008000 103:06 528974                    /opt/ros/jazzy/lib/libfastcdr.so.2.2.5
7e6b63ea5000-7e6b63ea9000 r--p 00013000 103:06 528974                    /opt/ros/jazzy/lib/libfastcdr.so.2.2.5
7e6b63ea9000-7e6b63eaa000 r--p 00016000 103:06 528974                    /opt/ros/jazzy/lib/libfastcdr.so.2.2.5
7e6b63eaa000-7e6b63eab000 rw-p 00017000 103:06 528974                    /opt/ros/jazzy/lib/libfastcdr.so.2.2.5
7e6b63eab000-7e6b63ebc000 r--p 00000000 103:06 526875                    /opt/ros/jazzy/lib/librosidl_dynamic_typesupport_fastrtps.so
7e6b63ebc000-7e6b63ed4000 r-xp 00011000 103:06 526875                    /opt/ros/jazzy/lib/librosidl_dynamic_typesupport_fastrtps.so
7e6b63ed4000-7e6b63edc000 r--p 00029000 103:06 526875                    /opt/ros/jazzy/lib/librosidl_dynamic_typesupport_fastrtps.so
7e6b63edc000-7e6b63edd000 r--p 00030000 103:06 526875                    /opt/ros/jazzy/lib/librosidl_dynamic_typesupport_fastrtps.so
7e6b63edd000-7e6b63ede000 rw-p 00031000 103:06 526875                    /opt/ros/jazzy/lib/librosidl_dynamic_typesupport_fastrtps.so
7e6b63ede000-7e6b63ee0000 rw-p 00000000 00:00 0 
7e6b63ee0000-7e6b63ee7000 r--p 00000000 103:06 540577                    /opt/ros/jazzy/lib/librmw_dds_common.so
7e6b63ee7000-7e6b63efa000 r-xp 00007000 103:06 540577                    /opt/ros/jazzy/lib/librmw_dds_common.so
7e6b63efa000-7e6b63efe000 r--p 0001a000 103:06 540577                    /opt/ros/jazzy/lib/librmw_dds_common.so
7e6b63efe000-7e6b63eff000 r--p 0001e000 103:06 540577                    /opt/ros/jazzy/lib/librmw_dds_common.so
7e6b63eff000-7e6b63f00000 rw-p 0001f000 103:06 540577                    /opt/ros/jazzy/lib/librmw_dds_common.so
7e6b63f00000-7e6b64021000 rw-p 00000000 00:00 0 
7e6b64021000-7e6b68000000 ---p 00000000 00:00 0 
7e6b68001000-7e6b68003000 r--p 00000000 103:06 540587                    /opt/ros/jazzy/lib/librmw_dds_common__rosidl_typesupport_cpp.so
7e6b68003000-7e6b68004000 r-xp 00002000 103:06 540587                    /opt/ros/jazzy/lib/librmw_dds_common__rosidl_typesupport_cpp.so
7e6b68004000-7e6b68005000 r--p 00003000 103:06 540587                    /opt/ros/jazzy/lib/librmw_dds_common__rosidl_typesupport_cpp.so
7e6b68005000-7e6b68006000 r--p 00003000 103:06 540587                    /opt/ros/jazzy/lib/librmw_dds_common__rosidl_typesupport_cpp.so
7e6b68006000-7e6b68007000 rw-p 00004000 103:06 540587                    /opt/ros/jazzy/lib/librmw_dds_common__rosidl_typesupport_cpp.so
7e6b68007000-7e6b68008000 r--p 00000000 103:06 540378                    /opt/ros/jazzy/lib/librosidl_typesupport_fastrtps_c.so
7e6b68008000-7e6b68009000 r-xp 00001000 103:06 540378                    /opt/ros/jazzy/lib/librosidl_typesupport_fastrtps_c.so
7e6b68009000-7e6b6800a000 r--p 00002000 103:06 540378                    /opt/ros/jazzy/lib/librosidl_typesupport_fastrtps_c.so
7e6b6800a000-7e6b6800b000 r--p 00002000 103:06 540378                    /opt/ros/jazzy/lib/librosidl_typesupport_fastrtps_c.so
7e6b6800b000-7e6b6800c000 rw-p 00003000 103:06 540378                    /opt/ros/jazzy/lib/librosidl_typesupport_fastrtps_c.so
7e6b6800c000-7e6b6800d000 r--p 00000000 103:06 540373                    /opt/ros/jazzy/lib/librosidl_typesupport_fastrtps_cpp.so
7e6b6800d000-7e6b6800e000 r-xp 00001000 103:06 540373                    /opt/ros/jazzy/lib/librosidl_typesupport_fastrtps_cpp.so
7e6b6800e000-7e6b6800f000 r--p 00002000 103:06 540373                    /opt/ros/jazzy/lib/librosidl_typesupport_fastrtps_cpp.so
7e6b6800f000-7e6b68010000 r--p 00002000 103:06 540373                    /opt/ros/jazzy/lib/librosidl_typesupport_fastrtps_cpp.so
7e6b68010000-7e6b68011000 rw-p 00003000 103:06 540373                    /opt/ros/jazzy/lib/librosidl_typesupport_fastrtps_cpp.so
7e6b68011000-7e6b68028000 r--p 00000000 103:06 526871                    /opt/ros/jazzy/lib/librmw_fastrtps_shared_cpp.so
7e6b68028000-7e6b68075000 r-xp 00017000 103:06 526871                    /opt/ros/jazzy/lib/librmw_fastrtps_shared_cpp.so
7e6b68075000-7e6b68083000 r--p 00064000 103:06 526871                    /opt/ros/jazzy/lib/librmw_fastrtps_shared_cpp.so
7e6b68083000-7e6b68085000 r--p 00072000 103:06 526871                    /opt/ros/jazzy/lib/librmw_fastrtps_shared_cpp.so
7e6b68085000-7e6b68086000 rw-p 00074000 103:06 526871                    /opt/ros/jazzy/lib/librmw_fastrtps_shared_cpp.so
7e6b68086000-7e6b68097000 rw-p 00000000 00:00 0 
7e6b68097000-7e6b680a5000 r--p 00000000 103:06 526879                    /opt/ros/jazzy/lib/librmw_fastrtps_cpp.so
7e6b680a5000-7e6b680cc000 r-xp 0000e000 103:06 526879                    /opt/ros/jazzy/lib/librmw_fastrtps_cpp.so
7e6b680cc000-7e6b680d5000 r--p 00035000 103:06 526879                    /opt/ros/jazzy/lib/librmw_fastrtps_cpp.so
7e6b680d5000-7e6b680d7000 r--p 0003d000 103:06 526879                    /opt/ros/jazzy/lib/librmw_fastrtps_cpp.so
7e6b680d7000-7e6b680d8000 rw-p 0003f000 103:06 526879                    /opt/ros/jazzy/lib/librmw_fastrtps_cpp.so
7e6b680d8000-7e6b680e0000 rw-p 00000000 00:00 0 
7e6b680e0000-7e6b680e7000 r--p 00000000 103:06 545766                    /opt/ros/jazzy/lib/libtf2.so
7e6b680e7000-7e6b680fc000 r-xp 00007000 103:06 545766                    /opt/ros/jazzy/lib/libtf2.so
7e6b680fc000-7e6b68100000 r--p 0001c000 103:06 545766                    /opt/ros/jazzy/lib/libtf2.so
7e6b68100000-7e6b68101000 r--p 00020000 103:06 545766                    /opt/ros/jazzy/lib/libtf2.so
7e6b68101000-7e6b68102000 rw-p 00021000 103:06 545766                    /opt/ros/jazzy/lib/libtf2.so
7e6b68102000-7e6b68105000 r--p 00000000 103:06 930224                    /opt/ros/jazzy/lib/python3.12/site-packages/tf2_py/_tf2_py.so
7e6b68105000-7e6b6810f000 r-xp 00003000 103:06 930224                    /opt/ros/jazzy/lib/python3.12/site-packages/tf2_py/_tf2_py.so
7e6b6810f000-7e6b68111000 r--p 0000d000 103:06 930224                    /opt/ros/jazzy/lib/python3.12/site-packages/tf2_py/_tf2_py.so
7e6b68111000-7e6b68112000 r--p 0000e000 103:06 930224                    /opt/ros/jazzy/lib/python3.12/site-packages/tf2_py/_tf2_py.so
7e6b68112000-7e6b68113000 rw-p 0000f000 103:06 930224                    /opt/ros/jazzy/lib/python3.12/site-packages/tf2_py/_tf2_py.so
7e6b68113000-7e6b6811a000 r--p 00000000 103:07 1320969                   /home/vicen/.local/lib/python3.12/site-packages/numpy/random/_generator.cpython-312-x86_64-linux-gnu.so
7e6b6811a000-7e6b68196000 r-xp 00007000 103:07 1320969                   /home/vicen/.local/lib/python3.12/site-packages/numpy/random/_generator.cpython-312-x86_64-linux-gnu.so
7e6b68196000-7e6b681ea000 r--p 00083000 103:07 1320969                   /home/vicen/.local/lib/python3.12/site-packages/numpy/random/_generator.cpython-312-x86_64-linux-gnu.so
7e6b681ea000-7e6b681eb000 r--p 000d6000 103:07 1320969                   /home/vicen/.local/lib/python3.12/site-packages/numpy/random/_generator.cpython-312-x86_64-linux-gnu.so
7e6b681eb000-7e6b681ed000 rw-p 000d7000 103:07 1320969                   /home/vicen/.local/lib/python3.12/site-packages/numpy/random/_generator.cpython-312-x86_64-linux-gnu.so
7e6b681ed000-7e6b681ef000 rw-p 00000000 00:00 0 
7e6b681ef000-7e6b681f2000 r--p 00000000 103:07 1320979                   /home/vicen/.local/lib/python3.12/site-packages/numpy/random/_sfc64.cpython-312-x86_64-linux-gnu.so
7e6b681f2000-7e6b681fb000 r-xp 00003000 103:07 1320979                   /home/vicen/.local/lib/python3.12/site-packages/numpy/random/_sfc64.cpython-312-x86_64-linux-gnu.so
7e6b681fb000-7e6b681fe000 r--p 0000c000 103:07 1320979                   /home/vicen/.local/lib/python3.12/site-packages/numpy/random/_sfc64.cpython-312-x86_64-linux-gnu.so
7e6b681fe000-7e6b681ff000 r--p 0000e000 103:07 1320979                   /home/vicen/.local/lib/python3.12/site-packages/numpy/random/_sfc64.cpython-312-x86_64-linux-gnu.so
7e6b681ff000-7e6b68200000 rw-p 0000f000 103:07 1320979                   /home/vicen/.local/lib/python3.12/site-packages/numpy/random/_sfc64.cpython-312-x86_64-linux-gnu.so
7e6b68200000-7e6b68204000 r--p 00000000 103:07 1320963                   /home/vicen/.local/lib/python3.12/site-packages/numpy/random/_bounded_integers.cpython-312-x86_64-linux-gnu.so
7e6b68204000-7e6b68247000 r-xp 00004000 103:07 1320963                   /home/vicen/.local/lib/python3.12/site-packages/numpy/random/_bounded_integers.cpython-312-x86_64-linux-gnu.so
7e6b68247000-7e6b68250000 r--p 00047000 103:07 1320963                   /home/vicen/.local/lib/python3.12/site-packages/numpy/random/_bounded_integers.cpython-312-x86_64-linux-gnu.so
7e6b68250000-7e6b68251000 r--p 0004f000 103:07 1320963                   /home/vicen/.local/lib/python3.12/site-packages/numpy/random/_bounded_integers.cpython-312-x86_64-linux-gnu.so
7e6b68251000-7e6b68252000 rw-p 00050000 103:07 1320963                   /home/vicen/.local/lib/python3.12/site-packages/numpy/random/_bounded_integers.cpython-312-x86_64-linux-gnu.so
7e6b68252000-7e6b68257000 r--p 00000000 103:07 1320985                   /home/vicen/.local/lib/python3.12/site-packages/numpy/random/mtrand.cpython-312-x86_64-linux-gnu.so
7e6b68257000-7e6b682ab000 r-xp 00005000 103:07 1320985                   /home/vicen/.local/lib/python3.12/site-packages/numpy/random/mtrand.cpython-312-x86_64-linux-gnu.so
7e6b682ab000-7e6b682fc000 r--p 00059000 103:07 1320985                   /home/vicen/.local/lib/python3.12/site-packages/numpy/random/mtrand.cpython-312-x86_64-linux-gnu.so
7e6b682fc000-7e6b682fd000 r--p 000a9000 103:07 1320985                   /home/vicen/.local/lib/python3.12/site-packages/numpy/random/mtrand.cpython-312-x86_64-linux-gnu.so
7e6b682fd000-7e6b682fe000 rw-p 000aa000 103:07 1320985                   /home/vicen/.local/lib/python3.12/site-packages/numpy/random/mtrand.cpython-312-x86_64-linux-gnu.so
7e6b682fe000-7e6b68400000 rw-p 00000000 00:00 0 
7e6b68400000-7e6b68676000 r-xp 00000000 103:07 1349475                   /home/vicen/.local/lib/python3.12/site-packages/numpy.libs/libgfortran-040039e1.so.5.0.0
7e6b68676000-7e6b68875000 ---p 00276000 103:07 1349475                   /home/vicen/.local/lib/python3.12/site-packages/numpy.libs/libgfortran-040039e1.so.5.0.0
7e6b68875000-7e6b68876000 r--p 00275000 103:07 1349475                   /home/vicen/.local/lib/python3.12/site-packages/numpy.libs/libgfortran-040039e1.so.5.0.0
7e6b68876000-7e6b68878000 rw-p 00276000 103:07 1349475                   /home/vicen/.local/lib/python3.12/site-packages/numpy.libs/libgfortran-040039e1.so.5.0.0
7e6b68878000-7e6b6888d000 rw-p 0027b000 103:07 1349475                   /home/vicen/.local/lib/python3.12/site-packages/numpy.libs/libgfortran-040039e1.so.5.0.0
7e6b68890000-7e6b68893000 r--p 00000000 103:07 1320973                   /home/vicen/.local/lib/python3.12/site-packages/numpy/random/_pcg64.cpython-312-x86_64-linux-gnu.so
7e6b68893000-7e6b688a5000 r-xp 00003000 103:07 1320973                   /home/vicen/.local/lib/python3.12/site-packages/numpy/random/_pcg64.cpython-312-x86_64-linux-gnu.so
7e6b688a5000-7e6b688aa000 r--p 00015000 103:07 1320973                   /home/vicen/.local/lib/python3.12/site-packages/numpy/random/_pcg64.cpython-312-x86_64-linux-gnu.so
7e6b688aa000-7e6b688ab000 r--p 00019000 103:07 1320973                   /home/vicen/.local/lib/python3.12/site-packages/numpy/random/_pcg64.cpython-312-x86_64-linux-gnu.so
7e6b688ab000-7e6b688ac000 rw-p 0001a000 103:07 1320973                   /home/vicen/.local/lib/python3.12/site-packages/numpy/random/_pcg64.cpython-312-x86_64-linux-gnu.so
7e6b688ac000-7e6b688af000 r--p 00000000 103:07 1320975                   /home/vicen/.local/lib/python3.12/site-packages/numpy/random/_philox.cpython-312-x86_64-linux-gnu.so
7e6b688af000-7e6b688be000 r-xp 00003000 103:07 1320975                   /home/vicen/.local/lib/python3.12/site-packages/numpy/random/_philox.cpython-312-x86_64-linux-gnu.so
7e6b688be000-7e6b688c2000 r--p 00012000 103:07 1320975                   /home/vicen/.local/lib/python3.12/site-packages/numpy/random/_philox.cpython-312-x86_64-linux-gnu.so
7e6b688c2000-7e6b688c3000 r--p 00015000 103:07 1320975                   /home/vicen/.local/lib/python3.12/site-packages/numpy/random/_philox.cpython-312-x86_64-linux-gnu.so
7e6b688c3000-7e6b688c4000 rw-p 00016000 103:07 1320975                   /home/vicen/.local/lib/python3.12/site-packages/numpy/random/_philox.cpython-312-x86_64-linux-gnu.so
7e6b688c4000-7e6b688c8000 r--p 00000000 103:07 1320966                   /home/vicen/.local/lib/python3.12/site-packages/numpy/random/_common.cpython-312-x86_64-linux-gnu.so
7e6b688c8000-7e6b688f8000 r-xp 00004000 103:07 1320966                   /home/vicen/.local/lib/python3.12/site-packages/numpy/random/_common.cpython-312-x86_64-linux-gnu.so
7e6b688f8000-7e6b688fc000 r--p 00034000 103:07 1320966                   /home/vicen/.local/lib/python3.12/site-packages/numpy/random/_common.cpython-312-x86_64-linux-gnu.so
7e6b688fc000-7e6b688fd000 ---p 00038000 103:07 1320966                   /home/vicen/.local/lib/python3.12/site-packages/numpy/random/_common.cpython-312-x86_64-linux-gnu.so
7e6b688fd000-7e6b688fe000 r--p 00038000 103:07 1320966                   /home/vicen/.local/lib/python3.12/site-packages/numpy/random/_common.cpython-312-x86_64-linux-gnu.so
7e6b688fe000-7e6b688ff000 rw-p 00039000 103:07 1320966                   /home/vicen/.local/lib/python3.12/site-packages/numpy/random/_common.cpython-312-x86_64-linux-gnu.so
7e6b688ff000-7e6b68a00000 rw-p 00000000 00:00 0 
7e6b68a00000-7e6b68b0a000 r--p 00000000 103:07 1349473                   /home/vicen/.local/lib/python3.12/site-packages/numpy.libs/libopenblas64_p-r0-0cf96a72.3.23.dev.so
7e6b68b0a000-7e6b68b12000 r-xp 0010a000 103:07 1349473                   /home/vicen/.local/lib/python3.12/site-packages/numpy.libs/libopenblas64_p-r0-0cf96a72.3.23.dev.so
7e6b68b12000-7e6b68b18000 ---p 00112000 103:07 1349473                   /home/vicen/.local/lib/python3.12/site-packages/numpy.libs/libopenblas64_p-r0-0cf96a72.3.23.dev.so
7e6b68b18000-7e6b6a799000 r-xp 00118000 103:07 1349473                   /home/vicen/.local/lib/python3.12/site-packages/numpy.libs/libopenblas64_p-r0-0cf96a72.3.23.dev.so
7e6b6a799000-7e6b6a9a9000 r--p 01d99000 103:07 1349473                   /home/vicen/.local/lib/python3.12/site-packages/numpy.libs/libopenblas64_p-r0-0cf96a72.3.23.dev.so
7e6b6a9a9000-7e6b6a9aa000 ---p 01fa9000 103:07 1349473                   /home/vicen/.local/lib/python3.12/site-packages/numpy.libs/libopenblas64_p-r0-0cf96a72.3.23.dev.so
7e6b6a9aa000-7e6b6a9b0000 r--p 01fa9000 103:07 1349473                   /home/vicen/.local/lib/python3.12/site-packages/numpy.libs/libopenblas64_p-r0-0cf96a72.3.23.dev.so
7e6b6a9b0000-7e6b6a9c7000 rw-p 01faf000 103:07 1349473                   /home/vicen/.local/lib/python3.12/site-packages/numpy.libs/libopenblas64_p-r0-0cf96a72.3.23.dev.so
7e6b6a9c7000-7e6b6a9d3000 rw-p 00000000 00:00 0 
7e6b6a9d3000-7e6b6aa7f000 rw-p 020d4000 103:07 1349473                   /home/vicen/.local/lib/python3.12/site-packages/numpy.libs/libopenblas64_p-r0-0cf96a72.3.23.dev.so
7e6b6aa80000-7e6b6aa83000 r--p 00000000 103:07 1320971                   /home/vicen/.local/lib/python3.12/site-packages/numpy/random/_mt19937.cpython-312-x86_64-linux-gnu.so
7e6b6aa83000-7e6b6aa94000 r-xp 00003000 103:07 1320971                   /home/vicen/.local/lib/python3.12/site-packages/numpy/random/_mt19937.cpython-312-x86_64-linux-gnu.so
7e6b6aa94000-7e6b6aa99000 r--p 00014000 103:07 1320971                   /home/vicen/.local/lib/python3.12/site-packages/numpy/random/_mt19937.cpython-312-x86_64-linux-gnu.so
7e6b6aa99000-7e6b6aa9a000 r--p 00018000 103:07 1320971                   /home/vicen/.local/lib/python3.12/site-packages/numpy/random/_mt19937.cpython-312-x86_64-linux-gnu.so
7e6b6aa9a000-7e6b6aa9b000 rw-p 00019000 103:07 1320971                   /home/vicen/.local/lib/python3.12/site-packages/numpy/random/_mt19937.cpython-312-x86_64-linux-gnu.so
7e6b6aa9b000-7e6b6aaa0000 r--p 00000000 103:07 1320981                   /home/vicen/.local/lib/python3.12/site-packages/numpy/random/bit_generator.cpython-312-x86_64-linux-gnu.so
7e6b6aaa0000-7e6b6aac1000 r-xp 00005000 103:07 1320981                   /home/vicen/.local/lib/python3.12/site-packages/numpy/random/bit_generator.cpython-312-x86_64-linux-gnu.so
7e6b6aac1000-7e6b6aacb000 r--p 00026000 103:07 1320981                   /home/vicen/.local/lib/python3.12/site-packages/numpy/random/bit_generator.cpython-312-x86_64-linux-gnu.so
7e6b6aacb000-7e6b6aacc000 r--p 0002f000 103:07 1320981                   /home/vicen/.local/lib/python3.12/site-packages/numpy/random/bit_generator.cpython-312-x86_64-linux-gnu.so
7e6b6aacc000-7e6b6aace000 rw-p 00030000 103:07 1320981                   /home/vicen/.local/lib/python3.12/site-packages/numpy/random/bit_generator.cpython-312-x86_64-linux-gnu.so
7e6b6aace000-7e6b6aacf000 rw-p 00000000 00:00 0 
7e6b6aacf000-7e6b6aad5000 r--p 00000000 103:07 1349433                   /home/vicen/.local/lib/python3.12/site-packages/numpy/linalg/_umath_linalg.cpython-312-x86_64-linux-gnu.so
7e6b6aad5000-7e6b6aaf5000 r-xp 00006000 103:07 1349433                   /home/vicen/.local/lib/python3.12/site-packages/numpy/linalg/_umath_linalg.cpython-312-x86_64-linux-gnu.so
7e6b6aaf5000-7e6b6aafa000 r--p 00026000 103:07 1349433                   /home/vicen/.local/lib/python3.12/site-packages/numpy/linalg/_umath_linalg.cpython-312-x86_64-linux-gnu.so
7e6b6aafa000-7e6b6aafb000 r--p 0002a000 103:07 1349433                   /home/vicen/.local/lib/python3.12/site-packages/numpy/linalg/_umath_linalg.cpython-312-x86_64-linux-gnu.so
7e6b6aafb000-7e6b6aafc000 rw-p 0002b000 103:07 1349433                   /home/vicen/.local/lib/python3.12/site-packages/numpy/linalg/_umath_linalg.cpython-312-x86_64-linux-gnu.so
7e6b6aafc000-7e6b6aafd000 rw-p 00000000 00:00 0 
7e6b6aafd000-7e6b6ab00000 rw-p 00032000 103:07 1349433                   /home/vicen/.local/lib/python3.12/site-packages/numpy/linalg/_umath_linalg.cpython-312-x86_64-linux-gnu.so
7e6b6ab00000-7e6b6ac00000 rw-p 00000000 00:00 0 
7e6b6ac00000-7e6b6ac2b000 r--p 00000000 103:07 1349436                   /home/vicen/.local/lib/python3.12/site-packages/numpy/core/_multiarray_umath.cpython-312-x86_64-linux-gnu.so
7e6b6ac2b000-7e6b6b113000 r-xp 0002b000 103:07 1349436                   /home/vicen/.local/lib/python3.12/site-packages/numpy/core/_multiarray_umath.cpython-312-x86_64-linux-gnu.so
7e6b6b113000-7e6b6b286000 r--p 00513000 103:07 1349436                   /home/vicen/.local/lib/python3.12/site-packages/numpy/core/_multiarray_umath.cpython-312-x86_64-linux-gnu.so
7e6b6b286000-7e6b6b287000 ---p 00686000 103:07 1349436                   /home/vicen/.local/lib/python3.12/site-packages/numpy/core/_multiarray_umath.cpython-312-x86_64-linux-gnu.so
7e6b6b287000-7e6b6b289000 r--p 00686000 103:07 1349436                   /home/vicen/.local/lib/python3.12/site-packages/numpy/core/_multiarray_umath.cpython-312-x86_64-linux-gnu.so
7e6b6b289000-7e6b6b2ac000 rw-p 00688000 103:07 1349436                   /home/vicen/.local/lib/python3.12/site-packages/numpy/core/_multiarray_umath.cpython-312-x86_64-linux-gnu.so
7e6b6b2ac000-7e6b6b2cc000 rw-p 00000000 00:00 0 
7e6b6b2cc000-7e6b6b2d7000 rw-p 00714000 103:07 1349436                   /home/vicen/.local/lib/python3.12/site-packages/numpy/core/_multiarray_umath.cpython-312-x86_64-linux-gnu.so
7e6b6b2d9000-7e6b6b2da000 r--p 00000000 103:07 1349423                   /home/vicen/.local/lib/python3.12/site-packages/numpy/fft/_pocketfft_internal.cpython-312-x86_64-linux-gnu.so
7e6b6b2da000-7e6b6b2ed000 r-xp 00001000 103:07 1349423                   /home/vicen/.local/lib/python3.12/site-packages/numpy/fft/_pocketfft_internal.cpython-312-x86_64-linux-gnu.so
7e6b6b2ed000-7e6b6b2ef000 r--p 00014000 103:07 1349423                   /home/vicen/.local/lib/python3.12/site-packages/numpy/fft/_pocketfft_internal.cpython-312-x86_64-linux-gnu.so
7e6b6b2ef000-7e6b6b2f0000 r--p 00015000 103:07 1349423                   /home/vicen/.local/lib/python3.12/site-packages/numpy/fft/_pocketfft_internal.cpython-312-x86_64-linux-gnu.so
7e6b6b2f0000-7e6b6b2f1000 rw-p 00016000 103:07 1349423                   /home/vicen/.local/lib/python3.12/site-packages/numpy/fft/_pocketfft_internal.cpython-312-x86_64-linux-gnu.so
7e6b6b2f1000-7e6b6b2f7000 r--p 00000000 103:06 808427                    /usr/lib/python3.12/lib-dynload/_ctypes.cpython-312-x86_64-linux-gnu.so
7e6b6b2f7000-7e6b6b309000 r-xp 00006000 103:06 808427                    /usr/lib/python3.12/lib-dynload/_ctypes.cpython-312-x86_64-linux-gnu.so
7e6b6b309000-7e6b6b30f000 r--p 00018000 103:06 808427                    /usr/lib/python3.12/lib-dynload/_ctypes.cpython-312-x86_64-linux-gnu.so
7e6b6b30f000-7e6b6b310000 r--p 0001d000 103:06 808427                    /usr/lib/python3.12/lib-dynload/_ctypes.cpython-312-x86_64-linux-gnu.so
7e6b6b310000-7e6b6b314000 rw-p 0001e000 103:06 808427                    /usr/lib/python3.12/lib-dynload/_ctypes.cpython-312-x86_64-linux-gnu.so
7e6b6b314000-7e6b6b31b000 r--p 00000000 103:07 1349438                   /home/vicen/.local/lib/python3.12/site-packages/numpy/core/_multiarray_tests.cpython-312-x86_64-linux-gnu.so
7e6b6b31b000-7e6b6b332000 r-xp 00007000 103:07 1349438                   /home/vicen/.local/lib/python3.12/site-packages/numpy/core/_multiarray_tests.cpython-312-x86_64-linux-gnu.so
7e6b6b332000-7e6b6b338000 r--p 0001e000 103:07 1349438                   /home/vicen/.local/lib/python3.12/site-packages/numpy/core/_multiarray_tests.cpython-312-x86_64-linux-gnu.so
7e6b6b338000-7e6b6b339000 r--p 00023000 103:07 1349438                   /home/vicen/.local/lib/python3.12/site-packages/numpy/core/_multiarray_tests.cpython-312-x86_64-linux-gnu.so
7e6b6b339000-7e6b6b33b000 rw-p 00024000 103:07 1349438                   /home/vicen/.local/lib/python3.12/site-packages/numpy/core/_multiarray_tests.cpython-312-x86_64-linux-gnu.so
7e6b6b33b000-7e6b6b43b000 rw-p 00000000 00:00 0 
7e6b6b43b000-7e6b6b442000 r--p 00000000 103:06 808432                    /usr/lib/python3.12/lib-dynload/_decimal.cpython-312-x86_64-linux-gnu.so
7e6b6b442000-7e6b6b482000 r-xp 00007000 103:06 808432                    /usr/lib/python3.12/lib-dynload/_decimal.cpython-312-x86_64-linux-gnu.so
7e6b6b482000-7e6b6b493000 r--p 00047000 103:06 808432                    /usr/lib/python3.12/lib-dynload/_decimal.cpython-312-x86_64-linux-gnu.so
7e6b6b493000-7e6b6b494000 r--p 00057000 103:06 808432                    /usr/lib/python3.12/lib-dynload/_decimal.cpython-312-x86_64-linux-gnu.so
7e6b6b494000-7e6b6b497000 rw-p 00058000 103:06 808432                    /usr/lib/python3.12/lib-dynload/_decimal.cpython-312-x86_64-linux-gnu.so
7e6b6b497000-7e6b6b4d2000 r--p 00000000 103:07 1320363                   /home/vicen/.local/lib/python3.12/site-packages/_jpype.cpython-312-x86_64-linux-gnu.so
7e6b6b4d2000-7e6b6b526000 r-xp 0003b000 103:07 1320363                   /home/vicen/.local/lib/python3.12/site-packages/_jpype.cpython-312-x86_64-linux-gnu.so
7e6b6b526000-7e6b6b54e000 r--p 0008f000 103:07 1320363                   /home/vicen/.local/lib/python3.12/site-packages/_jpype.cpython-312-x86_64-linux-gnu.so
7e6b6b54e000-7e6b6b54f000 ---p 000b7000 103:07 1320363                   /home/vicen/.local/lib/python3.12/site-packages/_jpype.cpython-312-x86_64-linux-gnu.so
7e6b6b54f000-7e6b6b553000 r--p 000b7000 103:07 1320363                   /home/vicen/.local/lib/python3.12/site-packages/_jpype.cpython-312-x86_64-linux-gnu.so
7e6b6b553000-7e6b6b557000 rw-p 000bb000 103:07 1320363                   /home/vicen/.local/lib/python3.12/site-packages/_jpype.cpython-312-x86_64-linux-gnu.so
7e6b6b558000-7e6b6b559000 r--p 00000000 103:06 786596                    /usr/lib/jvm/java-21-openjdk-amd64/lib/libextnet.so
7e6b6b559000-7e6b6b55a000 r-xp 00001000 103:06 786596                    /usr/lib/jvm/java-21-openjdk-amd64/lib/libextnet.so
7e6b6b55a000-7e6b6b55b000 r--p 00002000 103:06 786596                    /usr/lib/jvm/java-21-openjdk-amd64/lib/libextnet.so
7e6b6b55b000-7e6b6b55c000 r--p 00002000 103:06 786596                    /usr/lib/jvm/java-21-openjdk-amd64/lib/libextnet.so
7e6b6b55c000-7e6b6b55d000 rw-p 00003000 103:06 786596                    /usr/lib/jvm/java-21-openjdk-amd64/lib/libextnet.so
7e6b6b55d000-7e6b6b55e000 r--p 00000000 103:06 523836                    /opt/ros/jazzy/lib/libservice_msgs__rosidl_typesupport_c.so
7e6b6b55e000-7e6b6b55f000 r-xp 00001000 103:06 523836                    /opt/ros/jazzy/lib/libservice_msgs__rosidl_typesupport_c.so
7e6b6b55f000-7e6b6b560000 r--p 00002000 103:06 523836                    /opt/ros/jazzy/lib/libservice_msgs__rosidl_typesupport_c.so
7e6b6b560000-7e6b6b561000 r--p 00002000 103:06 523836                    /opt/ros/jazzy/lib/libservice_msgs__rosidl_typesupport_c.so
7e6b6b561000-7e6b6b562000 rw-p 00003000 103:06 523836                    /opt/ros/jazzy/lib/libservice_msgs__rosidl_typesupport_c.so
7e6b6b562000-7e6b6b563000 r--p 00000000 103:06 927596                    /opt/ros/jazzy/lib/python3.12/site-packages/service_msgs/service_msgs_s__rosidl_typesupport_c.so
7e6b6b563000-7e6b6b564000 r-xp 00001000 103:06 927596                    /opt/ros/jazzy/lib/python3.12/site-packages/service_msgs/service_msgs_s__rosidl_typesupport_c.so
7e6b6b564000-7e6b6b565000 r--p 00002000 103:06 927596                    /opt/ros/jazzy/lib/python3.12/site-packages/service_msgs/service_msgs_s__rosidl_typesupport_c.so
7e6b6b565000-7e6b6b566000 r--p 00002000 103:06 927596                    /opt/ros/jazzy/lib/python3.12/site-packages/service_msgs/service_msgs_s__rosidl_typesupport_c.so
7e6b6b566000-7e6b6b567000 rw-p 00003000 103:06 927596                    /opt/ros/jazzy/lib/python3.12/site-packages/service_msgs/service_msgs_s__rosidl_typesupport_c.so
7e6b6b567000-7e6b6b568000 r--p 00000000 103:06 523607                    /opt/ros/jazzy/lib/libbuiltin_interfaces__rosidl_typesupport_c.so
7e6b6b568000-7e6b6b569000 r-xp 00001000 103:06 523607                    /opt/ros/jazzy/lib/libbuiltin_interfaces__rosidl_typesupport_c.so
7e6b6b569000-7e6b6b56a000 r--p 00002000 103:06 523607                    /opt/ros/jazzy/lib/libbuiltin_interfaces__rosidl_typesupport_c.so
7e6b6b56a000-7e6b6b56b000 r--p 00002000 103:06 523607                    /opt/ros/jazzy/lib/libbuiltin_interfaces__rosidl_typesupport_c.so
7e6b6b56b000-7e6b6b56c000 rw-p 00003000 103:06 523607                    /opt/ros/jazzy/lib/libbuiltin_interfaces__rosidl_typesupport_c.so
7e6b6b56c000-7e6b6b56d000 r--p 00000000 103:06 927524                    /opt/ros/jazzy/lib/python3.12/site-packages/builtin_interfaces/builtin_interfaces_s__rosidl_typesupport_c.so
7e6b6b56d000-7e6b6b56e000 r-xp 00001000 103:06 927524                    /opt/ros/jazzy/lib/python3.12/site-packages/builtin_interfaces/builtin_interfaces_s__rosidl_typesupport_c.so
7e6b6b56e000-7e6b6b56f000 r--p 00002000 103:06 927524                    /opt/ros/jazzy/lib/python3.12/site-packages/builtin_interfaces/builtin_interfaces_s__rosidl_typesupport_c.so
7e6b6b56f000-7e6b6b570000 r--p 00002000 103:06 927524                    /opt/ros/jazzy/lib/python3.12/site-packages/builtin_interfaces/builtin_interfaces_s__rosidl_typesupport_c.so
7e6b6b570000-7e6b6b571000 rw-p 00003000 103:06 927524                    /opt/ros/jazzy/lib/python3.12/site-packages/builtin_interfaces/builtin_interfaces_s__rosidl_typesupport_c.so
7e6b6b571000-7e6b6b572000 r--p 00000000 103:06 523597                    /opt/ros/jazzy/lib/libbuiltin_interfaces__rosidl_generator_py.so
7e6b6b572000-7e6b6b573000 r-xp 00001000 103:06 523597                    /opt/ros/jazzy/lib/libbuiltin_interfaces__rosidl_generator_py.so
7e6b6b573000-7e6b6b574000 r--p 00002000 103:06 523597                    /opt/ros/jazzy/lib/libbuiltin_interfaces__rosidl_generator_py.so
7e6b6b574000-7e6b6b575000 r--p 00002000 103:06 523597                    /opt/ros/jazzy/lib/libbuiltin_interfaces__rosidl_generator_py.so
7e6b6b575000-7e6b6b576000 rw-p 00003000 103:06 523597                    /opt/ros/jazzy/lib/libbuiltin_interfaces__rosidl_generator_py.so
7e6b6b576000-7e6b6b577000 r--p 00000000 103:06 523615                    /opt/ros/jazzy/lib/libservice_msgs__rosidl_generator_py.so
7e6b6b577000-7e6b6b578000 r-xp 00001000 103:06 523615                    /opt/ros/jazzy/lib/libservice_msgs__rosidl_generator_py.so
7e6b6b578000-7e6b6b579000 r--p 00002000 103:06 523615                    /opt/ros/jazzy/lib/libservice_msgs__rosidl_generator_py.so
7e6b6b579000-7e6b6b57a000 r--p 00002000 103:06 523615                    /opt/ros/jazzy/lib/libservice_msgs__rosidl_generator_py.so
7e6b6b57a000-7e6b6b57b000 rw-p 00003000 103:06 523615                    /opt/ros/jazzy/lib/libservice_msgs__rosidl_generator_py.so
7e6b6b57b000-7e6b6b57f000 r--p 00000000 103:06 540436                    /opt/ros/jazzy/lib/librcl_interfaces__rosidl_generator_py.so
7e6b6b57f000-7e6b6b594000 r-xp 00004000 103:06 540436                    /opt/ros/jazzy/lib/librcl_interfaces__rosidl_generator_py.so
7e6b6b594000-7e6b6b59b000 r--p 00019000 103:06 540436                    /opt/ros/jazzy/lib/librcl_interfaces__rosidl_generator_py.so
7e6b6b59b000-7e6b6b59c000 r--p 0001f000 103:06 540436                    /opt/ros/jazzy/lib/librcl_interfaces__rosidl_generator_py.so
7e6b6b59c000-7e6b6b59d000 rw-p 00020000 103:06 540436                    /opt/ros/jazzy/lib/librcl_interfaces__rosidl_generator_py.so
7e6b6b59d000-7e6b6b5a4000 r--p 00000000 103:06 932851                    /opt/ros/jazzy/lib/python3.12/site-packages/rcl_interfaces/rcl_interfaces_s__rosidl_typesupport_c.so
7e6b6b5a4000-7e6b6b5aa000 r-xp 00007000 103:06 932851                    /opt/ros/jazzy/lib/python3.12/site-packages/rcl_interfaces/rcl_interfaces_s__rosidl_typesupport_c.so
7e6b6b5aa000-7e6b6b5ae000 r--p 0000d000 103:06 932851                    /opt/ros/jazzy/lib/python3.12/site-packages/rcl_interfaces/rcl_interfaces_s__rosidl_typesupport_c.so
7e6b6b5ae000-7e6b6b5af000 r--p 00010000 103:06 932851                    /opt/ros/jazzy/lib/python3.12/site-packages/rcl_interfaces/rcl_interfaces_s__rosidl_typesupport_c.so
7e6b6b5af000-7e6b6b5b0000 rw-p 00011000 103:06 932851                    /opt/ros/jazzy/lib/python3.12/site-packages/rcl_interfaces/rcl_interfaces_s__rosidl_typesupport_c.so
7e6b6b5b0000-7e6b6b5b2000 r--p 00000000 103:06 808433                    /usr/lib/python3.12/lib-dynload/_json.cpython-312-x86_64-linux-gnu.so
7e6b6b5b2000-7e6b6b5b9000 r-xp 00002000 103:06 808433                    /usr/lib/python3.12/lib-dynload/_json.cpython-312-x86_64-linux-gnu.so
7e6b6b5b9000-7e6b6b5bb000 r--p 00009000 103:06 808433                    /usr/lib/python3.12/lib-dynload/_json.cpython-312-x86_64-linux-gnu.so
7e6b6b5bb000-7e6b6b5bc000 r--p 0000a000 103:06 808433                    /usr/lib/python3.12/lib-dynload/_json.cpython-312-x86_64-linux-gnu.so
7e6b6b5bc000-7e6b6b5bd000 rw-p 0000b000 103:06 808433                    /usr/lib/python3.12/lib-dynload/_json.cpython-312-x86_64-linux-gnu.so
7e6b6b5bd000-7e6b6b7bd000 rw-p 00000000 00:00 0 
7e6b6b7bd000-7e6b6b7c2000 rw-s 00000000 00:1c 1842                       /dev/shm/shm-event-notifier-error-accounting-1248 (deleted)
7e6b6b7c2000-7e6b6b7c7000 rw-s 00000000 00:1c 1841                       /dev/shm/shm-event-notifier-error-accounting-1248 (deleted)
7e6b6b7c7000-7e6b6b7cc000 rw-s 00000000 00:1c 1840                       /dev/shm/shm-event-notifier-error-accounting-1248 (deleted)
7e6b6b7cc000-7e6b6b7d1000 rw-s 00000000 00:1c 1839                       /dev/shm/shm-event-notifier-error-accounting-1248 (deleted)
7e6b6b7d1000-7e6b6b7d6000 rw-s 00000000 00:1c 1838                       /dev/shm/shm-event-notifier-error-accounting-1248 (deleted)
7e6b6b7d6000-7e6b6b7db000 rw-s 00000000 00:1c 1837                       /dev/shm/shm-event-notifier-error-accounting-1248 (deleted)
7e6b6b7db000-7e6b6b7e0000 rw-s 00000000 00:1c 1836                       /dev/shm/shm-event-notifier-error-accounting-1248 (deleted)
7e6b6b7e0000-7e6b6b7e5000 rw-s 00000000 00:1c 1835                       /dev/shm/shm-event-notifier-error-accounting-1248 (deleted)
7e6b6b7e5000-7e6b6b7ea000 rw-s 00000000 00:1c 1834                       /dev/shm/shm-event-notifier-error-accounting-1248 (deleted)
7e6b6b7ea000-7e6b6b7ef000 rw-s 00000000 00:1c 1833                       /dev/shm/shm-event-notifier-error-accounting-1248 (deleted)
7e6b6b7ef000-7e6b6b7f0000 ---p 00000000 00:00 0 
7e6b6b7f0000-7e6b6bff0000 rw-p 00000000 00:00 0 
7e6b6bff0000-7e6b6bff1000 ---p 00000000 00:00 0 
7e6b6bff1000-7e6b6c7f1000 rw-p 00000000 00:00 0 
7e6b6c7f1000-7e6b6c7f4000 r--p 00000000 103:06 455040                    /usr/lib/x86_64-linux-gnu/libfmt.so.9.1.0
7e6b6c7f4000-7e6b6c80b000 r-xp 00003000 103:06 455040                    /usr/lib/x86_64-linux-gnu/libfmt.so.9.1.0
7e6b6c80b000-7e6b6c810000 r--p 0001a000 103:06 455040                    /usr/lib/x86_64-linux-gnu/libfmt.so.9.1.0
7e6b6c810000-7e6b6c811000 r--p 0001e000 103:06 455040                    /usr/lib/x86_64-linux-gnu/libfmt.so.9.1.0
7e6b6c811000-7e6b6c812000 rw-p 0001f000 103:06 455040                    /usr/lib/x86_64-linux-gnu/libfmt.so.9.1.0
7e6b6c812000-7e6b6c814000 r--p 00000000 103:06 397376                    /usr/lib/x86_64-linux-gnu/liblttng-ust-tracepoint.so.1.0.0
7e6b6c814000-7e6b6c81b000 r-xp 00002000 103:06 397376                    /usr/lib/x86_64-linux-gnu/liblttng-ust-tracepoint.so.1.0.0
7e6b6c81b000-7e6b6c81d000 r--p 00009000 103:06 397376                    /usr/lib/x86_64-linux-gnu/liblttng-ust-tracepoint.so.1.0.0
7e6b6c81d000-7e6b6c81e000 r--p 0000b000 103:06 397376                    /usr/lib/x86_64-linux-gnu/liblttng-ust-tracepoint.so.1.0.0
7e6b6c81e000-7e6b6c81f000 rw-p 0000c000 103:06 397376                    /usr/lib/x86_64-linux-gnu/liblttng-ust-tracepoint.so.1.0.0
7e6b6c81f000-7e6b6c82f000 rw-p 00000000 00:00 0 
7e6b6c82f000-7e6b6c831000 r--p 00000000 103:06 392869                    /usr/lib/x86_64-linux-gnu/liblttng-ust-common.so.1.0.0
7e6b6c831000-7e6b6c838000 r-xp 00002000 103:06 392869                    /usr/lib/x86_64-linux-gnu/liblttng-ust-common.so.1.0.0
7e6b6c838000-7e6b6c83a000 r--p 00009000 103:06 392869                    /usr/lib/x86_64-linux-gnu/liblttng-ust-common.so.1.0.0
7e6b6c83a000-7e6b6c83b000 r--p 0000a000 103:06 392869                    /usr/lib/x86_64-linux-gnu/liblttng-ust-common.so.1.0.0
7e6b6c83b000-7e6b6c83c000 rw-p 0000b000 103:06 392869                    /usr/lib/x86_64-linux-gnu/liblttng-ust-common.so.1.0.0
7e6b6c83c000-7e6b6c83f000 r--p 00000000 103:06 397121                    /usr/lib/x86_64-linux-gnu/libnuma.so.1.0.0
7e6b6c83f000-7e6b6c846000 r-xp 00003000 103:06 397121                    /usr/lib/x86_64-linux-gnu/libnuma.so.1.0.0
7e6b6c846000-7e6b6c848000 r--p 0000a000 103:06 397121                    /usr/lib/x86_64-linux-gnu/libnuma.so.1.0.0
7e6b6c848000-7e6b6c849000 r--p 0000b000 103:06 397121                    /usr/lib/x86_64-linux-gnu/libnuma.so.1.0.0
7e6b6c849000-7e6b6c84a000 rw-p 0000c000 103:06 397121                    /usr/lib/x86_64-linux-gnu/libnuma.so.1.0.0
7e6b6c84a000-7e6b6c860000 r--p 00000000 103:06 540435                    /opt/ros/jazzy/lib/librcl_interfaces__rosidl_generator_c.so
7e6b6c860000-7e6b6c87c000 r-xp 00016000 103:06 540435                    /opt/ros/jazzy/lib/librcl_interfaces__rosidl_generator_c.so
7e6b6c87c000-7e6b6c887000 r--p 00032000 103:06 540435                    /opt/ros/jazzy/lib/librcl_interfaces__rosidl_generator_c.so
7e6b6c887000-7e6b6c88a000 r--p 0003c000 103:06 540435                    /opt/ros/jazzy/lib/librcl_interfaces__rosidl_generator_c.so
7e6b6c88a000-7e6b6c895000 rw-p 0003f000 103:06 540435                    /opt/ros/jazzy/lib/librcl_interfaces__rosidl_generator_c.so
7e6b6c895000-7e6b6c898000 rw-p 00000000 00:00 0 
7e6b6c898000-7e6b6c8cb000 r--p 00000000 103:06 456157                    /usr/lib/x86_64-linux-gnu/libspdlog.so.1.12.0
7e6b6c8cb000-7e6b6c90b000 r-xp 00033000 103:06 456157                    /usr/lib/x86_64-linux-gnu/libspdlog.so.1.12.0
7e6b6c90b000-7e6b6c91b000 r--p 00073000 103:06 456157                    /usr/lib/x86_64-linux-gnu/libspdlog.so.1.12.0
7e6b6c91b000-7e6b6c91e000 r--p 00083000 103:06 456157                    /usr/lib/x86_64-linux-gnu/libspdlog.so.1.12.0
7e6b6c91e000-7e6b6c91f000 rw-p 00086000 103:06 456157                    /usr/lib/x86_64-linux-gnu/libspdlog.so.1.12.0
7e6b6c91f000-7e6b6c921000 r--p 00000000 103:06 523593                    /opt/ros/jazzy/lib/libbuiltin_interfaces__rosidl_generator_c.so
7e6b6c921000-7e6b6c923000 r-xp 00002000 103:06 523593                    /opt/ros/jazzy/lib/libbuiltin_interfaces__rosidl_generator_c.so
7e6b6c923000-7e6b6c924000 r--p 00004000 103:06 523593                    /opt/ros/jazzy/lib/libbuiltin_interfaces__rosidl_generator_c.so
7e6b6c924000-7e6b6c925000 r--p 00004000 103:06 523593                    /opt/ros/jazzy/lib/libbuiltin_interfaces__rosidl_generator_c.so
7e6b6c925000-7e6b6c926000 rw-p 00005000 103:06 523593                    /opt/ros/jazzy/lib/libbuiltin_interfaces__rosidl_generator_c.so
7e6b6c926000-7e6b6c927000 r--p 00000000 103:06 523611                    /opt/ros/jazzy/lib/libservice_msgs__rosidl_generator_c.so
7e6b6c927000-7e6b6c928000 r-xp 00001000 103:06 523611                    /opt/ros/jazzy/lib/libservice_msgs__rosidl_generator_c.so
7e6b6c928000-7e6b6c929000 r--p 00002000 103:06 523611                    /opt/ros/jazzy/lib/libservice_msgs__rosidl_generator_c.so
7e6b6c929000-7e6b6c92a000 r--p 00002000 103:06 523611                    /opt/ros/jazzy/lib/libservice_msgs__rosidl_generator_c.so
7e6b6c92a000-7e6b6c92b000 rw-p 00003000 103:06 523611                    /opt/ros/jazzy/lib/libservice_msgs__rosidl_generator_c.so
7e6b6c92b000-7e6b6c937000 r--p 00000000 103:06 397377                    /usr/lib/x86_64-linux-gnu/liblttng-ust.so.1.0.0
7e6b6c937000-7e6b6c982000 r-xp 0000c000 103:06 397377                    /usr/lib/x86_64-linux-gnu/liblttng-ust.so.1.0.0
7e6b6c982000-7e6b6c99b000 r--p 00057000 103:06 397377                    /usr/lib/x86_64-linux-gnu/liblttng-ust.so.1.0.0
7e6b6c99b000-7e6b6c99f000 r--p 00070000 103:06 397377                    /usr/lib/x86_64-linux-gnu/liblttng-ust.so.1.0.0
7e6b6c99f000-7e6b6c9a5000 rw-p 00074000 103:06 397377                    /usr/lib/x86_64-linux-gnu/liblttng-ust.so.1.0.0
7e6b6c9a5000-7e6b6c9ae000 rw-p 00000000 00:00 0 
7e6b6c9ae000-7e6b6c9af000 r--p 00000000 103:06 540157                    /opt/ros/jazzy/lib/librosidl_typesupport_c.so
7e6b6c9af000-7e6b6c9b1000 r-xp 00001000 103:06 540157                    /opt/ros/jazzy/lib/librosidl_typesupport_c.so
7e6b6c9b1000-7e6b6c9b2000 r--p 00003000 103:06 540157                    /opt/ros/jazzy/lib/librosidl_typesupport_c.so
7e6b6c9b2000-7e6b6c9b3000 r--p 00003000 103:06 540157                    /opt/ros/jazzy/lib/librosidl_typesupport_c.so
7e6b6c9b3000-7e6b6c9b4000 rw-p 00004000 103:06 540157                    /opt/ros/jazzy/lib/librosidl_typesupport_c.so
7e6b6c9b4000-7e6b6c9b8000 r--p 00000000 103:06 540036                    /opt/ros/jazzy/lib/librcpputils.so
7e6b6c9b8000-7e6b6c9bf000 r-xp 00004000 103:06 540036                    /opt/ros/jazzy/lib/librcpputils.so
7e6b6c9bf000-7e6b6c9c1000 r--p 0000b000 103:06 540036                    /opt/ros/jazzy/lib/librcpputils.so
7e6b6c9c1000-7e6b6c9c2000 r--p 0000c000 103:06 540036                    /opt/ros/jazzy/lib/librcpputils.so
7e6b6c9c2000-7e6b6c9c3000 rw-p 0000d000 103:06 540036                    /opt/ros/jazzy/lib/librcpputils.so
7e6b6c9c3000-7e6b6c9c6000 r--p 00000000 103:06 526486                    /opt/ros/jazzy/lib/libament_index_cpp.so
7e6b6c9c6000-7e6b6c9cc000 r-xp 00003000 103:06 526486                    /opt/ros/jazzy/lib/libament_index_cpp.so
7e6b6c9cc000-7e6b6c9cd000 r--p 00009000 103:06 526486                    /opt/ros/jazzy/lib/libament_index_cpp.so
7e6b6c9cd000-7e6b6c9ce000 r--p 00009000 103:06 526486                    /opt/ros/jazzy/lib/libament_index_cpp.so
7e6b6c9ce000-7e6b6c9cf000 rw-p 0000a000 103:06 526486                    /opt/ros/jazzy/lib/libament_index_cpp.so
7e6b6c9cf000-7e6b6c9d6000 r--p 00000000 103:06 538631                    /opt/ros/jazzy/lib/librosidl_dynamic_typesupport.so
7e6b6c9d6000-7e6b6c9e1000 r-xp 00007000 103:06 538631                    /opt/ros/jazzy/lib/librosidl_dynamic_typesupport.so
7e6b6c9e1000-7e6b6c9e5000 r--p 00012000 103:06 538631                    /opt/ros/jazzy/lib/librosidl_dynamic_typesupport.so
7e6b6c9e5000-7e6b6c9e6000 r--p 00015000 103:06 538631                    /opt/ros/jazzy/lib/librosidl_dynamic_typesupport.so
7e6b6c9e6000-7e6b6c9e7000 rw-p 00016000 103:06 538631                    /opt/ros/jazzy/lib/librosidl_dynamic_typesupport.so
7e6b6c9e7000-7e6b6c9e8000 rw-p 00000000 00:00 0 
7e6b6c9e8000-7e6b6c9ee000 r--p 00000000 103:06 526887                    /opt/ros/jazzy/lib/libtype_description_interfaces__rosidl_generator_c.so
7e6b6c9ee000-7e6b6c9f6000 r-xp 00006000 103:06 526887                    /opt/ros/jazzy/lib/libtype_description_interfaces__rosidl_generator_c.so
7e6b6c9f6000-7e6b6c9f9000 r--p 0000e000 103:06 526887                    /opt/ros/jazzy/lib/libtype_description_interfaces__rosidl_generator_c.so
7e6b6c9f9000-7e6b6c9fa000 r--p 00011000 103:06 526887                    /opt/ros/jazzy/lib/libtype_description_interfaces__rosidl_generator_c.so
7e6b6c9fa000-7e6b6c9ff000 rw-p 00012000 103:06 526887                    /opt/ros/jazzy/lib/libtype_description_interfaces__rosidl_generator_c.so
7e6b6c9ff000-7e6b6ca00000 rw-p 00000000 00:00 0 
7e6b6ca00000-7e6b6ca9d000 r--p 00000000 103:06 395534                    /usr/lib/x86_64-linux-gnu/libstdc++.so.6.0.33
7e6b6ca9d000-7e6b6cbe5000 r-xp 0009d000 103:06 395534                    /usr/lib/x86_64-linux-gnu/libstdc++.so.6.0.33
7e6b6cbe5000-7e6b6cc6c000 r--p 001e5000 103:06 395534                    /usr/lib/x86_64-linux-gnu/libstdc++.so.6.0.33
7e6b6cc6c000-7e6b6cc77000 r--p 0026b000 103:06 395534                    /usr/lib/x86_64-linux-gnu/libstdc++.so.6.0.33
7e6b6cc77000-7e6b6cc7a000 rw-p 00276000 103:06 395534                    /usr/lib/x86_64-linux-gnu/libstdc++.so.6.0.33
7e6b6cc7a000-7e6b6cc7e000 rw-p 00000000 00:00 0 
7e6b6cc81000-7e6b6cc84000 r--p 00000000 103:06 526889                    /opt/ros/jazzy/lib/libtype_description_interfaces__rosidl_typesupport_c.so
7e6b6cc84000-7e6b6cc85000 r-xp 00003000 103:06 526889                    /opt/ros/jazzy/lib/libtype_description_interfaces__rosidl_typesupport_c.so
7e6b6cc85000-7e6b6cc86000 r--p 00004000 103:06 526889                    /opt/ros/jazzy/lib/libtype_description_interfaces__rosidl_typesupport_c.so
7e6b6cc86000-7e6b6cc87000 r--p 00005000 103:06 526889                    /opt/ros/jazzy/lib/libtype_description_interfaces__rosidl_typesupport_c.so
7e6b6cc87000-7e6b6cc88000 rw-p 00006000 103:06 526889                    /opt/ros/jazzy/lib/libtype_description_interfaces__rosidl_typesupport_c.so
7e6b6cc88000-7e6b6cc91000 r--p 00000000 103:06 540437                    /opt/ros/jazzy/lib/librcl_interfaces__rosidl_typesupport_c.so
7e6b6cc91000-7e6b6cc92000 r-xp 00009000 103:06 540437                    /opt/ros/jazzy/lib/librcl_interfaces__rosidl_typesupport_c.so
7e6b6cc92000-7e6b6cc95000 r--p 0000a000 103:06 540437                    /opt/ros/jazzy/lib/librcl_interfaces__rosidl_typesupport_c.so
7e6b6cc95000-7e6b6cc97000 r--p 0000c000 103:06 540437                    /opt/ros/jazzy/lib/librcl_interfaces__rosidl_typesupport_c.so
7e6b6cc97000-7e6b6cc98000 rw-p 0000e000 103:06 540437                    /opt/ros/jazzy/lib/librcl_interfaces__rosidl_typesupport_c.so
7e6b6cc98000-7e6b6cc9c000 r--p 00000000 103:06 526616                    /opt/ros/jazzy/lib/librcl_logging_spdlog.so
7e6b6cc9c000-7e6b6cc9f000 r-xp 00004000 103:06 526616                    /opt/ros/jazzy/lib/librcl_logging_spdlog.so
7e6b6cc9f000-7e6b6cca0000 r--p 00007000 103:06 526616                    /opt/ros/jazzy/lib/librcl_logging_spdlog.so
7e6b6cca0000-7e6b6cca1000 r--p 00008000 103:06 526616                    /opt/ros/jazzy/lib/librcl_logging_spdlog.so
7e6b6cca1000-7e6b6cca2000 rw-p 00009000 103:06 526616                    /opt/ros/jazzy/lib/librcl_logging_spdlog.so
7e6b6cca2000-7e6b6ccac000 r--p 00000000 103:06 527176                    /opt/ros/jazzy/lib/liblifecycle_msgs__rosidl_generator_c.so
7e6b6ccac000-7e6b6ccb8000 r-xp 0000a000 103:06 527176                    /opt/ros/jazzy/lib/liblifecycle_msgs__rosidl_generator_c.so
7e6b6ccb8000-7e6b6ccbd000 r--p 00016000 103:06 527176                    /opt/ros/jazzy/lib/liblifecycle_msgs__rosidl_generator_c.so
7e6b6ccbd000-7e6b6ccbf000 r--p 0001a000 103:06 527176                    /opt/ros/jazzy/lib/liblifecycle_msgs__rosidl_generator_c.so
7e6b6ccbf000-7e6b6ccc4000 rw-p 0001c000 103:06 527176                    /opt/ros/jazzy/lib/liblifecycle_msgs__rosidl_generator_c.so
7e6b6ccc4000-7e6b6ccc6000 rw-p 00000000 00:00 0 
7e6b6ccc6000-7e6b6ccd0000 r--p 00000000 103:06 526648                    /opt/ros/jazzy/lib/libtracetools.so
7e6b6ccd0000-7e6b6ccd7000 r-xp 0000a000 103:06 526648                    /opt/ros/jazzy/lib/libtracetools.so
7e6b6ccd7000-7e6b6ccdb000 r--p 00011000 103:06 526648                    /opt/ros/jazzy/lib/libtracetools.so
7e6b6ccdb000-7e6b6ccde000 r--p 00015000 103:06 526648                    /opt/ros/jazzy/lib/libtracetools.so
7e6b6ccde000-7e6b6cce0000 rw-p 00018000 103:06 526648                    /opt/ros/jazzy/lib/libtracetools.so
7e6b6cce0000-7e6b6cce7000 r--p 00000000 103:06 538617                    /opt/ros/jazzy/lib/librosidl_runtime_c.so
7e6b6cce7000-7e6b6ccf4000 r-xp 00007000 103:06 538617                    /opt/ros/jazzy/lib/librosidl_runtime_c.so
7e6b6ccf4000-7e6b6ccfa000 r--p 00014000 103:06 538617                    /opt/ros/jazzy/lib/librosidl_runtime_c.so
7e6b6ccfa000-7e6b6ccfb000 r--p 00019000 103:06 538617                    /opt/ros/jazzy/lib/librosidl_runtime_c.so
7e6b6ccfb000-7e6b6ccff000 rw-p 0001a000 103:06 538617                    /opt/ros/jazzy/lib/librosidl_runtime_c.so
7e6b6ccff000-7e6b6cd03000 r--p 00000000 103:06 410847                    /usr/lib/x86_64-linux-gnu/libgcc_s.so.1
7e6b6cd03000-7e6b6cd27000 r-xp 00004000 103:06 410847                    /usr/lib/x86_64-linux-gnu/libgcc_s.so.1
7e6b6cd27000-7e6b6cd2b000 r--p 00028000 103:06 410847                    /usr/lib/x86_64-linux-gnu/libgcc_s.so.1
7e6b6cd2b000-7e6b6cd2c000 r--p 0002b000 103:06 410847                    /usr/lib/x86_64-linux-gnu/libgcc_s.so.1
7e6b6cd2c000-7e6b6cd2d000 rw-p 0002c000 103:06 410847                    /usr/lib/x86_64-linux-gnu/libgcc_s.so.1
7e6b6cd30000-7e6b6cd31000 r--p 00000000 00:00 0 
7e6b6cd31000-7e6b6cd36000 rw-s 00000000 00:1c 1832                       /dev/shm/shm-event-notifier-error-accounting-1248 (deleted)
7e6b6cd36000-7e6b6cd3b000 rw-s 00000000 00:1c 1831                       /dev/shm/shm-event-notifier-error-accounting-1248 (deleted)
7e6b6cd3b000-7e6b6cd40000 rw-s 00000000 00:1c 1830                       /dev/shm/shm-event-notifier-error-accounting-1248 (deleted)
7e6b6cd40000-7e6b6cd45000 rw-s 00000000 00:1c 1829                       /dev/shm/shm-event-notifier-error-accounting-1248 (deleted)
7e6b6cd45000-7e6b6cd4a000 rw-s 00000000 00:1c 1828                       /dev/shm/shm-event-notifier-error-accounting-1248 (deleted)
7e6b6cd4a000-7e6b6cd4f000 rw-s 00000000 00:1c 1827                       /dev/shm/shm-event-notifier-error-accounting-1248 (deleted)
7e6b6cd4f000-7e6b6cd54000 rw-s 00000000 00:1c 1826                       /dev/shm/shm-event-notifier-error-accounting-1248 (deleted)
7e6b6cd54000-7e6b6cd59000 rw-s 00000000 00:1c 1825                       /dev/shm/shm-event-notifier-error-accounting-1248 (deleted)
7e6b6cd59000-7e6b6cd5e000 rw-s 00000000 00:1c 1824                       /dev/shm/shm-event-notifier-error-accounting-1248 (deleted)
7e6b6cd5e000-7e6b6cd63000 rw-s 00000000 00:1c 1823                       /dev/shm/shm-event-notifier-error-accounting-1248 (deleted)
7e6b6cd63000-7e6b6cd68000 r--p 00000000 103:06 538458                    /opt/ros/jazzy/lib/librcutils.so
7e6b6cd68000-7e6b6cd75000 r-xp 00005000 103:06 538458                    /opt/ros/jazzy/lib/librcutils.so
7e6b6cd75000-7e6b6cd7b000 r--p 00012000 103:06 538458                    /opt/ros/jazzy/lib/librcutils.so
7e6b6cd7b000-7e6b6cd7c000 r--p 00017000 103:06 538458                    /opt/ros/jazzy/lib/librcutils.so
7e6b6cd7c000-7e6b6cd7d000 rw-p 00018000 103:06 538458                    /opt/ros/jazzy/lib/librcutils.so
7e6b6cd7d000-7e6b6cd83000 rw-p 00000000 00:00 0 
7e6b6cd83000-7e6b6cd86000 r--p 00000000 103:06 539898                    /opt/ros/jazzy/lib/librmw.so
7e6b6cd86000-7e6b6cd8a000 r-xp 00003000 103:06 539898                    /opt/ros/jazzy/lib/librmw.so
7e6b6cd8a000-7e6b6cd8c000 r--p 00007000 103:06 539898                    /opt/ros/jazzy/lib/librmw.so
7e6b6cd8c000-7e6b6cd8d000 r--p 00009000 103:06 539898                    /opt/ros/jazzy/lib/librmw.so
7e6b6cd8d000-7e6b6cd8e000 rw-p 0000a000 103:06 539898                    /opt/ros/jazzy/lib/librmw.so
7e6b6cd8e000-7e6b6cd9a000 r--p 00000000 103:06 526925                    /opt/ros/jazzy/lib/librcl.so
7e6b6cd9a000-7e6b6cdc4000 r-xp 0000c000 103:06 526925                    /opt/ros/jazzy/lib/librcl.so
7e6b6cdc4000-7e6b6cdd2000 r--p 00036000 103:06 526925                    /opt/ros/jazzy/lib/librcl.so
7e6b6cdd2000-7e6b6cdd3000 r--p 00043000 103:06 526925                    /opt/ros/jazzy/lib/librcl.so
7e6b6cdd3000-7e6b6cdd5000 rw-p 00044000 103:06 526925                    /opt/ros/jazzy/lib/librcl.so
7e6b6cdd5000-7e6b6cdef000 r--p 00000000 103:06 928696                    /opt/ros/jazzy/lib/python3.12/site-packages/rclpy/_rclpy_pybind11.cpython-312-x86_64-linux-gnu.so
7e6b6cdef000-7e6b6cec2000 r-xp 0001a000 103:06 928696                    /opt/ros/jazzy/lib/python3.12/site-packages/rclpy/_rclpy_pybind11.cpython-312-x86_64-linux-gnu.so
7e6b6cec2000-7e6b6cef9000 r--p 000ed000 103:06 928696                    /opt/ros/jazzy/lib/python3.12/site-packages/rclpy/_rclpy_pybind11.cpython-312-x86_64-linux-gnu.so
7e6b6cef9000-7e6b6cefe000 r--p 00123000 103:06 928696                    /opt/ros/jazzy/lib/python3.12/site-packages/rclpy/_rclpy_pybind11.cpython-312-x86_64-linux-gnu.so
7e6b6cefe000-7e6b6cf00000 rw-p 00128000 103:06 928696                    /opt/ros/jazzy/lib/python3.12/site-packages/rclpy/_rclpy_pybind11.cpython-312-x86_64-linux-gnu.so
7e6b6cf00000-7e6b6d400000 rw-p 00000000 00:00 0 
7e6b6d400000-7e6b6dc54000 r--p 00000000 103:06 392473                    /usr/lib/locale/locale-archive
7e6b6dc54000-7e6b6dc59000 r--p 00000000 103:06 527180                    /opt/ros/jazzy/lib/liblifecycle_msgs__rosidl_typesupport_c.so
7e6b6dc59000-7e6b6dc5a000 r-xp 00005000 103:06 527180                    /opt/ros/jazzy/lib/liblifecycle_msgs__rosidl_typesupport_c.so
7e6b6dc5a000-7e6b6dc5c000 r--p 00006000 103:06 527180                    /opt/ros/jazzy/lib/liblifecycle_msgs__rosidl_typesupport_c.so
7e6b6dc5c000-7e6b6dc5d000 r--p 00007000 103:06 527180                    /opt/ros/jazzy/lib/liblifecycle_msgs__rosidl_typesupport_c.so
7e6b6dc5d000-7e6b6dc5e000 rw-p 00008000 103:06 527180                    /opt/ros/jazzy/lib/liblifecycle_msgs__rosidl_typesupport_c.so
7e6b6dc5e000-7e6b6dc61000 r--p 00000000 103:06 526883                    /opt/ros/jazzy/lib/librmw_implementation.so
7e6b6dc61000-7e6b6dc66000 r-xp 00003000 103:06 526883                    /opt/ros/jazzy/lib/librmw_implementation.so
7e6b6dc66000-7e6b6dc69000 r--p 00008000 103:06 526883                    /opt/ros/jazzy/lib/librmw_implementation.so
7e6b6dc69000-7e6b6dc6a000 r--p 0000a000 103:06 526883                    /opt/ros/jazzy/lib/librmw_implementation.so
7e6b6dc6a000-7e6b6dc6b000 rw-p 0000b000 103:06 526883                    /opt/ros/jazzy/lib/librmw_implementation.so
7e6b6dc6b000-7e6b6dc6d000 r--p 00000000 103:06 540447                    /opt/ros/jazzy/lib/librcl_yaml_param_parser.so
7e6b6dc6d000-7e6b6dc73000 r-xp 00002000 103:06 540447                    /opt/ros/jazzy/lib/librcl_yaml_param_parser.so
7e6b6dc73000-7e6b6dc75000 r--p 00008000 103:06 540447                    /opt/ros/jazzy/lib/librcl_yaml_param_parser.so
7e6b6dc75000-7e6b6dc76000 r--p 00009000 103:06 540447                    /opt/ros/jazzy/lib/librcl_yaml_param_parser.so
7e6b6dc76000-7e6b6dc77000 rw-p 0000a000 103:06 540447                    /opt/ros/jazzy/lib/librcl_yaml_param_parser.so
7e6b6dc77000-7e6b6dc79000 r--p 00000000 103:06 527264                    /opt/ros/jazzy/lib/librcl_lifecycle.so
7e6b6dc79000-7e6b6dc7d000 r-xp 00002000 103:06 527264                    /opt/ros/jazzy/lib/librcl_lifecycle.so
7e6b6dc7d000-7e6b6dc7f000 r--p 00006000 103:06 527264                    /opt/ros/jazzy/lib/librcl_lifecycle.so
7e6b6dc7f000-7e6b6dc80000 r--p 00007000 103:06 527264                    /opt/ros/jazzy/lib/librcl_lifecycle.so
7e6b6dc80000-7e6b6dc81000 rw-p 00008000 103:06 527264                    /opt/ros/jazzy/lib/librcl_lifecycle.so
7e6b6dc81000-7e6b6dc85000 r--p 00000000 103:06 527312                    /opt/ros/jazzy/lib/librcl_action.so
7e6b6dc85000-7e6b6dc8e000 r-xp 00004000 103:06 527312                    /opt/ros/jazzy/lib/librcl_action.so
7e6b6dc8e000-7e6b6dc92000 r--p 0000d000 103:06 527312                    /opt/ros/jazzy/lib/librcl_action.so
7e6b6dc92000-7e6b6dc93000 r--p 00010000 103:06 527312                    /opt/ros/jazzy/lib/librcl_action.so
7e6b6dc93000-7e6b6dc94000 rw-p 00011000 103:06 527312                    /opt/ros/jazzy/lib/librcl_action.so
7e6b6dc94000-7e6b6dc9a000 r--p 00000000 103:06 414003                    /usr/lib/python3/dist-packages/yaml/_yaml.cpython-312-x86_64-linux-gnu.so
7e6b6dc9a000-7e6b6dcc5000 r-xp 00006000 103:06 414003                    /usr/lib/python3/dist-packages/yaml/_yaml.cpython-312-x86_64-linux-gnu.so
7e6b6dcc5000-7e6b6dcc9000 r--p 00031000 103:06 414003                    /usr/lib/python3/dist-packages/yaml/_yaml.cpython-312-x86_64-linux-gnu.so
7e6b6dcc9000-7e6b6dcca000 r--p 00034000 103:06 414003                    /usr/lib/python3/dist-packages/yaml/_yaml.cpython-312-x86_64-linux-gnu.so
7e6b6dcca000-7e6b6dccd000 rw-p 00035000 103:06 414003                    /usr/lib/python3/dist-packages/yaml/_yaml.cpython-312-x86_64-linux-gnu.so
7e6b6dccd000-7e6b6dcd1000 r--p 00000000 103:06 808593                    /usr/lib/python3.12/lib-dynload/_hashlib.cpython-312-x86_64-linux-gnu.so
7e6b6dcd1000-7e6b6dcd7000 r-xp 00004000 103:06 808593                    /usr/lib/python3.12/lib-dynload/_hashlib.cpython-312-x86_64-linux-gnu.so
7e6b6dcd7000-7e6b6dcdb000 r--p 0000a000 103:06 808593                    /usr/lib/python3.12/lib-dynload/_hashlib.cpython-312-x86_64-linux-gnu.so
7e6b6dcdb000-7e6b6dcdc000 r--p 0000d000 103:06 808593                    /usr/lib/python3.12/lib-dynload/_hashlib.cpython-312-x86_64-linux-gnu.so
7e6b6dcdc000-7e6b6dcde000 rw-p 0000e000 103:06 808593                    /usr/lib/python3.12/lib-dynload/_hashlib.cpython-312-x86_64-linux-gnu.so
7e6b6dcde000-7e6b6dce0000 r--p 00000000 103:06 392900                    /usr/lib/x86_64-linux-gnu/libffi.so.8.1.4
7e6b6dce0000-7e6b6dce7000 r-xp 00002000 103:06 392900                    /usr/lib/x86_64-linux-gnu/libffi.so.8.1.4
7e6b6dce7000-7e6b6dce8000 r--p 00009000 103:06 392900                    /usr/lib/x86_64-linux-gnu/libffi.so.8.1.4
7e6b6dce8000-7e6b6dce9000 r--p 0000a000 103:06 392900                    /usr/lib/x86_64-linux-gnu/libffi.so.8.1.4
7e6b6dce9000-7e6b6dcea000 rw-p 0000b000 103:06 392900                    /usr/lib/x86_64-linux-gnu/libffi.so.8.1.4
7e6b6dcea000-7e6b6dceb000 r--p 00000000 103:06 808425                    /usr/lib/python3.12/lib-dynload/_contextvars.cpython-312-x86_64-linux-gnu.so
7e6b6dceb000-7e6b6dcec000 r-xp 00001000 103:06 808425                    /usr/lib/python3.12/lib-dynload/_contextvars.cpython-312-x86_64-linux-gnu.so
7e6b6dcec000-7e6b6dced000 r--p 00002000 103:06 808425                    /usr/lib/python3.12/lib-dynload/_contextvars.cpython-312-x86_64-linux-gnu.so
7e6b6dced000-7e6b6dcee000 r--p 00002000 103:06 808425                    /usr/lib/python3.12/lib-dynload/_contextvars.cpython-312-x86_64-linux-gnu.so
7e6b6dcee000-7e6b6dcef000 rw-p 00003000 103:06 808425                    /usr/lib/python3.12/lib-dynload/_contextvars.cpython-312-x86_64-linux-gnu.so
7e6b6dcef000-7e6b6dcf0000 r--p 00000000 103:06 414964                    /usr/lib/x86_64-linux-gnu/libpthread.so.0
7e6b6dcf0000-7e6b6dcf1000 r-xp 00001000 103:06 414964                    /usr/lib/x86_64-linux-gnu/libpthread.so.0
7e6b6dcf1000-7e6b6dcf2000 r--p 00002000 103:06 414964                    /usr/lib/x86_64-linux-gnu/libpthread.so.0
7e6b6dcf2000-7e6b6dcf3000 r--p 00002000 103:06 414964                    /usr/lib/x86_64-linux-gnu/libpthread.so.0
7e6b6dcf3000-7e6b6dcf4000 rw-p 00003000 103:06 414964                    /usr/lib/x86_64-linux-gnu/libpthread.so.0
7e6b6dcf4000-7e6b6dcf5000 r--p 00000000 103:06 414954                    /usr/lib/x86_64-linux-gnu/libdl.so.2
7e6b6dcf5000-7e6b6dcf6000 r-xp 00001000 103:06 414954                    /usr/lib/x86_64-linux-gnu/libdl.so.2
7e6b6dcf6000-7e6b6dcf7000 r--p 00002000 103:06 414954                    /usr/lib/x86_64-linux-gnu/libdl.so.2
7e6b6dcf7000-7e6b6dcf8000 r--p 00002000 103:06 414954                    /usr/lib/x86_64-linux-gnu/libdl.so.2
7e6b6dcf8000-7e6b6dcf9000 rw-p 00003000 103:06 414954                    /usr/lib/x86_64-linux-gnu/libdl.so.2
7e6b6dcf9000-7e6b6dcfb000 r--p 00000000 103:06 808439                    /usr/lib/python3.12/lib-dynload/_queue.cpython-312-x86_64-linux-gnu.so
7e6b6dcfb000-7e6b6dcfd000 r-xp 00002000 103:06 808439                    /usr/lib/python3.12/lib-dynload/_queue.cpython-312-x86_64-linux-gnu.so
7e6b6dcfd000-7e6b6dcfe000 r--p 00004000 103:06 808439                    /usr/lib/python3.12/lib-dynload/_queue.cpython-312-x86_64-linux-gnu.so
7e6b6dcfe000-7e6b6dcff000 r--p 00004000 103:06 808439                    /usr/lib/python3.12/lib-dynload/_queue.cpython-312-x86_64-linux-gnu.so
7e6b6dcff000-7e6b6dd00000 rw-p 00005000 103:06 808439                    /usr/lib/python3.12/lib-dynload/_queue.cpython-312-x86_64-linux-gnu.so
7e6b6dd00000-7e6b6de00000 rw-p 00000000 00:00 0 
7e6b6de00000-7e6b6de28000 r--p 00000000 103:06 414952                    /usr/lib/x86_64-linux-gnu/libc.so.6
7e6b6de28000-7e6b6dfb0000 r-xp 00028000 103:06 414952                    /usr/lib/x86_64-linux-gnu/libc.so.6
7e6b6dfb0000-7e6b6dfff000 r--p 001b0000 103:06 414952                    /usr/lib/x86_64-linux-gnu/libc.so.6
7e6b6dfff000-7e6b6e003000 r--p 001fe000 103:06 414952                    /usr/lib/x86_64-linux-gnu/libc.so.6
7e6b6e003000-7e6b6e005000 rw-p 00202000 103:06 414952                    /usr/lib/x86_64-linux-gnu/libc.so.6
7e6b6e005000-7e6b6e012000 rw-p 00000000 00:00 0 
7e6b6e012000-7e6b6e013000 ---p 00000000 00:00 0 
7e6b6e013000-7e6b6e014000 r--p 00000000 00:00 0 
7e6b6e014000-7e6b6e017000 r--p 00000000 103:06 394794                    /usr/lib/x86_64-linux-gnu/liblzma.so.5.4.5
7e6b6e017000-7e6b6e039000 r-xp 00003000 103:06 394794                    /usr/lib/x86_64-linux-gnu/liblzma.so.5.4.5
7e6b6e039000-7e6b6e044000 r--p 00025000 103:06 394794                    /usr/lib/x86_64-linux-gnu/liblzma.so.5.4.5
7e6b6e044000-7e6b6e045000 r--p 00030000 103:06 394794                    /usr/lib/x86_64-linux-gnu/liblzma.so.5.4.5
7e6b6e045000-7e6b6e046000 rw-p 00031000 103:06 394794                    /usr/lib/x86_64-linux-gnu/liblzma.so.5.4.5
7e6b6e046000-7e6b6e048000 r--p 00000000 103:06 392577                    /usr/lib/x86_64-linux-gnu/libbz2.so.1.0.4
7e6b6e048000-7e6b6e056000 r-xp 00002000 103:06 392577                    /usr/lib/x86_64-linux-gnu/libbz2.so.1.0.4
7e6b6e056000-7e6b6e058000 r--p 00010000 103:06 392577                    /usr/lib/x86_64-linux-gnu/libbz2.so.1.0.4
7e6b6e058000-7e6b6e059000 r--p 00011000 103:06 392577                    /usr/lib/x86_64-linux-gnu/libbz2.so.1.0.4
7e6b6e059000-7e6b6e05a000 rw-p 00012000 103:06 392577                    /usr/lib/x86_64-linux-gnu/libbz2.so.1.0.4
7e6b6e05a000-7e6b6e05b000 ---p 00000000 00:00 0 
7e6b6e05b000-7e6b6e05c000 r--s 00000000 00:1c 1822                       /dev/shm/lttng-ust-wait-8-1000
7e6b6e05c000-7e6b6e05d000 r--s 00000000 00:1c 2                          /dev/shm/lttng-ust-wait-8
7e6b6e05d000-7e6b6e05e000 r--p 00000000 103:06 526545                    /opt/ros/jazzy/lib/librcl_logging_interface.so
7e6b6e05e000-7e6b6e05f000 r-xp 00001000 103:06 526545                    /opt/ros/jazzy/lib/librcl_logging_interface.so
7e6b6e05f000-7e6b6e060000 r--p 00002000 103:06 526545                    /opt/ros/jazzy/lib/librcl_logging_interface.so
7e6b6e060000-7e6b6e061000 r--p 00002000 103:06 526545                    /opt/ros/jazzy/lib/librcl_logging_interface.so
7e6b6e061000-7e6b6e062000 rw-p 00003000 103:06 526545                    /opt/ros/jazzy/lib/librcl_logging_interface.so
7e6b6e062000-7e6b6e064000 r--p 00000000 103:06 392588                    /usr/lib/x86_64-linux-gnu/libyaml-0.so.2.0.9
7e6b6e064000-7e6b6e07d000 r-xp 00002000 103:06 392588                    /usr/lib/x86_64-linux-gnu/libyaml-0.so.2.0.9
7e6b6e07d000-7e6b6e081000 r--p 0001b000 103:06 392588                    /usr/lib/x86_64-linux-gnu/libyaml-0.so.2.0.9
7e6b6e081000-7e6b6e082000 r--p 0001e000 103:06 392588                    /usr/lib/x86_64-linux-gnu/libyaml-0.so.2.0.9
7e6b6e082000-7e6b6e083000 rw-p 0001f000 103:06 392588                    /usr/lib/x86_64-linux-gnu/libyaml-0.so.2.0.9
7e6b6e083000-7e6b6e086000 r--p 00000000 103:06 808435                    /usr/lib/python3.12/lib-dynload/_lzma.cpython-312-x86_64-linux-gnu.so
7e6b6e086000-7e6b6e08b000 r-xp 00003000 103:06 808435                    /usr/lib/python3.12/lib-dynload/_lzma.cpython-312-x86_64-linux-gnu.so
7e6b6e08b000-7e6b6e08e000 r--p 00008000 103:06 808435                    /usr/lib/python3.12/lib-dynload/_lzma.cpython-312-x86_64-linux-gnu.so
7e6b6e08e000-7e6b6e08f000 r--p 0000a000 103:06 808435                    /usr/lib/python3.12/lib-dynload/_lzma.cpython-312-x86_64-linux-gnu.so
7e6b6e08f000-7e6b6e090000 rw-p 0000b000 103:06 808435                    /usr/lib/python3.12/lib-dynload/_lzma.cpython-312-x86_64-linux-gnu.so
7e6b6e090000-7e6b6e1d6000 rw-p 00000000 00:00 0 
7e6b6e1d6000-7e6b6e1da000 r--p 00000000 103:06 395528                    /usr/lib/x86_64-linux-gnu/libexpat.so.1.9.1
7e6b6e1da000-7e6b6e1f7000 r-xp 00004000 103:06 395528                    /usr/lib/x86_64-linux-gnu/libexpat.so.1.9.1
7e6b6e1f7000-7e6b6e1ff000 r--p 00021000 103:06 395528                    /usr/lib/x86_64-linux-gnu/libexpat.so.1.9.1
7e6b6e1ff000-7e6b6e201000 r--p 00028000 103:06 395528                    /usr/lib/x86_64-linux-gnu/libexpat.so.1.9.1
7e6b6e201000-7e6b6e202000 rw-p 0002a000 103:06 395528                    /usr/lib/x86_64-linux-gnu/libexpat.so.1.9.1
7e6b6e202000-7e6b6e204000 r--p 00000000 103:06 394788                    /usr/lib/x86_64-linux-gnu/libz.so.1.3
7e6b6e204000-7e6b6e216000 r-xp 00002000 103:06 394788                    /usr/lib/x86_64-linux-gnu/libz.so.1.3
7e6b6e216000-7e6b6e21c000 r--p 00014000 103:06 394788                    /usr/lib/x86_64-linux-gnu/libz.so.1.3
7e6b6e21c000-7e6b6e21d000 r--p 0001a000 103:06 394788                    /usr/lib/x86_64-linux-gnu/libz.so.1.3
7e6b6e21d000-7e6b6e21e000 rw-p 0001b000 103:06 394788                    /usr/lib/x86_64-linux-gnu/libz.so.1.3
7e6b6e21e000-7e6b6e22e000 r--p 00000000 103:06 414955                    /usr/lib/x86_64-linux-gnu/libm.so.6
7e6b6e22e000-7e6b6e2ad000 r-xp 00010000 103:06 414955                    /usr/lib/x86_64-linux-gnu/libm.so.6
7e6b6e2ad000-7e6b6e305000 r--p 0008f000 103:06 414955                    /usr/lib/x86_64-linux-gnu/libm.so.6
7e6b6e305000-7e6b6e306000 r--p 000e7000 103:06 414955                    /usr/lib/x86_64-linux-gnu/libm.so.6
7e6b6e306000-7e6b6e307000 rw-p 000e8000 103:06 414955                    /usr/lib/x86_64-linux-gnu/libm.so.6
7e6b6e307000-7e6b6e308000 rw-p 00000000 00:00 0 
7e6b6e308000-7e6b6e30a000 r--p 00000000 103:06 808412                    /usr/lib/python3.12/lib-dynload/_bz2.cpython-312-x86_64-linux-gnu.so
7e6b6e30a000-7e6b6e30d000 r-xp 00002000 103:06 808412                    /usr/lib/python3.12/lib-dynload/_bz2.cpython-312-x86_64-linux-gnu.so
7e6b6e30d000-7e6b6e30f000 r--p 00005000 103:06 808412                    /usr/lib/python3.12/lib-dynload/_bz2.cpython-312-x86_64-linux-gnu.so
7e6b6e30f000-7e6b6e310000 r--p 00006000 103:06 808412                    /usr/lib/python3.12/lib-dynload/_bz2.cpython-312-x86_64-linux-gnu.so
7e6b6e310000-7e6b6e311000 rw-p 00007000 103:06 808412                    /usr/lib/python3.12/lib-dynload/_bz2.cpython-312-x86_64-linux-gnu.so
7e6b6e311000-7e6b6e336000 rw-p 00000000 00:00 0 
7e6b6e336000-7e6b6e33d000 r--s 00000000 103:06 414940                    /usr/lib/x86_64-linux-gnu/gconv/gconv-modules.cache
7e6b6e33d000-7e6b6e33f000 rw-p 00000000 00:00 0 
7e6b6e33f000-7e6b6e343000 r--p 00000000 00:00 0                          [vvar]
7e6b6e343000-7e6b6e345000 r--p 00000000 00:00 0                          [vvar_vclock]
7e6b6e345000-7e6b6e347000 r-xp 00000000 00:00 0                          [vdso]
7e6b6e347000-7e6b6e348000 r--p 00000000 103:06 414949                    /usr/lib/x86_64-linux-gnu/ld-linux-x86-64.so.2
7e6b6e348000-7e6b6e373000 r-xp 00001000 103:06 414949                    /usr/lib/x86_64-linux-gnu/ld-linux-x86-64.so.2
7e6b6e373000-7e6b6e37d000 r--p 0002c000 103:06 414949                    /usr/lib/x86_64-linux-gnu/ld-linux-x86-64.so.2
7e6b6e37d000-7e6b6e37f000 r--p 00036000 103:06 414949                    /usr/lib/x86_64-linux-gnu/ld-linux-x86-64.so.2
7e6b6e37f000-7e6b6e381000 rw-p 00038000 103:06 414949                    /usr/lib/x86_64-linux-gnu/ld-linux-x86-64.so.2
7ffcb197a000-7ffcb197e000 ---p 00000000 00:00 0 
7ffcb197e000-7ffcb1a7a000 rw-p 00000000 00:00 0                          [stack]
ffffffffff600000-ffffffffff601000 --xp 00000000 00:00 0                  [vsyscall]
Total number of mappings: 1248

JVMTI agents: none


VM Arguments:
java_command: <unknown>
java_class_path (initial): /home/vicen/prti1516e/lib/prti1516e.jar:/home/vicen/prti1516e/lib/prticore.jar:/home/vicen/.local/lib/python3.12/site-packages/org.jpype.jar
Launcher Type: generic

[Global flags]
     intx CICompilerCount                          = 12                                        {product} {ergonomic}
     uint ConcGCThreads                            = 4                                         {product} {ergonomic}
     uint G1ConcRefinementThreads                  = 15                                        {product} {ergonomic}
   size_t G1HeapRegionSize                         = 4194304                                   {product} {ergonomic}
    uintx GCDrainStackTargetSize                   = 64                                        {product} {ergonomic}
   size_t InitialHeapSize                          = 524288000                                 {product} {ergonomic}
   size_t MarkStackSize                            = 4194304                                   {product} {ergonomic}
   size_t MaxHeapSize                              = 8334082048                                {product} {ergonomic}
   size_t MaxNewSize                               = 4999610368                                {product} {ergonomic}
   size_t MinHeapDeltaBytes                        = 4194304                                   {product} {ergonomic}
   size_t MinHeapSize                              = 8388608                                   {product} {ergonomic}
    uintx NonNMethodCodeHeapSize                   = 7602480                                {pd product} {ergonomic}
    uintx NonProfiledCodeHeapSize                  = 122027880                              {pd product} {ergonomic}
    uintx ProfiledCodeHeapSize                     = 122027880                              {pd product} {ergonomic}
    uintx ReservedCodeCacheSize                    = 251658240                              {pd product} {ergonomic}
     bool SegmentedCodeCache                       = true                                      {product} {ergonomic}
   size_t SoftMaxHeapSize                          = 8334082048                             {manageable} {ergonomic}
     bool UseCompressedOops                        = true                           {product lp64_product} {ergonomic}
     bool UseG1GC                                  = true                                      {product} {ergonomic}

Logging:
Log output configuration:
 #0: stdout all=warning uptime,level,tags foldmultilines=false
 #1: stderr all=off uptime,level,tags foldmultilines=false

Release file:
IMPLEMENTOR="Ubuntu"
JAVA_RUNTIME_VERSION="21.0.10+7-Ubuntu-124.04"
JAVA_VERSION="21.0.10"
JAVA_VERSION_DATE="2026-01-20"
LIBC="gnu"
MODULES="java.base java.compiler java.datatransfer java.xml java.prefs java.desktop java.instrument java.logging java.management java.security.sasl java.naming java.rmi java.management.rmi java.net.http java.scripting java.security.jgss java.transaction.xa java.sql java.sql.rowset java.xml.crypto java.se java.smartcardio jdk.accessibility jdk.internal.jvmstat jdk.attach jdk.charsets jdk.internal.opt jdk.zipfs jdk.compiler jdk.crypto.ec jdk.crypto.cryptoki jdk.dynalink jdk.internal.ed jdk.editpad jdk.hotspot.agent jdk.httpserver jdk.incubator.vector jdk.internal.le jdk.internal.vm.ci jdk.internal.vm.compiler jdk.internal.vm.compiler.management jdk.jartool jdk.javadoc jdk.jcmd jdk.management jdk.management.agent jdk.jconsole jdk.jdeps jdk.jdwp.agent jdk.jdi jdk.jfr jdk.jlink jdk.jpackage jdk.jshell jdk.jsobject jdk.jstatd jdk.localedata jdk.management.jfr jdk.naming.dns jdk.naming.rmi jdk.net jdk.nio.mapmode jdk.random jdk.sctp jdk.security.auth jdk.security.jgss jdk.unsupported jdk.unsupported.desktop jdk.xml.dom"
OS_ARCH="x86_64"
OS_NAME="Linux"
SOURCE=""

Environment Variables:
PATH=/usr/bin:/home/linuxbrew/.linuxbrew/bin:/home/linuxbrew/.linuxbrew/sbin:/usr/local/cuda-13.0/bin:/home/vicen/.nvm/versions/node/v24.11.0/bin:/home/vicen/.local/bin:/usr/bin:/home/linuxbrew/.linuxbrew/bin:/home/linuxbrew/.linuxbrew/sbin:/usr/local/cuda-13.0/bin:/home/vicen/.nvm/versions/node/v24.11.0/bin:/home/vicen/anaconda3/condabin:/opt/ros/jazzy/opt/gz_msgs_vendor/bin:/opt/ros/jazzy/opt/gz_tools_vendor/bin:/opt/ros/jazzy/opt/gz_ogre_next_vendor/bin:/opt/ros/jazzy/bin:/home/vicen/.local/bin:/usr/local/sbin:/usr/local/bin:/usr/sbin:/usr/bin:/sbin:/bin:/usr/games:/usr/local/games:/snap/bin:/snap/bin:/home/vicen/.antigravity/extensions/ms-python.debugpy-2026.6.0-linux-x64/bundled/scripts/noConfigScripts
USERNAME=vicen
LD_LIBRARY_PATH=/usr/local/cuda-13.0/lib64:/usr/local/cuda-13.0/lib64:/opt/ros/jazzy/opt/gz_sim_vendor/lib:/opt/ros/jazzy/opt/gz_sensors_vendor/lib:/opt/ros/jazzy/opt/gz_physics_vendor/lib:/opt/ros/jazzy/opt/sdformat_vendor/lib:/opt/ros/jazzy/opt/rviz_ogre_vendor/lib:/opt/ros/jazzy/lib/x86_64-linux-gnu:/opt/ros/jazzy/opt/gz_gui_vendor/lib:/opt/ros/jazzy/opt/gz_transport_vendor/lib:/opt/ros/jazzy/opt/gz_rendering_vendor/lib:/opt/ros/jazzy/opt/gz_plugin_vendor/lib:/opt/ros/jazzy/opt/gz_fuel_tools_vendor/lib:/opt/ros/jazzy/opt/gz_msgs_vendor/lib:/opt/ros/jazzy/opt/gz_common_vendor/lib:/opt/ros/jazzy/opt/gz_math_vendor/lib:/opt/ros/jazzy/opt/gz_utils_vendor/lib:/opt/ros/jazzy/opt/gz_tools_vendor/lib:/opt/ros/jazzy/opt/gz_ogre_next_vendor/lib:/opt/ros/jazzy/opt/gz_dartsim_vendor/lib:/opt/ros/jazzy/opt/gz_cmake_vendor/lib:/opt/ros/jazzy/lib
SHELL=/bin/bash
DISPLAY=:1
LANG=en_US.UTF-8
LC_ALL=en_US.UTF-8
TERM=xterm-256color

Active Locale:
LC_ALL=LC_CTYPE=en_US.UTF-8;LC_NUMERIC=C;LC_TIME=C;LC_COLLATE=C;LC_MONETARY=C;LC_MESSAGES=C;LC_PAPER=en_US.UTF-8;LC_NAME=en_US.UTF-8;LC_ADDRESS=en_US.UTF-8;LC_TELEPHONE=en_US.UTF-8;LC_MEASUREMENT=en_US.UTF-8;LC_IDENTIFICATION=en_US.UTF-8
LC_COLLATE=C
LC_CTYPE=en_US.UTF-8
LC_MESSAGES=C
LC_MONETARY=C
LC_NUMERIC=C
LC_TIME=C

Signal Handlers:
   SIGSEGV: crash_handler in libjvm.so, mask=11100100010111111101111111111110, flags=SA_RESTART|SA_SIGINFO, unblocked
    SIGBUS: crash_handler in libjvm.so, mask=11100100010111111101111111111110, flags=SA_RESTART|SA_SIGINFO, unblocked
    SIGFPE: crash_handler in libjvm.so, mask=11100100010111111101111111111110, flags=SA_RESTART|SA_SIGINFO, unblocked
   SIGPIPE: javaSignalHandler in libjvm.so, mask=11100100010111111101111111111110, flags=SA_RESTART|SA_SIGINFO, blocked
   SIGXFSZ: javaSignalHandler in libjvm.so, mask=11100100010111111101111111111110, flags=SA_RESTART|SA_SIGINFO, blocked
    SIGILL: crash_handler in libjvm.so, mask=11100100010111111101111111111110, flags=SA_RESTART|SA_SIGINFO, unblocked
   SIGUSR2: SR_handler in libjvm.so, mask=00000000000000000000000000000000, flags=SA_RESTART|SA_SIGINFO, blocked
    SIGHUP: UserHandler in libjvm.so, mask=11100100010111111101111111111110, flags=SA_RESTART|SA_SIGINFO, blocked
    SIGINT: UserHandler in libjvm.so, mask=11100100010111111101111111111110, flags=SA_RESTART|SA_SIGINFO, blocked
   SIGTERM: UserHandler in libjvm.so, mask=11100100010111111101111111111110, flags=SA_RESTART|SA_SIGINFO, blocked
   SIGQUIT: UserHandler in libjvm.so, mask=11100100010111111101111111111110, flags=SA_RESTART|SA_SIGINFO, blocked
   SIGTRAP: crash_handler in libjvm.so, mask=11100100010111111101111111111110, flags=SA_RESTART|SA_SIGINFO, unblocked


Periodic native trim disabled

---------------  S Y S T E M  ---------------

OS:
DISTRIB_ID=Ubuntu
DISTRIB_RELEASE=24.04
DISTRIB_CODENAME=noble
DISTRIB_DESCRIPTION="Ubuntu 24.04.4 LTS"
uname: Linux 6.17.0-23-generic #23~24.04.1-Ubuntu SMP PREEMPT_DYNAMIC Tue Apr 14 16:11:48 UTC 2 x86_64
OS uptime: 0 days 0:16 hours
libc: glibc 2.39 NPTL 2.39 
rlimit (soft/hard): STACK 8192k/infinity , CORE 0k/infinity , NPROC 126297/126297 , NOFILE 1048576/1048576 , AS infinity/infinity , CPU infinity/infinity , DATA infinity/infinity , FSIZE infinity/infinity , MEMLOCK 4067860k/4067860k
load average: 12.53 10.44 5.81

/proc/meminfo:
MemTotal:       32542908 kB
MemFree:        13269452 kB
MemAvailable:   19683480 kB
Buffers:          467676 kB
Cached:          7494740 kB
SwapCached:            0 kB
Active:         12304092 kB
Inactive:        3151064 kB
Active(anon):    9065000 kB
Inactive(anon):        0 kB
Active(file):    3239092 kB
Inactive(file):  3151064 kB
Unevictable:     1837496 kB
Mlocked:             264 kB
SwapTotal:      32226300 kB
SwapFree:       32226300 kB
Zswap:                 0 kB
Zswapped:              0 kB
Dirty:             12292 kB
Writeback:             4 kB
AnonPages:       9291268 kB
Mapped:          1941392 kB
Shmem:           2159744 kB
KReclaimable:     496360 kB
Slab:             918392 kB
SReclaimable:     496360 kB
SUnreclaim:       422032 kB
KernelStack:       38756 kB
PageTables:        94228 kB
SecPageTables:      5420 kB
NFS_Unstable:          0 kB
Bounce:                0 kB
WritebackTmp:          0 kB
CommitLimit:    48497752 kB
Committed_AS:   33907140 kB
VmallocTotal:   34359738367 kB
VmallocUsed:      177904 kB
VmallocChunk:          0 kB
Percpu:            24800 kB
HardwareCorrupted:     0 kB
AnonHugePages:         0 kB
ShmemHugePages:  1730560 kB
ShmemPmdMapped:        0 kB
FileHugePages:      2048 kB
FilePmdMapped:         0 kB
CmaTotal:              0 kB
CmaFree:               0 kB
Unaccepted:            0 kB
Balloon:               0 kB
HugePages_Total:       0
HugePages_Free:        0
HugePages_Rsvd:        0
HugePages_Surp:        0
Hugepagesize:       2048 kB
Hugetlb:               0 kB
DirectMap4k:     1925376 kB
DirectMap2M:    18726912 kB
DirectMap1G:    12582912 kB

/sys/kernel/mm/transparent_hugepage/enabled: always [madvise] never
/sys/kernel/mm/transparent_hugepage/hpage_pmd_size: 2097152
/sys/kernel/mm/transparent_hugepage/defrag (defrag/compaction efforts parameter): always defer defer+madvise [madvise] never

Process Memory:
Virtual Size: 15950484K (peak: 16016124K)
Resident Set Size: 327452K (peak: 327452K) (anon: 269864K, file: 56256K, shmem: 1332K)
Swapped out: 0K
C-Heap outstanding allocations: 65356K, retained: 150787K
glibc malloc tunables: (default)

/proc/sys/kernel/threads-max (system-wide limit on the number of threads): 252595
/proc/sys/vm/max_map_count (maximum number of memory map areas a process may have): 1048576
/proc/sys/vm/swappiness (control to define how aggressively the kernel swaps out anonymous memory): 60
/proc/sys/kernel/pid_max (system-wide limit on number of process identifiers): 4194304

container information not found.
Steal ticks since vm start: 0
Steal ticks percentage since vm start:  0.000

CPU: total 20 (initial active 20) (10 cores per cpu, 2 threads per core) family 6 model 186 stepping 2 microcode 0x6134, cx8, cmov, fxsr, ht, mmx, 3dnowpref, sse, sse2, sse3, ssse3, sse4.1, sse4.2, popcnt, lzcnt, tsc, tscinvbit, avx, avx2, aes, erms, clmul, bmi1, bmi2, adx, sha, fma, vzeroupper, clflush, clflushopt, clwb, serialize, rdtscp, rdpid, fsrm, f16c, pku, ospke, cet_ibt, cet_ss
CPU Model and flags from /proc/cpuinfo:
model name	: 13th Gen Intel(R) Core(TM) i9-13900H
flags		: fpu vme de pse tsc msr pae mce cx8 apic sep mtrr pge mca cmov pat pse36 clflush dts acpi mmx fxsr sse sse2 ss ht tm pbe syscall nx pdpe1gb rdtscp lm constant_tsc art arch_perfmon pebs bts rep_good nopl xtopology nonstop_tsc cpuid aperfmperf tsc_known_freq pni pclmulqdq dtes64 monitor ds_cpl vmx smx est tm2 ssse3 sdbg fma cx16 xtpr pdcm pcid sse4_1 sse4_2 x2apic movbe popcnt tsc_deadline_timer aes xsave avx f16c rdrand lahf_lm abm 3dnowprefetch cpuid_fault epb ssbd ibrs ibpb stibp ibrs_enhanced tpr_shadow flexpriority ept vpid ept_ad fsgsbase tsc_adjust bmi1 avx2 smep bmi2 erms invpcid rdseed adx smap clflushopt clwb intel_pt sha_ni xsaveopt xsavec xgetbv1 xsaves split_lock_detect user_shstk avx_vnni dtherm ida arat pln pts hwp hwp_notify hwp_act_window hwp_epp hwp_pkg_req hfi vnmi umip pku ospke waitpkg gfni vaes vpclmulqdq rdpid movdiri movdir64b fsrm md_clear serialize pconfig arch_lbr ibt flush_l1d arch_capabilities

Online cpus: 0-19
Offline cpus: 
BIOS frequency limitation: <Not Available>
Frequency switch latency (ns): 0
Available cpu frequencies: <Not Available>
Current governor: powersave
Core performance/turbo boost: <Not Available>

Memory: 4k page, physical 32542908k(19715876k free), swap 32226300k(32226300k free)
Page Sizes: 4k

vm_info: OpenJDK 64-Bit Server VM (21.0.10+7-Ubuntu-124.04) for linux-amd64 JRE (21.0.10+7-Ubuntu-124.04), built on 2026-01-22T23:46:23Z by "buildd" with gcc 13.3.0

END.
